260000,360000
260000,365000
260000,370000
255000,355000
255000,370000
250000,350000
250000,370000
245000,335000
245000,340000
245000,345000
245000,370000
240000,305000
240000,310000
240000,315000
240000,320000
240000,325000
240000,330000
240000,370000
235000,270000
235000,275000
235000,285000
235000,295000
235000,300000
235000,370000
235000,375000
230000,245000
230000,250000
230000,255000
230000,260000
230000,265000
230000,275000
230000,280000
230000,285000
230000,290000
230000,360000
230000,365000
230000,370000
230000,375000
225000,240000
225000,285000
225000,290000
225000,355000
220000,240000
220000,350000
215000,225000
215000,235000
215000,340000
215000,345000
210000,215000
210000,220000
210000,225000
210000,230000
210000,320000
210000,325000
210000,330000
210000,335000
205000,205000
205000,210000
205000,225000
205000,230000
205000,315000
200000,200000
200000,310000
195000,195000
195000,310000
195000,315000
195000,320000
195000,325000
190000,170000
190000,175000
190000,180000
190000,185000
190000,190000
190000,195000
190000,295000
190000,300000
190000,305000
190000,325000
185000,160000
185000,165000
185000,265000
185000,290000
185000,305000
185000,310000
185000,315000
185000,320000
185000,325000
180000,135000
180000,140000
180000,145000
180000,155000
180000,190000
180000,260000
180000,265000
180000,270000
180000,275000
180000,280000
180000,285000
175000,-180000
175000,75000
175000,80000
175000,120000
175000,125000
175000,130000
175000,145000
175000,150000
175000,185000
175000,190000
175000,265000
170000,-250000
170000,-245000
170000,-240000
170000,-235000
170000,-230000
170000,-225000
170000,-220000
170000,-215000
170000,-210000
170000,-205000
170000,-200000
170000,-195000
170000,-190000
170000,-185000
170000,-180000
170000,-175000
170000,70000
170000,75000
170000,80000
170000,110000
170000,115000
170000,265000
170000,270000
165000,-270000
165000,-265000
165000,-260000
165000,-255000
165000,-175000
165000,-170000
165000,-160000
165000,-155000
165000,75000
165000,80000
165000,105000
165000,145000
165000,270000
160000,-275000
160000,-205000
160000,-200000
160000,-195000
160000,-190000
160000,-170000
160000,-165000
160000,-155000
160000,75000
160000,80000
160000,85000
160000,105000
160000,140000
160000,145000
160000,270000
160000,275000
155000,-275000
155000,-210000
155000,-205000
155000,-195000
155000,-190000
155000,-185000
155000,-180000
155000,-175000
155000,-170000
155000,-165000
155000,-155000
155000,-150000
155000,-145000
155000,75000
155000,85000
155000,90000
155000,95000
155000,100000
155000,275000
155000,280000
155000,290000
155000,295000
150000,-275000
150000,-205000
150000,-200000
150000,-195000
150000,-190000
150000,-185000
150000,-180000
150000,-175000
150000,-165000
150000,-160000
150000,-155000
150000,-150000
150000,-145000
150000,75000
150000,80000
150000,280000
150000,285000
150000,295000
150000,300000
145000,-320000
145000,-315000
145000,-275000
145000,-175000
145000,70000
145000,80000
145000,300000
145000,305000
140000,-325000
140000,-315000
140000,-280000
140000,-275000
140000,-175000
140000,65000
140000,70000
140000,75000
140000,80000
140000,305000
135000,-325000
135000,-320000
135000,-315000
135000,-310000
135000,-305000
135000,-285000
135000,-190000
135000,-180000
135000,60000
135000,305000
135000,310000
135000,315000
130000,-320000
130000,-315000
130000,-305000
130000,-300000
130000,-285000
130000,-195000
130000,-190000
130000,-185000
130000,-180000
130000,-10000
130000,50000
130000,55000
130000,60000
130000,305000
130000,315000
130000,320000
130000,325000
125000,-315000
125000,-310000
125000,-305000
125000,-300000
125000,-285000
125000,-180000
125000,-175000
125000,-170000
125000,-40000
125000,-35000
125000,-30000
125000,-25000
125000,-15000
125000,-10000
125000,-5000
125000,45000
125000,300000
125000,305000
125000,310000
125000,315000
125000,325000
125000,330000
120000,-305000
120000,-300000
120000,-295000
120000,-290000
120000,-170000
120000,-165000
120000,-160000
120000,-85000
120000,-45000
120000,-25000
120000,-10000
120000,-5000
120000,0
120000,5000
120000,10000
120000,20000
120000,30000
120000,35000
120000,40000
120000,60000
120000,65000
120000,300000
120000,315000
120000,320000
120000,325000
120000,330000
115000,-305000
115000,-300000
115000,-160000
115000,-95000
115000,-90000
115000,-85000
115000,-80000
115000,-55000
115000,-45000
115000,-40000
115000,-25000
115000,-20000
115000,-15000
115000,-10000
115000,-5000
115000,10000
115000,15000
115000,20000
115000,25000
115000,35000
115000,40000
115000,55000
115000,65000
115000,285000
115000,290000
115000,295000
110000,-300000
110000,-160000
110000,-155000
110000,-150000
110000,-145000
110000,-135000
110000,-130000
110000,-125000
110000,-120000
110000,-115000
110000,-110000
110000,-105000
110000,-100000
110000,-80000
110000,-75000
110000,-60000
110000,-55000
110000,-40000
110000,-35000
110000,-25000
110000,-20000
110000,-10000
110000,-5000
110000,15000
110000,25000
110000,35000
110000,40000
110000,50000
110000,55000
110000,60000
110000,280000
110000,290000
110000,295000
105000,-300000
105000,-145000
105000,-140000
105000,-120000
105000,-115000
105000,-110000
105000,-105000
105000,-75000
105000,-70000
105000,-65000
105000,-55000
105000,-35000
105000,-30000
105000,-20000
105000,-15000
105000,-10000
105000,-5000
105000,5000
105000,10000
105000,25000
105000,30000
105000,35000
105000,40000
105000,280000
105000,290000
105000,295000
100000,-305000
100000,-125000
100000,-120000
100000,-115000
100000,-110000
100000,-105000
100000,-55000
100000,-40000
100000,-35000
100000,-5000
100000,0
100000,5000
100000,10000
100000,20000
100000,280000
95000,-310000
95000,-55000
95000,-50000
95000,-45000
95000,-40000
95000,-20000
95000,-15000
95000,5000
95000,10000
95000,15000
95000,25000
95000,45000
95000,275000
90000,-315000
90000,-45000
90000,-25000
90000,-20000
90000,-15000
90000,5000
90000,20000
90000,25000
90000,40000
90000,45000
90000,275000
85000,-320000
85000,-55000
85000,-50000
85000,5000
85000,10000
85000,15000
85000,25000
85000,30000
85000,40000
85000,45000
85000,275000
80000,-325000
80000,-65000
80000,-60000
80000,15000
80000,20000
80000,25000
80000,30000
80000,35000
80000,40000
80000,45000
80000,270000
80000,275000
75000,-330000
75000,-85000
75000,-75000
75000,-70000
75000,10000
75000,15000
75000,20000
75000,35000
75000,265000
70000,-340000
70000,-335000
70000,-90000
70000,-85000
70000,-80000
70000,35000
70000,40000
70000,260000
65000,-345000
65000,-100000
65000,-95000
65000,-90000
65000,40000
65000,45000
65000,50000
65000,55000
65000,255000
60000,-355000
60000,-350000
60000,-105000
60000,55000
60000,60000
60000,255000
55000,-360000
55000,-110000
55000,-105000
55000,60000
55000,255000
50000,-365000
50000,-120000
50000,-115000
50000,-110000
50000,-105000
50000,60000
50000,255000
45000,-365000
45000,-360000
45000,-355000
45000,-125000
45000,-120000
45000,-115000
45000,60000
45000,75000
45000,145000
45000,150000
45000,155000
45000,160000
45000,165000
45000,170000
45000,180000
45000,200000
45000,205000
45000,255000
40000,-355000
40000,-135000
40000,-130000
40000,60000
40000,70000
40000,75000
40000,120000
40000,125000
40000,140000
40000,170000
40000,175000
40000,180000
40000,195000
40000,205000
40000,210000
40000,215000
40000,255000
35000,-355000
35000,-140000
35000,55000
35000,115000
35000,120000
35000,125000
35000,130000
35000,135000
35000,140000
35000,175000
35000,180000
35000,195000
35000,215000
35000,220000
35000,230000
35000,235000
35000,240000
35000,245000
35000,250000
30000,-355000
30000,-145000
30000,-140000
30000,-120000
30000,-115000
30000,-110000
30000,50000
30000,55000
30000,60000
30000,65000
30000,70000
30000,115000
30000,120000
30000,170000
30000,175000
30000,180000
30000,195000
30000,200000
30000,205000
30000,210000
30000,220000
30000,225000
30000,230000
30000,245000
30000,250000
30000,255000
30000,415000
25000,-355000
25000,-140000
25000,-135000
25000,-130000
25000,-125000
25000,-110000
25000,-105000
25000,-100000
25000,70000
25000,75000
25000,80000
25000,95000
25000,100000
25000,105000
25000,110000
25000,165000
25000,170000
25000,205000
25000,210000
25000,220000
25000,225000
25000,230000
25000,245000
25000,250000
25000,255000
25000,410000
25000,415000
20000,-360000
20000,-100000
20000,-95000
20000,80000
20000,90000
20000,160000
20000,165000
20000,185000
20000,190000
20000,195000
20000,200000
20000,405000
20000,410000
20000,415000
15000,-360000
15000,-95000
15000,-60000
15000,-55000
15000,80000
15000,85000
15000,165000
15000,180000
15000,205000
15000,215000
15000,220000
15000,230000
15000,340000
15000,400000
15000,405000
15000,410000
10000,-365000
10000,-95000
10000,-90000
10000,-85000
10000,-70000
10000,-65000
10000,-55000
10000,160000
10000,165000
10000,180000
10000,185000
10000,190000
10000,200000
10000,205000
10000,210000
10000,230000
10000,335000
10000,340000
10000,365000
10000,390000
10000,395000
10000,410000
5000,-365000
5000,-85000
5000,-80000
5000,-75000
5000,-70000
5000,-65000
5000,-60000
5000,95000
5000,100000
5000,105000
5000,110000
5000,145000
5000,165000
5000,170000
5000,190000
5000,195000
5000,200000
5000,205000
5000,220000
5000,225000
5000,305000
5000,330000
5000,335000
5000,340000
5000,360000
5000,365000
5000,375000
5000,385000
5000,405000
5000,410000
0,-365000
0,-60000
0,90000
0,110000
0,115000
0,140000
0,145000
0,160000
0,165000
0,170000
0,215000
0,220000
0,225000
0,230000
0,235000
0,300000
0,305000
0,335000
0,340000
0,355000
0,360000
0,370000
0,375000
0,380000
0,385000
0,400000
-5000,-365000
-5000,-60000
-5000,-55000
-5000,25000
-5000,85000
-5000,90000
-5000,115000
-5000,120000
-5000,130000
-5000,135000
-5000,140000
-5000,145000
-5000,150000
-5000,155000
-5000,235000
-5000,330000
-5000,335000
-5000,385000
-5000,390000
-5000,395000
-10000,-365000
-10000,-55000
-10000,20000
-10000,25000
-10000,90000
-10000,120000
-10000,125000
-10000,235000
-10000,240000
-10000,395000
-15000,-370000
-15000,-55000
-15000,80000
-15000,85000
-15000,240000
-15000,390000
-15000,395000
-20000,-370000
-20000,-55000
-20000,75000
-20000,240000
-20000,480000
-25000,-380000
-25000,-375000
-25000,-370000
-25000,-55000
-25000,70000
-25000,240000
-25000,245000
-25000,475000
-25000,480000
-30000,-400000
-30000,-395000
-30000,-390000
-30000,-385000
-30000,-55000
-30000,40000
-30000,45000
-30000,50000
-30000,55000
-30000,60000
-30000,65000
-30000,245000
-30000,250000
-30000,280000
-35000,-60000
-35000,30000
-35000,35000
-35000,60000
-35000,65000
-35000,250000
-35000,255000
-35000,275000
-35000,280000
-35000,285000
-35000,355000
-40000,-60000
-40000,-55000
-40000,20000
-40000,25000
-40000,255000
-40000,260000
-40000,265000
-40000,270000
-40000,275000
-40000,280000
-40000,285000
-40000,350000
-40000,355000
-45000,-55000
-45000,15000
-45000,285000
-45000,290000
-45000,300000
-50000,-60000
-50000,10000
-50000,290000
-50000,295000
-50000,300000
-50000,305000
-55000,-65000
-55000,-60000
-55000,10000
-55000,305000
-55000,500000
-60000,-70000
-60000,5000
-60000,305000
-60000,310000
-60000,495000
-60000,500000
-65000,-70000
-65000,-65000
-65000,-5000
-65000,0
-65000,310000
-65000,315000
-65000,320000
-65000,325000
-70000,-65000
-70000,-60000
-70000,-55000
-70000,-50000
-70000,-10000
-70000,325000
-70000,330000
-70000,335000
-70000,340000
-70000,345000
-70000,350000
-75000,-50000
-75000,-45000
-75000,-15000
-75000,-10000
-75000,350000
-75000,355000
-75000,360000
-80000,-45000
-80000,-40000
-80000,-35000
-80000,-30000
-80000,-25000
-80000,-20000
-80000,360000
-80000,365000
-85000,365000
-85000,370000
-85000,375000
-90000,375000
-90000,380000
-95000,380000
-95000,385000
-100000,385000
-100000,390000
-105000,390000
-105000,395000
-105000,400000
-110000,400000
-110000,405000
-115000,405000
-115000,410000
-120000,410000
-120000,415000
-125000,415000
-125000,420000
-130000,420000
-130000,425000
-135000,425000
-135000,430000
-140000,430000
-140000,435000
-145000,435000
-145000,440000
-150000,440000
-150000,445000
-150000,450000
-155000,450000
-155000,455000
-160000,455000
-165000,455000
-165000,460000
-165000,465000
-170000,465000
-170000,470000
-170000,475000
-170000,480000
-175000,480000
-175000,485000
-180000,485000
-180000,490000
-185000,490000
-190000,490000
-190000,495000
-190000,500000
-335000,65000
-340000,60000
-340000,65000
-340000,70000
-340000,75000
-345000,-80000
-345000,-75000
-345000,-70000
-345000,-65000
-345000,-60000
-345000,-55000
-345000,-50000
-345000,-45000
-345000,-15000
-345000,55000
-345000,75000
-350000,-90000
-350000,-85000
-350000,-45000
-350000,-40000
-350000,-35000
-350000,-30000
-350000,-25000
-350000,-20000
-350000,-15000
-350000,-10000
-350000,-5000
-350000,0
-350000,5000
-350000,10000
-350000,15000
-350000,20000
-350000,25000
-350000,30000
-350000,35000
-350000,40000
-350000,45000
-350000,50000
-350000,70000
-355000,-100000
-355000,-95000
-355000,70000
-355000,75000
-360000,-120000
-360000,-115000
-360000,-110000
-360000,-105000
-360000,75000
-360000,80000
-365000,-140000
-365000,-135000
-365000,-130000
-365000,-125000
-365000,80000
-370000,-145000
-370000,80000
-370000,85000
-370000,145000
-375000,-160000
-375000,-155000
-375000,-150000
-375000,85000
-375000,90000
-375000,95000
-375000,135000
-375000,140000
-375000,145000
-375000,150000
-375000,155000
-380000,-165000
-380000,95000
-380000,100000
-380000,105000
-380000,120000
-380000,125000
-380000,130000
-380000,155000
-385000,-165000
-385000,105000
-385000,110000
-385000,115000
-385000,155000
-385000,160000
-390000,-180000
-390000,-175000
-390000,-170000
-390000,160000
-395000,-185000
-395000,160000
-400000,-195000
-400000,-190000
-400000,160000
258000,360000
258000,362000
258000,364000
258000,366000
258000,368000
258000,370000
256000,354000
256000,358000
256000,370000
256000,372000
254000,352000
254000,354000
254000,356000
254000,372000
252000,350000
252000,372000
250000,350000
250000,372000
248000,350000
248000,370000
248000,372000
246000,346000
246000,348000
246000,350000
246000,372000
244000,318000
244000,340000
244000,342000
244000,344000
244000,372000
242000,316000
242000,318000
242000,334000
242000,336000
242000,338000
242000,372000
240000,314000
240000,316000
240000,328000
240000,330000
240000,332000
240000,372000
240000,374000
238000,310000
238000,312000
238000,314000
238000,316000
238000,318000
238000,324000
238000,326000
238000,374000
236000,302000
236000,304000
236000,306000
236000,308000
236000,318000
236000,320000
236000,322000
236000,374000
236000,376000
234000,298000
234000,300000
234000,376000
234000,378000
232000,270000
232000,272000
232000,274000
232000,284000
232000,286000
232000,288000
232000,296000
232000,378000
230000,266000
230000,268000
230000,274000
230000,276000
230000,278000
230000,280000
230000,282000
230000,288000
230000,294000
230000,364000
230000,366000
230000,368000
230000,370000
230000,372000
230000,378000
228000,246000
228000,248000
228000,250000
228000,252000
228000,254000
228000,256000
228000,258000
228000,260000
228000,262000
228000,264000
228000,288000
228000,290000
228000,292000
228000,360000
228000,362000
228000,372000
228000,374000
228000,376000
226000,244000
226000,358000
224000,242000
224000,356000
222000,242000
222000,354000
220000,240000
220000,348000
220000,350000
220000,352000
218000,240000
218000,346000
216000,238000
216000,346000
214000,236000
214000,344000
212000,224000
212000,234000
212000,340000
212000,342000
210000,220000
210000,222000
210000,224000
210000,226000
210000,228000
210000,234000
210000,332000
210000,334000
210000,336000
210000,338000
208000,216000
208000,218000
208000,228000
208000,232000
208000,318000
208000,320000
208000,322000
208000,324000
208000,326000
208000,328000
208000,330000
206000,214000
206000,228000
206000,230000
206000,232000
206000,316000
204000,210000
204000,212000
204000,314000
202000,206000
202000,208000
202000,314000
200000,204000
200000,312000
198000,202000
198000,312000
196000,200000
196000,312000
194000,198000
194000,312000
194000,314000
194000,316000
194000,318000
194000,320000
194000,322000
194000,324000
192000,196000
192000,304000
192000,324000
192000,326000
190000,176000
190000,178000
190000,180000
190000,182000
190000,184000
190000,186000
190000,196000
190000,302000
190000,304000
190000,326000
190000,328000
188000,170000
188000,172000
188000,174000
188000,186000
188000,188000
188000,190000
188000,194000
188000,296000
188000,298000
188000,300000
188000,304000
188000,328000
186000,166000
186000,168000
186000,190000
186000,192000
186000,194000
186000,292000
186000,294000
186000,304000
186000,306000
186000,326000
186000,328000
184000,162000
184000,164000
184000,192000
184000,194000
184000,264000
184000,290000
184000,306000
184000,308000
184000,310000
184000,312000
184000,314000
184000,316000
184000,322000
184000,324000
182000,160000
182000,262000
182000,264000
182000,266000
182000,288000
182000,316000
182000,318000
182000,320000
180000,158000
180000,192000
180000,264000
180000,266000
180000,268000
180000,270000
180000,272000
180000,274000
180000,276000
180000,278000
180000,280000
180000,282000
180000,284000
180000,286000
178000,156000
178000,190000
178000,192000
178000,264000
178000,266000
176000,78000
176000,128000
176000,130000
176000,132000
176000,134000
176000,136000
176000,138000
176000,140000
176000,142000
176000,144000
176000,146000
176000,154000
176000,188000
176000,190000
176000,266000
174000,-254000
174000,-216000
174000,-182000
174000,-180000
174000,76000
174000,78000
174000,122000
174000,124000
174000,126000
174000,146000
174000,148000
174000,152000
174000,186000
174000,188000
174000,266000
172000,-256000
172000,-254000
172000,-252000
172000,-218000
172000,-216000
172000,-184000
172000,-180000
172000,-178000
172000,74000
172000,78000
172000,80000
172000,82000
172000,118000
172000,120000
172000,148000
172000,150000
172000,266000
172000,268000
170000,-254000
170000,-252000
170000,-220000
170000,-216000
170000,-206000
170000,-204000
170000,-202000
170000,-200000
170000,-184000
170000,-178000
170000,74000
170000,82000
170000,116000
170000,268000
168000,-254000
168000,-252000
168000,-244000
168000,-242000
168000,-240000
168000,-238000
168000,-236000
168000,-224000
168000,-222000
168000,-218000
168000,-216000
168000,-208000
168000,-200000
168000,-198000
168000,-196000
168000,-194000
168000,-188000
168000,-186000
168000,-178000
168000,-176000
168000,74000
168000,80000
168000,112000
168000,114000
168000,268000
168000,270000
166000,-254000
166000,-252000
166000,-250000
166000,-248000
166000,-246000
166000,-236000
166000,-234000
166000,-232000
166000,-230000
166000,-228000
166000,-226000
166000,-216000
166000,-214000
166000,-212000
166000,-210000
166000,-194000
166000,-192000
166000,-190000
166000,-176000
166000,-174000
166000,-172000
166000,-170000
166000,74000
166000,80000
166000,110000
166000,270000
164000,-260000
164000,-258000
164000,-256000
164000,-254000
164000,-170000
164000,-168000
164000,74000
164000,80000
164000,108000
164000,270000
164000,272000
162000,-270000
162000,-268000
162000,-266000
162000,-264000
162000,-262000
162000,-168000
162000,-162000
162000,-160000
162000,-158000
162000,-156000
162000,-154000
162000,74000
162000,76000
162000,80000
162000,106000
162000,146000
162000,272000
160000,-272000
160000,-168000
160000,-166000
160000,-164000
160000,-154000
160000,76000
160000,80000
160000,82000
160000,104000
160000,144000
160000,146000
160000,272000
160000,274000
158000,-274000
158000,-208000
158000,-206000
158000,-204000
158000,-202000
158000,-200000
158000,-198000
158000,-196000
158000,-194000
158000,-154000
158000,76000
158000,82000
158000,84000
158000,102000
158000,140000
158000,142000
158000,144000
158000,274000
156000,-274000
156000,-210000
156000,-208000
156000,-194000
156000,-192000
156000,-190000
156000,-188000
156000,-156000
156000,-154000
156000,76000
156000,84000
156000,100000
156000,138000
156000,140000
156000,274000
156000,276000
154000,-274000
154000,-272000
154000,-208000
154000,-206000
154000,-188000
154000,-186000
154000,-184000
154000,-182000
154000,-180000
154000,-154000
154000,68000
154000,76000
154000,84000
154000,98000
154000,276000
154000,278000
154000,284000
154000,286000
154000,288000
154000,290000
154000,292000
152000,-272000
152000,-206000
152000,-204000
152000,-198000
152000,-196000
152000,-194000
152000,-192000
152000,-180000
152000,-178000
152000,-176000
152000,-174000
152000,-172000
152000,-170000
152000,-168000
152000,-166000
152000,-164000
152000,-162000
152000,-154000
152000,-150000
152000,-148000
152000,-146000
152000,66000
152000,68000
152000,76000
152000,78000
152000,84000
152000,86000
152000,90000
152000,94000
152000,96000
152000,278000
152000,280000
152000,282000
152000,292000
152000,294000
150000,-272000
150000,-204000
150000,-202000
150000,-200000
150000,-192000
150000,-190000
150000,-188000
150000,-186000
150000,-162000
150000,-160000
150000,-158000
150000,-156000
150000,-154000
150000,-152000
150000,-148000
150000,-146000
150000,66000
150000,68000
150000,70000
150000,72000
150000,78000
150000,86000
150000,88000
150000,90000
150000,92000
150000,280000
150000,282000
150000,294000
150000,296000
150000,298000
148000,-272000
148000,-202000
148000,-200000
148000,-186000
148000,-184000
148000,-182000
148000,-180000
148000,-178000
148000,-176000
148000,-152000
148000,-150000
148000,68000
148000,72000
148000,74000
148000,78000
148000,80000
148000,86000
148000,88000
148000,298000
148000,300000
146000,-272000
146000,-176000
146000,68000
146000,70000
146000,74000
146000,80000
146000,84000
146000,86000
146000,300000
146000,302000
144000,-320000
144000,-318000
144000,-316000
144000,-314000
144000,-274000
144000,-176000
144000,-174000
144000,70000
144000,74000
144000,80000
144000,82000
144000,84000
144000,302000
144000,304000
142000,-322000
142000,-314000
142000,-306000
142000,-274000
142000,-174000
142000,-172000
142000,68000
142000,72000
142000,74000
142000,84000
142000,304000
142000,306000
140000,-322000
140000,-314000
140000,-312000
140000,-308000
140000,-306000
140000,-274000
140000,-174000
140000,-172000
140000,66000
140000,68000
140000,74000
140000,76000
140000,80000
140000,82000
140000,306000
138000,-324000
138000,-312000
138000,-308000
138000,-306000
138000,-280000
138000,-276000
138000,-214000
138000,-176000
138000,64000
138000,76000
138000,78000
138000,306000
138000,308000
136000,-324000
136000,-322000
136000,-312000
136000,-308000
136000,-306000
136000,-282000
136000,-280000
136000,-278000
136000,-216000
136000,-214000
136000,-188000
136000,-186000
136000,-184000
136000,-182000
136000,-180000
136000,-178000
136000,62000
136000,304000
136000,306000
136000,308000
136000,310000
134000,-322000
134000,-320000
134000,-312000
134000,-310000
134000,-306000
134000,-280000
134000,-216000
134000,-214000
134000,-192000
134000,-190000
134000,62000
134000,304000
134000,306000
134000,310000
134000,312000
134000,314000
132000,-320000
132000,-306000
132000,-304000
132000,-302000
132000,-280000
132000,-194000
132000,62000
132000,306000
132000,314000
132000,316000
130000,-320000
130000,-318000
130000,-302000
130000,-300000
130000,-282000
130000,-196000
130000,-194000
130000,-184000
130000,-182000
130000,-10000
130000,60000
130000,304000
130000,306000
130000,316000
130000,318000
130000,320000
128000,-318000
128000,-316000
128000,-314000
128000,-300000
128000,-298000
128000,-282000
128000,-194000
128000,-192000
128000,-190000
128000,-188000
128000,-186000
128000,-182000
128000,-180000
128000,-12000
128000,-10000
128000,-8000
128000,52000
128000,54000
128000,56000
128000,58000
128000,304000
128000,306000
128000,320000
128000,322000
128000,324000
126000,-314000
126000,-312000
126000,-310000
126000,-298000
126000,-284000
126000,-206000
126000,-204000
126000,-180000
126000,-178000
126000,-176000
126000,-174000
126000,-172000
126000,-40000
126000,-12000
126000,-8000
126000,-6000
126000,46000
126000,48000
126000,50000
126000,304000
126000,306000
126000,308000
126000,310000
126000,324000
126000,326000
126000,328000
124000,-310000
124000,-308000
124000,-300000
124000,-286000
124000,-208000
124000,-206000
124000,-204000
124000,-172000
124000,-44000
124000,-42000
124000,-40000
124000,-38000
124000,-36000
124000,-32000
124000,-12000
124000,-6000
124000,44000
124000,72000
124000,302000
124000,310000
124000,312000
124000,328000
124000,330000
122000,-308000
122000,-306000
122000,-304000
122000,-300000
122000,-286000
122000,-172000
122000,-170000
122000,-48000
122000,-46000
122000,-44000
122000,-36000
122000,-34000
122000,-32000
122000,-30000
122000,-28000
122000,-26000
122000,-12000
122000,-10000
122000,-6000
122000,-4000
122000,2000
122000,42000
122000,70000
122000,72000
122000,300000
122000,312000
122000,314000
122000,330000
120000,-304000
120000,-300000
120000,-298000
120000,-288000
120000,-170000
120000,-168000
120000,-166000
120000,-52000
120000,-50000
120000,-48000
120000,-44000
120000,-26000
120000,-24000
120000,-18000
120000,-14000
120000,-12000
120000,-10000
120000,-4000
120000,0
120000,2000
120000,4000
120000,6000
120000,18000
120000,20000
120000,30000
120000,40000
120000,68000
120000,70000
120000,300000
120000,314000
120000,316000
120000,330000
120000,332000
118000,-304000
118000,-298000
118000,-296000
118000,-294000
118000,-290000
118000,-166000
118000,-164000
118000,-162000
118000,-160000
118000,-84000
118000,-54000
118000,-52000
118000,-46000
118000,-24000
118000,-20000
118000,-18000
118000,-14000
118000,-8000
118000,-4000
118000,-2000
118000,6000
118000,8000
118000,10000
118000,16000
118000,20000
118000,22000
118000,26000
118000,28000
118000,30000
118000,32000
118000,34000
118000,36000
118000,40000
118000,66000
118000,70000
118000,300000
118000,316000
118000,318000
118000,320000
118000,328000
118000,332000
116000,-304000
116000,-302000
116000,-294000
116000,-290000
116000,-160000
116000,-86000
116000,-84000
116000,-58000
116000,-46000
116000,-36000
116000,-34000
116000,-24000
116000,-22000
116000,-18000
116000,-14000
116000,-10000
116000,-8000
116000,-6000
116000,-4000
116000,2000
116000,10000
116000,12000
116000,16000
116000,18000
116000,22000
116000,24000
116000,36000
116000,38000
116000,40000
116000,60000
116000,62000
116000,64000
116000,68000
116000,292000
116000,294000
116000,300000
116000,320000
116000,322000
116000,324000
116000,326000
116000,328000
116000,330000
116000,332000
114000,-302000
114000,-300000
114000,-294000
114000,-292000
114000,-160000
114000,-96000
114000,-86000
114000,-84000
114000,-60000
114000,-58000
114000,-56000
114000,-54000
114000,-46000
114000,-44000
114000,-40000
114000,-38000
114000,-34000
114000,-22000
114000,-20000
114000,-18000
114000,-16000
114000,-14000
114000,-12000
114000,-10000
114000,-8000
114000,-6000
114000,-2000
114000,0
114000,2000
114000,12000
114000,14000
114000,16000
114000,18000
114000,22000
114000,24000
114000,38000
114000,40000
114000,58000
114000,66000
114000,286000
114000,288000
114000,290000
114000,294000
114000,298000
112000,-300000
112000,-294000
112000,-160000
112000,-158000
112000,-98000
112000,-96000
112000,-94000
112000,-92000
112000,-90000
112000,-88000
112000,-84000
112000,-82000
112000,-80000
112000,-78000
112000,-58000
112000,-54000
112000,-44000
112000,-42000
112000,-40000
112000,-38000
112000,-34000
112000,-22000
112000,-20000
112000,-16000
112000,-14000
112000,-12000
112000,-8000
112000,-6000
112000,-4000
112000,-2000
112000,0
112000,2000
112000,12000
112000,14000
112000,18000
112000,20000
112000,22000
112000,24000
112000,26000
112000,36000
112000,38000
112000,40000
112000,56000
112000,62000
112000,64000
112000,284000
112000,292000
112000,298000
110000,-300000
110000,-296000
110000,-294000
110000,-158000
110000,-156000
110000,-154000
110000,-152000
110000,-122000
110000,-120000
110000,-118000
110000,-116000
110000,-114000
110000,-112000
110000,-110000
110000,-108000
110000,-106000
110000,-104000
110000,-102000
110000,-100000
110000,-86000
110000,-84000
110000,-78000
110000,-76000
110000,-74000
110000,-60000
110000,-58000
110000,-54000
110000,-52000
110000,-40000
110000,-38000
110000,-36000
110000,-8000
110000,-6000
110000,-4000
110000,10000
110000,12000
110000,14000
110000,16000
110000,20000
110000,22000
110000,26000
110000,30000
110000,32000
110000,34000
110000,36000
110000,38000
110000,40000
110000,54000
110000,58000
110000,60000
110000,284000
110000,292000
110000,298000
108000,-300000
108000,-298000
108000,-152000
108000,-150000
108000,-148000
108000,-146000
108000,-132000
108000,-130000
108000,-128000
108000,-126000
108000,-124000
108000,-86000
108000,-84000
108000,-78000
108000,-76000
108000,-74000
108000,-72000
108000,-62000
108000,-60000
108000,-58000
108000,-52000
108000,-36000
108000,-32000
108000,-26000
108000,-24000
108000,-22000
108000,-20000
108000,-10000
108000,-8000
108000,-6000
108000,-4000
108000,8000
108000,10000
108000,12000
108000,14000
108000,16000
108000,26000
108000,28000
108000,30000
108000,32000
108000,36000
108000,38000
108000,40000
108000,42000
108000,52000
108000,54000
108000,56000
108000,282000
108000,290000
108000,292000
108000,298000
106000,-298000
106000,-146000
106000,-144000
106000,-142000
106000,-140000
106000,-138000
106000,-134000
106000,-80000
106000,-78000
106000,-76000
106000,-72000
106000,-60000
106000,-58000
106000,-52000
106000,-36000
106000,-34000
106000,-32000
106000,-28000
106000,-26000
106000,-24000
106000,-20000
106000,-18000
106000,-16000
106000,-14000
106000,-10000
106000,-8000
106000,10000
106000,26000
106000,32000
106000,36000
106000,38000
106000,42000
106000,282000
106000,292000
106000,294000
106000,296000
104000,-300000
104000,-138000
104000,-136000
104000,-126000
104000,-110000
104000,-72000
104000,-70000
104000,-62000
104000,-52000
104000,-32000
104000,-30000
104000,-28000
104000,-26000
104000,-24000
104000,-14000
104000,-12000
104000,-10000
104000,-8000
104000,10000
104000,14000
104000,24000
104000,32000
104000,34000
104000,38000
104000,40000
104000,42000
104000,280000
104000,294000
104000,296000
102000,-302000
102000,-128000
102000,-126000
102000,-120000
102000,-114000
102000,-112000
102000,-110000
102000,-108000
102000,-106000
102000,-104000
102000,-70000
102000,-68000
102000,-66000
102000,-64000
102000,-62000
102000,-54000
102000,-36000
102000,-32000
102000,-30000
102000,-28000
102000,-18000
102000,-16000
102000,-14000
102000,-12000
102000,-8000
102000,-6000
102000,-2000
102000,4000
102000,6000
102000,10000
102000,12000
102000,14000
102000,24000
102000,34000
102000,36000
102000,40000
102000,42000
102000,280000
100000,-304000
100000,-122000
100000,-120000
100000,-116000
100000,-114000
100000,-112000
100000,-104000
100000,-102000
100000,-100000
100000,-98000
100000,-96000
100000,-64000
100000,-62000
100000,-54000
100000,-52000
100000,-50000
100000,-38000
100000,-36000
100000,-34000
100000,-30000
100000,-20000
100000,-18000
100000,-14000
100000,-12000
100000,-10000
100000,-8000
100000,-6000
100000,-4000
100000,-2000
100000,2000
100000,6000
100000,8000
100000,10000
100000,12000
100000,14000
100000,22000
100000,32000
100000,34000
100000,36000
100000,40000
100000,42000
100000,280000
98000,-306000
98000,-112000
98000,-110000
98000,-108000
98000,-106000
98000,-104000
98000,-102000
98000,-100000
98000,-98000
98000,-96000
98000,-50000
98000,-40000
98000,-36000
98000,-34000
98000,-32000
98000,-30000
98000,-28000
98000,-26000
98000,-20000
98000,-18000
98000,-12000
98000,-10000
98000,-8000
98000,-6000
98000,-4000
98000,-2000
98000,0
98000,2000
98000,8000
98000,14000
98000,18000
98000,22000
98000,30000
98000,32000
98000,34000
98000,36000
98000,40000
98000,42000
98000,44000
98000,280000
96000,-308000
96000,-52000
96000,-40000
96000,-38000
96000,-36000
96000,-32000
96000,-30000
96000,-28000
96000,-26000
96000,-20000
96000,-18000
96000,-14000
96000,-12000
96000,-10000
96000,-8000
96000,-6000
96000,-4000
96000,8000
96000,14000
96000,16000
96000,18000
96000,20000
96000,22000
96000,32000
96000,34000
96000,36000
96000,40000
96000,42000
96000,44000
96000,280000
94000,-310000
94000,-52000
94000,-42000
94000,-40000
94000,-38000
94000,-36000
94000,-34000
94000,-32000
94000,-30000
94000,-22000
94000,-20000
94000,-18000
94000,-16000
94000,-14000
94000,-8000
94000,-6000
94000,8000
94000,10000
94000,20000
94000,22000
94000,24000
94000,26000
94000,36000
94000,42000
94000,44000
94000,278000
92000,-310000
92000,-52000
92000,-50000
92000,-48000
92000,-46000
92000,-44000
92000,-42000
92000,-36000
92000,-34000
92000,-32000
92000,-30000
92000,-24000
92000,-22000
92000,-20000
92000,-18000
92000,-16000
92000,-14000
92000,-12000
92000,-10000
92000,-8000
92000,-6000
92000,8000
92000,10000
92000,12000
92000,14000
92000,20000
92000,22000
92000,26000
92000,34000
92000,36000
92000,44000
92000,278000
90000,-312000
90000,-42000
90000,-24000
90000,-22000
90000,-20000
90000,-18000
90000,-16000
90000,6000
90000,10000
90000,14000
90000,20000
90000,22000
90000,26000
90000,38000
90000,42000
90000,44000
90000,46000
90000,278000
88000,-314000
88000,-46000
88000,-44000
88000,-22000
88000,-20000
88000,6000
88000,10000
88000,14000
88000,18000
88000,20000
88000,22000
88000,24000
88000,36000
88000,38000
88000,42000
88000,46000
88000,278000
86000,-316000
86000,-52000
86000,-48000
86000,-40000
86000,-38000
86000,6000
86000,8000
86000,10000
86000,14000
86000,18000
86000,24000
86000,32000
86000,34000
86000,38000
86000,42000
86000,46000
86000,48000
86000,276000
84000,-318000
84000,-54000
84000,-52000
84000,-50000
84000,-48000
84000,-42000
84000,-40000
84000,-38000
84000,14000
84000,16000
84000,22000
84000,24000
84000,30000
84000,32000
84000,34000
84000,36000
84000,38000
84000,42000
84000,46000
84000,48000
84000,276000
82000,-322000
82000,-320000
82000,-62000
82000,-56000
82000,-50000
82000,-48000
82000,-38000
82000,20000
82000,28000
82000,30000
82000,42000
82000,44000
82000,46000
82000,48000
82000,276000
80000,-324000
80000,-66000
80000,-64000
80000,-62000
80000,-58000
80000,-40000
80000,-38000
80000,20000
80000,24000
80000,26000
80000,30000
80000,34000
80000,36000
80000,40000
80000,42000
80000,44000
80000,50000
80000,272000
80000,274000
78000,-326000
78000,-68000
78000,-62000
78000,-60000
78000,18000
78000,22000
78000,28000
78000,32000
78000,36000
78000,48000
78000,50000
78000,270000
76000,-330000
76000,-328000
76000,-70000
76000,16000
76000,20000
76000,22000
76000,28000
76000,30000
76000,36000
76000,38000
76000,52000
76000,268000
76000,270000
74000,-332000
74000,-72000
74000,14000
74000,16000
74000,18000
74000,38000
74000,50000
74000,52000
74000,264000
74000,266000
72000,-334000
72000,-86000
72000,-76000
72000,-74000
72000,36000
72000,46000
72000,54000
72000,262000
70000,-336000
70000,-88000
70000,-86000
70000,-84000
70000,-82000
70000,-80000
70000,-78000
70000,32000
70000,34000
70000,38000
70000,40000
70000,42000
70000,44000
70000,46000
70000,52000
70000,54000
70000,260000
68000,-340000
68000,-338000
68000,-88000
68000,-86000
68000,30000
68000,36000
68000,42000
68000,46000
68000,56000
68000,258000
66000,-342000
66000,-92000
66000,-90000
66000,30000
66000,32000
66000,34000
66000,40000
66000,42000
66000,44000
66000,46000
66000,54000
66000,56000
66000,258000
64000,-344000
64000,-96000
64000,-94000
64000,42000
64000,44000
64000,46000
64000,50000
64000,52000
64000,258000
62000,-348000
62000,-346000
62000,-100000
62000,-98000
62000,44000
62000,46000
62000,48000
62000,52000
62000,258000
60000,-350000
60000,-104000
60000,-102000
60000,52000
60000,54000
60000,56000
60000,58000
60000,258000
58000,-354000
58000,-352000
58000,-106000
58000,58000
58000,258000
56000,-356000
56000,-108000
56000,58000
56000,60000
56000,64000
56000,258000
54000,-358000
54000,-112000
54000,-110000
54000,60000
54000,62000
54000,64000
54000,258000
52000,-360000
52000,-114000
52000,60000
52000,62000
52000,258000
50000,-362000
50000,-114000
50000,-110000
50000,62000
50000,68000
50000,258000
48000,-364000
48000,-118000
48000,-114000
48000,-112000
48000,-110000
48000,62000
48000,66000
48000,68000
48000,258000
46000,-364000
46000,-122000
46000,-120000
46000,-118000
46000,-116000
46000,62000
46000,64000
46000,72000
46000,258000
44000,-366000
44000,-364000
44000,-358000
44000,-356000
44000,-126000
44000,-124000
44000,-120000
44000,-118000
44000,64000
44000,70000
44000,72000
44000,148000
44000,150000
44000,152000
44000,154000
44000,156000
44000,160000
44000,162000
44000,164000
44000,200000
44000,202000
44000,258000
42000,-364000
42000,-362000
42000,-360000
42000,-356000
42000,-354000
42000,-128000
42000,64000
42000,122000
42000,124000
42000,144000
42000,146000
42000,156000
42000,158000
42000,164000
42000,166000
42000,168000
42000,170000
42000,172000
42000,174000
42000,180000
42000,196000
42000,198000
42000,202000
42000,204000
42000,206000
42000,258000
40000,-354000
40000,-132000
40000,-130000
40000,62000
40000,120000
40000,124000
40000,142000
40000,156000
40000,158000
40000,174000
40000,176000
40000,178000
40000,180000
40000,182000
40000,194000
40000,206000
40000,208000
40000,210000
40000,256000
40000,364000
38000,-354000
38000,-134000
38000,-82000
38000,58000
38000,60000
38000,78000
38000,120000
38000,122000
38000,124000
38000,140000
38000,182000
38000,194000
38000,196000
38000,210000
38000,212000
38000,254000
38000,362000
38000,364000
36000,-354000
36000,-136000
36000,-84000
36000,-82000
36000,56000
36000,76000
36000,78000
36000,118000
36000,124000
36000,126000
36000,140000
36000,182000
36000,184000
36000,192000
36000,196000
36000,198000
36000,200000
36000,212000
36000,214000
36000,216000
36000,218000
36000,250000
36000,252000
34000,-356000
34000,-354000
34000,-138000
34000,56000
34000,116000
34000,124000
34000,126000
34000,128000
34000,140000
34000,184000
34000,190000
34000,192000
34000,196000
34000,200000
34000,218000
34000,220000
34000,222000
34000,224000
34000,246000
34000,248000
34000,324000
32000,-354000
32000,-140000
32000,54000
32000,56000
32000,114000
32000,116000
32000,118000
32000,120000
32000,122000
32000,124000
32000,128000
32000,130000
32000,132000
32000,134000
32000,136000
32000,138000
32000,174000
32000,176000
32000,184000
32000,194000
32000,196000
32000,198000
32000,224000
32000,226000
32000,228000
32000,230000
32000,232000
32000,234000
32000,236000
32000,238000
32000,240000
32000,242000
32000,244000
32000,248000
32000,250000
32000,302000
32000,322000
32000,324000
30000,-356000
30000,-354000
30000,-142000
30000,-140000
30000,-94000
30000,-92000
30000,52000
30000,54000
30000,62000
30000,84000
30000,116000
30000,118000
30000,122000
30000,172000
30000,176000
30000,178000
30000,180000
30000,182000
30000,196000
30000,204000
30000,206000
30000,208000
30000,210000
30000,212000
30000,224000
30000,226000
30000,228000
30000,230000
30000,232000
30000,234000
30000,236000
30000,242000
30000,244000
30000,246000
30000,250000
30000,252000
30000,300000
30000,302000
28000,-354000
28000,-140000
28000,-98000
28000,-96000
28000,-94000
28000,-92000
28000,54000
28000,56000
28000,58000
28000,60000
28000,62000
28000,64000
28000,82000
28000,84000
28000,114000
28000,118000
28000,120000
28000,172000
28000,196000
28000,200000
28000,202000
28000,212000
28000,222000
28000,232000
28000,234000
28000,236000
28000,238000
28000,240000
28000,242000
28000,246000
28000,252000
28000,254000
28000,416000
28000,418000
26000,-354000
26000,-140000
26000,-120000
26000,-118000
26000,-116000
26000,-114000
26000,-112000
26000,-110000
26000,-108000
26000,-106000
26000,-102000
26000,-100000
26000,-96000
26000,64000
26000,66000
26000,68000
26000,70000
26000,72000
26000,74000
26000,88000
26000,90000
26000,108000
26000,110000
26000,112000
26000,172000
26000,196000
26000,198000
26000,212000
26000,220000
26000,222000
26000,230000
26000,234000
26000,236000
26000,238000
26000,246000
26000,248000
26000,250000
26000,254000
26000,256000
26000,258000
26000,344000
26000,414000
26000,418000
24000,-356000
24000,-140000
24000,-138000
24000,-136000
24000,-134000
24000,-124000
24000,-122000
24000,-106000
24000,-104000
24000,-98000
24000,74000
24000,76000
24000,78000
24000,86000
24000,88000
24000,90000
24000,104000
24000,106000
24000,170000
24000,208000
24000,210000
24000,212000
24000,218000
24000,230000
24000,250000
24000,252000
24000,254000
24000,258000
24000,308000
24000,342000
24000,344000
24000,412000
24000,414000
24000,418000
22000,-356000
22000,-134000
22000,-132000
22000,-130000
22000,-128000
22000,-126000
22000,-100000
22000,78000
22000,80000
22000,82000
22000,94000
22000,96000
22000,100000
22000,102000
22000,164000
22000,166000
22000,168000
22000,204000
22000,206000
22000,218000
22000,220000
22000,222000
22000,224000
22000,226000
22000,228000
22000,254000
22000,256000
22000,258000
22000,306000
22000,308000
22000,410000
22000,416000
22000,464000
20000,-358000
20000,-100000
20000,-98000
20000,82000
20000,84000
20000,92000
20000,96000
20000,98000
20000,162000
20000,164000
20000,166000
20000,168000
20000,196000
20000,198000
20000,200000
20000,202000
20000,228000
20000,230000
20000,232000
20000,234000
20000,406000
20000,408000
20000,416000
20000,462000
20000,464000
18000,-360000
18000,-358000
18000,-356000
18000,-98000
18000,-96000
18000,82000
18000,84000
18000,88000
18000,90000
18000,92000
18000,168000
18000,190000
18000,192000
18000,194000
18000,226000
18000,228000
18000,230000
18000,232000
18000,234000
18000,320000
18000,410000
18000,414000
16000,-364000
16000,-362000
16000,-360000
16000,-358000
16000,-356000
16000,-96000
16000,-94000
16000,80000
16000,82000
16000,84000
16000,86000
16000,168000
16000,184000
16000,186000
16000,188000
16000,252000
16000,306000
16000,308000
16000,318000
16000,320000
16000,404000
16000,408000
16000,410000
16000,412000
16000,414000
14000,-366000
14000,-362000
14000,-360000
14000,-94000
14000,166000
14000,182000
14000,206000
14000,208000
14000,210000
14000,212000
14000,214000
14000,218000
14000,220000
14000,222000
14000,224000
14000,226000
14000,250000
14000,252000
14000,254000
14000,260000
14000,402000
14000,406000
14000,408000
14000,410000
14000,490000
12000,-366000
12000,-364000
12000,-94000
12000,-92000
12000,-68000
12000,-64000
12000,-60000
12000,-58000
12000,-56000
12000,162000
12000,164000
12000,166000
12000,168000
12000,182000
12000,184000
12000,204000
12000,210000
12000,212000
12000,214000
12000,216000
12000,226000
12000,228000
12000,230000
12000,252000
12000,254000
12000,258000
12000,260000
12000,340000
12000,342000
12000,398000
12000,400000
12000,410000
12000,488000
12000,490000
10000,-364000
10000,-362000
10000,-92000
10000,-90000
10000,-70000
10000,-68000
10000,-66000
10000,-64000
10000,-62000
10000,-58000
10000,-56000
10000,96000
10000,160000
10000,162000
10000,164000
10000,166000
10000,168000
10000,184000
10000,202000
10000,204000
10000,206000
10000,208000
10000,212000
10000,214000
10000,216000
10000,230000
10000,338000
10000,340000
10000,342000
10000,346000
10000,382000
10000,396000
10000,410000
8000,-362000
8000,-90000
8000,-88000
8000,-74000
8000,-70000
8000,-68000
8000,-66000
8000,-60000
8000,-58000
8000,-56000
8000,90000
8000,94000
8000,96000
8000,164000
8000,166000
8000,168000
8000,184000
8000,186000
8000,188000
8000,208000
8000,210000
8000,212000
8000,228000
8000,340000
8000,342000
8000,344000
8000,346000
8000,352000
8000,354000
8000,368000
8000,380000
8000,382000
8000,392000
8000,394000
8000,396000
8000,408000
8000,410000
6000,-362000
6000,-88000
6000,-86000
6000,-84000
6000,-82000
6000,-76000
6000,-74000
6000,-72000
6000,-68000
6000,-66000
6000,-64000
6000,-62000
6000,-56000
6000,82000
6000,88000
6000,90000
6000,144000
6000,168000
6000,170000
6000,188000
6000,190000
6000,192000
6000,194000
6000,196000
6000,198000
6000,200000
6000,202000
6000,204000
6000,206000
6000,216000
6000,226000
6000,350000
6000,352000
6000,354000
6000,362000
6000,366000
6000,368000
6000,378000
6000,380000
6000,386000
6000,388000
6000,390000
6000,406000
6000,408000
6000,410000
4000,-362000
4000,-82000
4000,-78000
4000,-66000
4000,-64000
4000,-62000
4000,-60000
4000,-58000
4000,80000
4000,82000
4000,100000
4000,102000
4000,104000
4000,106000
4000,142000
4000,144000
4000,170000
4000,214000
4000,216000
4000,226000
4000,228000
4000,306000
4000,308000
4000,310000
4000,356000
4000,360000
4000,362000
4000,376000
4000,378000
4000,382000
4000,384000
4000,404000
4000,408000
4000,410000
2000,-364000
2000,-82000
2000,-80000
2000,-78000
2000,-62000
2000,-60000
2000,96000
2000,98000
2000,106000
2000,108000
2000,110000
2000,112000
2000,142000
2000,144000
2000,170000
2000,220000
2000,222000
2000,224000
2000,226000
2000,228000
2000,234000
2000,236000
2000,238000
2000,302000
2000,304000
2000,310000
2000,338000
2000,340000
2000,354000
2000,356000
2000,358000
2000,360000
2000,362000
2000,374000
2000,376000
2000,380000
2000,382000
2000,402000
2000,404000
2000,432000
0,-364000
0,-60000
0,-56000
0,92000
0,94000
0,112000
0,114000
0,116000
0,142000
0,144000
0,168000
0,170000
0,218000
0,220000
0,222000
0,224000
0,226000
0,228000
0,230000
0,232000
0,238000
0,240000
0,300000
0,302000
0,304000
0,306000
0,308000
0,332000
0,334000
0,336000
0,340000
0,356000
0,362000
0,374000
0,376000
0,382000
0,398000
0,400000
0,402000
0,404000
0,406000
0,430000
0,432000
-2000,-364000
-2000,-60000
-2000,-58000
-2000,-56000
-2000,90000
-2000,116000
-2000,118000
-2000,142000
-2000,144000
-2000,146000
-2000,150000
-2000,158000
-2000,160000
-2000,162000
-2000,164000
-2000,166000
-2000,230000
-2000,240000
-2000,298000
-2000,302000
-2000,304000
-2000,330000
-2000,332000
-2000,338000
-2000,340000
-2000,356000
-2000,362000
-2000,382000
-2000,384000
-2000,394000
-2000,396000
-2000,404000
-2000,406000
-4000,-364000
-4000,-58000
-4000,-56000
-4000,88000
-4000,118000
-4000,120000
-4000,138000
-4000,140000
-4000,142000
-4000,146000
-4000,148000
-4000,150000
-4000,156000
-4000,228000
-4000,230000
-4000,232000
-4000,238000
-4000,298000
-4000,300000
-4000,332000
-4000,336000
-4000,354000
-4000,356000
-4000,358000
-4000,360000
-4000,362000
-4000,370000
-4000,372000
-4000,384000
-4000,386000
-4000,392000
-6000,-364000
-6000,-56000
-6000,-54000
-6000,-52000
-6000,88000
-6000,120000
-6000,130000
-6000,136000
-6000,148000
-6000,150000
-6000,152000
-6000,154000
-6000,230000
-6000,232000
-6000,236000
-6000,332000
-6000,334000
-6000,336000
-6000,368000
-6000,370000
-6000,372000
-6000,382000
-6000,386000
-6000,390000
-6000,396000
-8000,-366000
-8000,-52000
-8000,26000
-8000,86000
-8000,88000
-8000,90000
-8000,120000
-8000,122000
-8000,128000
-8000,130000
-8000,132000
-8000,134000
-8000,234000
-8000,236000
-8000,370000
-8000,372000
-8000,380000
-8000,382000
-8000,394000
-8000,396000
-10000,-366000
-10000,-54000
-10000,24000
-10000,26000
-10000,90000
-10000,122000
-10000,124000
-10000,126000
-10000,236000
-10000,238000
-10000,394000
-10000,396000
-12000,-366000
-12000,-54000
-12000,88000
-12000,238000
-12000,240000
-14000,-366000
-14000,-54000
-14000,86000
-14000,240000
-14000,242000
-14000,394000
-16000,-366000
-16000,-54000
-16000,78000
-16000,80000
-16000,82000
-16000,84000
-16000,86000
-16000,240000
-16000,242000
-16000,392000
-16000,394000
-18000,-368000
-18000,-54000
-18000,76000
-18000,238000
-18000,240000
-20000,-368000
-20000,-54000
-20000,-52000
-20000,76000
-20000,240000
-20000,242000
-22000,-368000
-22000,-52000
-22000,-8000
-22000,72000
-22000,74000
-22000,76000
-22000,242000
-24000,-368000
-24000,-52000
-24000,-18000
-24000,-10000
-24000,-8000
-24000,70000
-24000,242000
-24000,244000
-26000,-370000
-26000,-368000
-26000,-52000
-26000,-20000
-26000,-18000
-26000,68000
-26000,244000
-28000,-382000
-28000,-380000
-28000,-378000
-28000,-376000
-28000,-374000
-28000,-372000
-28000,-52000
-28000,68000
-28000,244000
-28000,246000
-30000,-400000
-30000,-398000
-30000,-396000
-30000,-394000
-30000,-392000
-30000,-390000
-30000,-388000
-30000,-386000
-30000,-384000
-30000,-54000
-30000,54000
-30000,56000
-30000,58000
-30000,60000
-30000,68000
-30000,246000
-30000,262000
-32000,-406000
-32000,-404000
-32000,-402000
-32000,-56000
-32000,-54000
-32000,40000
-32000,42000
-32000,44000
-32000,46000
-32000,48000
-32000,50000
-32000,52000
-32000,60000
-32000,62000
-32000,68000
-32000,246000
-32000,248000
-32000,260000
-32000,262000
-32000,280000
-32000,426000
-34000,-410000
-34000,-408000
-34000,-58000
-34000,36000
-34000,38000
-34000,62000
-34000,64000
-34000,66000
-34000,248000
-34000,250000
-34000,278000
-34000,280000
-34000,282000
-34000,284000
-34000,424000
-34000,426000
-36000,-412000
-36000,-58000
-36000,30000
-36000,32000
-36000,34000
-36000,250000
-36000,252000
-36000,254000
-36000,278000
-36000,284000
-36000,286000
-38000,-414000
-38000,-58000
-38000,26000
-38000,28000
-38000,254000
-38000,256000
-38000,258000
-38000,286000
-38000,288000
-40000,-416000
-40000,-58000
-40000,24000
-40000,258000
-40000,260000
-40000,262000
-40000,264000
-40000,266000
-40000,268000
-40000,270000
-40000,280000
-40000,288000
-40000,290000
-42000,-418000
-42000,-58000
-42000,20000
-42000,22000
-42000,270000
-42000,272000
-42000,274000
-42000,276000
-42000,278000
-42000,290000
-44000,-418000
-44000,-58000
-44000,18000
-44000,288000
-44000,290000
-44000,328000
-46000,-420000
-46000,-58000
-46000,16000
-46000,290000
-46000,292000
-46000,296000
-46000,326000
-46000,328000
-46000,392000
-46000,424000
-48000,-422000
-48000,-58000
-48000,14000
-48000,292000
-48000,294000
-48000,296000
-48000,300000
-48000,302000
-48000,390000
-48000,392000
-48000,422000
-48000,424000
-50000,-424000
-50000,-58000
-50000,12000
-50000,294000
-50000,296000
-50000,298000
-50000,302000
-50000,690000
-50000,692000
-52000,-424000
-52000,-58000
-52000,10000
-52000,300000
-52000,302000
-52000,310000
-52000,688000
-52000,690000
-52000,692000
-54000,-426000
-54000,-58000
-54000,10000
-54000,302000
-54000,304000
-54000,306000
-54000,308000
-54000,310000
-54000,638000
-54000,640000
-54000,642000
-54000,644000
-56000,-426000
-56000,-60000
-56000,8000
-56000,306000
-56000,308000
-56000,478000
-56000,636000
-56000,644000
-56000,646000
-56000,676000
-58000,-428000
-58000,-66000
-58000,-64000
-58000,-62000
-58000,8000
-58000,308000
-58000,476000
-58000,478000
-58000,500000
-58000,634000
-58000,636000
-58000,646000
-58000,674000
-58000,676000
-60000,-430000
-60000,-68000
-60000,-66000
-60000,6000
-60000,308000
-60000,310000
-60000,430000
-60000,498000
-60000,500000
-60000,636000
-60000,642000
-60000,644000
-62000,-430000
-62000,-70000
-62000,-68000
-62000,-66000
-62000,4000
-62000,6000
-62000,310000
-62000,312000
-62000,428000
-62000,430000
-62000,470000
-62000,636000
-62000,638000
-62000,640000
-64000,-432000
-64000,-68000
-64000,-66000
-64000,2000
-64000,4000
-64000,6000
-64000,312000
-64000,314000
-64000,468000
-64000,470000
-66000,-434000
-66000,-66000
-66000,-64000
-66000,0
-66000,314000
-66000,316000
-66000,318000
-66000,320000
-66000,322000
-66000,574000
-66000,610000
-68000,-436000
-68000,-64000
-68000,-62000
-68000,-4000
-68000,-2000
-68000,0
-68000,322000
-68000,324000
-68000,326000
-68000,572000
-68000,574000
-68000,608000
-68000,610000
-70000,-438000
-70000,-62000
-70000,-60000
-70000,-58000
-70000,-56000
-70000,-54000
-70000,-52000
-70000,-6000
-70000,326000
-70000,328000
-70000,330000
-70000,332000
-70000,334000
-70000,336000
-70000,338000
-70000,340000
-70000,342000
-72000,-440000
-72000,-52000
-72000,-50000
-72000,-8000
-72000,342000
-72000,344000
-72000,346000
-72000,348000
-74000,-442000
-74000,-50000
-74000,-10000
-74000,348000
-74000,350000
-74000,352000
-76000,-442000
-76000,-50000
-76000,-10000
-76000,352000
-76000,354000
-76000,356000
-76000,358000
-76000,360000
-78000,-446000
-78000,-444000
-78000,-50000
-78000,-48000
-78000,-46000
-78000,-44000
-78000,-16000
-78000,-14000
-78000,-12000
-78000,360000
-78000,362000
-78000,556000
-78000,570000
-78000,674000
-78000,716000
-80000,-448000
-80000,-44000
-80000,-36000
-80000,-34000
-80000,-32000
-80000,-30000
-80000,-28000
-80000,-26000
-80000,-22000
-80000,-20000
-80000,-18000
-80000,362000
-80000,364000
-80000,412000
-80000,554000
-80000,556000
-80000,568000
-80000,570000
-80000,672000
-80000,674000
-80000,714000
-80000,716000
-82000,-450000
-82000,-44000
-82000,-42000
-82000,-40000
-82000,-38000
-82000,-26000
-82000,-24000
-82000,364000
-82000,366000
-82000,382000
-82000,410000
-82000,412000
-82000,484000
-84000,-450000
-84000,366000
-84000,368000
-84000,380000
-84000,382000
-84000,474000
-84000,482000
-84000,484000
-86000,-450000
-86000,368000
-86000,370000
-86000,472000
-86000,474000
-86000,492000
-88000,-450000
-88000,370000
-88000,372000
-88000,374000
-88000,376000
-88000,378000
-88000,402000
-88000,490000
-88000,492000
-90000,-450000
-90000,378000
-90000,380000
-90000,400000
-90000,402000
-92000,-450000
-92000,-448000
-92000,380000
-92000,382000
-92000,510000
-94000,-448000
-94000,382000
-94000,508000
-94000,510000
-96000,-448000
-96000,382000
-96000,384000
-96000,386000
-98000,-448000
-98000,386000
-98000,388000
-100000,-450000
-100000,388000
-100000,390000
-100000,402000
-102000,-450000
-102000,390000
-102000,392000
-102000,400000
-102000,402000
-102000,640000
-104000,-450000
-104000,392000
-104000,394000
-104000,638000
-104000,640000
-104000,712000
-106000,-450000
-106000,394000
-106000,396000
-106000,710000
-106000,712000
-108000,-450000
-108000,396000
-108000,398000
-108000,400000
-110000,-450000
-110000,400000
-110000,402000
-110000,538000
-112000,-450000
-112000,-448000
-112000,402000
-112000,404000
-112000,406000
-112000,426000
-112000,490000
-112000,536000
-112000,538000
-114000,-448000
-114000,406000
-114000,424000
-114000,426000
-114000,488000
-114000,490000
-114000,560000
-114000,568000
-116000,-448000
-116000,406000
-116000,408000
-116000,558000
-116000,560000
-116000,566000
-116000,568000
-118000,-448000
-118000,408000
-118000,410000
-118000,412000
-118000,650000
-120000,-448000
-120000,412000
-120000,414000
-120000,420000
-120000,648000
-120000,650000
-122000,-450000
-122000,414000
-122000,418000
-122000,420000
-122000,634000
-124000,-450000
-124000,414000
-124000,416000
-124000,610000
-124000,632000
-124000,634000
-126000,-452000
-126000,416000
-126000,418000
-126000,608000
-126000,610000
-128000,-452000
-128000,418000
-128000,420000
-130000,-454000
-130000,420000
-130000,422000
-130000,488000
-132000,-454000
-132000,422000
-132000,424000
-132000,486000
-132000,488000
-134000,-454000
-134000,424000
-134000,426000
-134000,428000
-134000,504000
-134000,560000
-136000,-458000
-136000,-454000
-136000,428000
-136000,430000
-136000,502000
-136000,504000
-136000,558000
-136000,560000
-138000,-460000
-138000,-458000
-138000,-456000
-138000,430000
-140000,-456000
-140000,430000
-140000,432000
-142000,-456000
-142000,432000
-142000,434000
-142000,436000
-144000,-456000
-144000,436000
-144000,438000
-144000,440000
-146000,-456000
-146000,440000
-148000,-456000
-148000,440000
-148000,442000
-148000,654000
-150000,-456000
-150000,442000
-150000,444000
-150000,652000
-150000,654000
-150000,660000
-152000,-458000
-152000,444000
-152000,446000
-152000,658000
-152000,660000
-154000,-458000
-154000,446000
-154000,448000
-154000,450000
-154000,452000
-154000,510000
-156000,-458000
-156000,452000
-156000,454000
-156000,508000
-156000,510000
-158000,-458000
-158000,454000
-158000,456000
-160000,-458000
-160000,456000
-162000,-458000
-162000,-456000
-162000,456000
-162000,458000
-164000,-456000
-164000,468000
-164000,610000
-166000,-456000
-166000,458000
-166000,460000
-166000,466000
-166000,468000
-166000,474000
-166000,550000
-166000,608000
-166000,610000
-168000,-456000
-168000,460000
-168000,462000
-168000,464000
-168000,472000
-168000,474000
-168000,548000
-168000,550000
-170000,-456000
-170000,464000
-170000,466000
-170000,468000
-170000,470000
-170000,472000
-170000,474000
-170000,476000
-172000,-458000
-172000,476000
-172000,478000
-174000,-458000
-174000,478000
-174000,480000
-174000,482000
-174000,484000
-174000,486000
-174000,540000
-176000,-460000
-176000,486000
-176000,488000
-176000,522000
-176000,538000
-176000,540000
-178000,-460000
-178000,488000
-178000,520000
-178000,522000
-180000,-492000
-180000,-490000
-180000,-488000
-180000,-486000
-180000,-484000
-180000,-482000
-180000,-480000
-180000,-478000
-180000,-476000
-180000,-474000
-180000,-462000
-180000,488000
-180000,490000
-182000,-496000
-182000,-494000
-182000,-474000
-182000,-472000
-182000,-464000
-182000,490000
-184000,-498000
-184000,-472000
-184000,-470000
-184000,-468000
-184000,-466000
-184000,490000
-184000,648000
-186000,-500000
-186000,490000
-186000,646000
-186000,648000
-188000,-500000
-188000,490000
-190000,-500000
-190000,490000
-190000,492000
-190000,500000
-190000,502000
-192000,492000
-192000,494000
-192000,496000
-192000,498000
-192000,502000
-192000,504000
-192000,506000
-192000,516000
-194000,496000
-194000,498000
-194000,506000
-194000,508000
-194000,510000
-194000,512000
-194000,514000
-194000,516000
-196000,514000
-196000,516000
-196000,522000
-198000,516000
-198000,518000
-198000,520000
-198000,522000
-198000,524000
-198000,526000
-198000,528000
-198000,530000
-198000,532000
-198000,534000
-198000,538000
-198000,540000
-198000,542000
-200000,542000
-202000,542000
-202000,544000
-202000,546000
-202000,750000
-204000,546000
-206000,546000
-206000,548000
-206000,552000
-206000,554000
-206000,556000
-208000,548000
-208000,550000
-208000,556000
-208000,558000
-208000,716000
-210000,558000
-210000,638000
-210000,714000
-210000,716000
-212000,558000
-212000,560000
-212000,636000
-212000,638000
-214000,560000
-214000,730000
-216000,560000
-216000,728000
-216000,730000
-218000,560000
-218000,562000
-218000,744000
-220000,562000
-220000,640000
-220000,742000
-220000,744000
-222000,562000
-222000,564000
-222000,638000
-222000,640000
-222000,678000
-224000,564000
-224000,566000
-224000,676000
-224000,678000
-226000,566000
-226000,568000
-226000,570000
-226000,572000
-226000,574000
-226000,576000
-226000,578000
-226000,640000
-228000,578000
-228000,580000
-228000,582000
-228000,584000
-228000,586000
-228000,588000
-228000,638000
-228000,640000
-230000,588000
-230000,590000
-230000,618000
-230000,638000
-230000,640000
-232000,590000
-232000,592000
-232000,616000
-232000,618000
-232000,674000
-234000,592000
-234000,594000
-234000,672000
-234000,674000
-236000,594000
-236000,622000
-238000,594000
-238000,620000
-238000,622000
-238000,714000
-240000,594000
-240000,596000
-240000,712000
-240000,714000
-240000,738000
-242000,596000
-242000,628000
-242000,736000
-242000,738000
-244000,596000
-244000,598000
-244000,626000
-244000,628000
-246000,598000
-248000,598000
-250000,598000
-250000,600000
-250000,658000
-250000,730000
-252000,600000
-252000,618000
-252000,656000
-252000,658000
-252000,728000
-252000,730000
-254000,600000
-254000,616000
-254000,618000
-254000,694000
-254000,726000
-254000,728000
-256000,600000
-256000,612000
-256000,626000
-256000,692000
-256000,694000
-258000,600000
-258000,602000
-258000,610000
-258000,612000
-258000,624000
-258000,626000
-258000,652000
-260000,602000
-260000,610000
-260000,612000
-260000,650000
-260000,652000
-262000,602000
-262000,700000
-262000,720000
-264000,602000
-264000,612000
-264000,646000
-264000,674000
-264000,700000
-264000,718000
-264000,720000
-264000,722000
-266000,602000
-266000,604000
-266000,610000
-266000,612000
-266000,644000
-266000,646000
-266000,672000
-266000,674000
-266000,716000
-266000,722000
-268000,604000
-268000,606000
-268000,672000
-268000,716000
-268000,718000
-268000,720000
-270000,606000
-270000,608000
-270000,670000
-270000,672000
-272000,608000
-272000,736000
-274000,608000
-274000,610000
-274000,734000
-274000,736000
-276000,610000
-278000,610000
-278000,612000
-280000,612000
-280000,750000
-282000,612000
-282000,704000
-284000,612000
-284000,668000
-284000,702000
-284000,704000
-286000,612000
-286000,628000
-286000,630000
-286000,638000
-286000,650000
-286000,666000
-286000,668000
-286000,676000
-286000,700000
-288000,612000
-288000,622000
-288000,624000
-288000,626000
-288000,628000
-288000,630000
-288000,636000
-288000,638000
-288000,648000
-288000,650000
-288000,654000
-288000,672000
-288000,674000
-288000,676000
-288000,686000
-288000,698000
-288000,700000
-290000,612000
-290000,614000
-290000,620000
-290000,622000
-290000,624000
-290000,652000
-290000,654000
-290000,670000
-290000,672000
-290000,684000
-290000,686000
-290000,688000
-290000,696000
-290000,698000
-292000,614000
-292000,668000
-292000,670000
-292000,686000
-292000,688000
-292000,694000
-292000,696000
-294000,614000
-294000,616000
-294000,620000
-294000,622000
-296000,616000
-296000,618000
-296000,620000
-296000,622000
-296000,624000
-298000,616000
-298000,618000
-298000,620000
-298000,624000
-298000,740000
-300000,618000
-300000,620000
-300000,622000
-300000,738000
-300000,740000
-302000,622000
-304000,620000
-304000,622000
-306000,622000
-306000,624000
-308000,624000
-310000,624000
-310000,626000
-312000,626000
-314000,626000
-316000,626000
-318000,626000
-318000,630000
-320000,626000
-320000,628000
-320000,630000
-322000,628000
-324000,628000
-326000,628000
-328000,628000
-330000,628000
-332000,628000
-334000,62000
-334000,64000
-334000,628000
-336000,60000
-336000,64000
-336000,66000
-336000,68000
-336000,628000
-336000,704000
-338000,60000
-338000,68000
-338000,626000
-338000,702000
-338000,704000
-338000,730000
-340000,60000
-340000,68000
-340000,70000
-340000,80000
-340000,626000
-340000,680000
-340000,728000
-340000,730000
-342000,58000
-342000,70000
-342000,72000
-342000,74000
-342000,76000
-342000,78000
-342000,80000
-342000,82000
-342000,626000
-342000,678000
-342000,680000
-344000,56000
-344000,76000
-344000,80000
-344000,82000
-344000,624000
-346000,-74000
-346000,-72000
-346000,-70000
-346000,-68000
-346000,-66000
-346000,-64000
-346000,-62000
-346000,-60000
-346000,-58000
-346000,54000
-346000,74000
-346000,624000
-348000,-80000
-348000,-78000
-348000,-76000
-348000,-58000
-348000,-56000
-348000,-54000
-348000,-52000
-348000,-50000
-348000,-48000
-348000,-46000
-348000,-18000
-348000,-16000
-348000,-14000
-348000,-12000
-348000,52000
-348000,74000
-348000,624000
-350000,-84000
-350000,-82000
-350000,-46000
-350000,-44000
-350000,-42000
-350000,-40000
-350000,-38000
-350000,-36000
-350000,-34000
-350000,-32000
-350000,-30000
-350000,-28000
-350000,-26000
-350000,-24000
-350000,-22000
-350000,-20000
-350000,-12000
-350000,-10000
-350000,-8000
-350000,-6000
-350000,-4000
-350000,-2000
-350000,18000
-350000,20000
-350000,22000
-350000,24000
-350000,26000
-350000,48000
-350000,50000
-350000,74000
-350000,620000
-350000,622000
-352000,-88000
-352000,-86000
-352000,-2000
-352000,0
-352000,2000
-352000,4000
-352000,6000
-352000,8000
-352000,10000
-352000,12000
-352000,14000
-352000,16000
-352000,26000
-352000,28000
-352000,30000
-352000,32000
-352000,34000
-352000,36000
-352000,38000
-352000,40000
-352000,42000
-352000,44000
-352000,46000
-352000,72000
-352000,618000
-352000,636000
-354000,-96000
-354000,-94000
-354000,-92000
-354000,-90000
-354000,72000
-354000,74000
-354000,616000
-354000,634000
-354000,636000
-356000,-98000
-356000,74000
-356000,620000
-358000,-102000
-358000,-100000
-358000,74000
-358000,76000
-358000,614000
-358000,616000
-358000,620000
-358000,624000
-360000,-106000
-360000,-104000
-360000,76000
-360000,614000
-360000,622000
-360000,624000
-362000,-114000
-362000,-112000
-362000,-110000
-362000,-108000
-362000,76000
-362000,78000
-362000,614000
-364000,-124000
-364000,-122000
-364000,-120000
-364000,-118000
-364000,-116000
-364000,78000
-364000,80000
-364000,614000
-366000,-134000
-366000,-132000
-366000,-130000
-366000,-128000
-366000,-126000
-366000,80000
-366000,82000
-366000,612000
-368000,-140000
-368000,-138000
-368000,-136000
-368000,82000
-368000,612000
-370000,-142000
-370000,82000
-370000,84000
-370000,612000
-372000,-146000
-372000,-144000
-372000,84000
-372000,86000
-372000,146000
-372000,610000
-374000,-148000
-374000,86000
-374000,88000
-374000,142000
-374000,144000
-374000,146000
-374000,148000
-374000,150000
-374000,608000
-376000,-154000
-376000,-152000
-376000,-150000
-376000,88000
-376000,90000
-376000,138000
-376000,140000
-376000,150000
-376000,152000
-376000,606000
-378000,-160000
-378000,-158000
-378000,-156000
-378000,90000
-378000,92000
-378000,94000
-378000,96000
-378000,98000
-378000,134000
-378000,136000
-378000,152000
-378000,154000
-378000,604000
-380000,-162000
-380000,98000
-380000,100000
-380000,102000
-380000,128000
-380000,130000
-380000,132000
-380000,154000
-380000,156000
-380000,604000
-382000,-164000
-382000,102000
-382000,104000
-382000,124000
-382000,126000
-382000,156000
-382000,158000
-382000,600000
-382000,602000
-384000,-166000
-384000,104000
-384000,106000
-384000,108000
-384000,110000
-384000,116000
-384000,118000
-384000,120000
-384000,122000
-384000,158000
-384000,598000
-386000,-500000
-386000,-168000
-386000,110000
-386000,112000
-386000,114000
-386000,158000
-386000,594000
-386000,596000
-388000,-500000
-388000,-498000
-388000,-170000
-388000,158000
-388000,160000
-388000,592000
-390000,-498000
-390000,-496000
-390000,-172000
-390000,-170000
-390000,160000
-390000,590000
-392000,-496000
-392000,-494000
-392000,-176000
-392000,-174000
-392000,160000
-392000,588000
-394000,-494000
-394000,-492000
-394000,-490000
-394000,-180000
-394000,-178000
-394000,160000
-394000,584000
-394000,586000
-396000,-490000
-396000,-488000
-396000,-184000
-396000,-182000
-396000,160000
-396000,582000
-398000,-488000
-398000,-486000
-398000,-484000
-398000,-188000
-398000,-186000
-398000,160000
-398000,580000
-400000,-484000
-400000,-482000
-400000,-480000
-400000,-194000
-400000,-192000
-400000,-190000
-400000,160000
-400000,578000
-402000,-480000
-402000,-478000
-402000,-196000
-402000,160000
-402000,162000
-402000,576000
-404000,-478000
-404000,-476000
-404000,-474000
-404000,-198000
-404000,162000
-404000,164000
-404000,574000
-406000,-474000
-406000,-472000
-406000,-470000
-406000,-202000
-406000,-200000
-406000,164000
-406000,166000
-406000,568000
-406000,570000
-406000,572000
-408000,-470000
-408000,-468000
-408000,-204000
-408000,166000
-408000,560000
-408000,562000
-408000,564000
-408000,566000
-410000,-468000
-410000,-466000
-410000,-464000
-410000,-462000
-410000,-208000
-410000,-206000
-410000,166000
-410000,168000
-410000,204000
-410000,206000
-410000,208000
-410000,210000
-410000,212000
-410000,214000
-410000,216000
-410000,556000
-410000,558000
-412000,-462000
-412000,-460000
-412000,-458000
-412000,-212000
-412000,-210000
-412000,168000
-412000,170000
-412000,202000
-412000,216000
-412000,218000
-412000,220000
-412000,222000
-412000,224000
-412000,554000
-414000,-458000
-414000,-456000
-414000,-454000
-414000,-216000
-414000,-214000
-414000,170000
-414000,172000
-414000,202000
-414000,224000
-414000,226000
-414000,552000
-416000,-454000
-416000,-452000
-416000,-450000
-416000,-222000
-416000,-220000
-416000,-218000
-416000,172000
-416000,174000
-416000,176000
-416000,200000
-416000,226000
-416000,230000
-416000,232000
-416000,550000
-418000,-450000
-418000,-448000
-418000,-446000
-418000,-226000
-418000,-224000
-418000,176000
-418000,178000
-418000,180000
-418000,200000
-418000,226000
-418000,228000
-418000,232000
-418000,234000
-418000,236000
-418000,550000
-420000,-446000
-420000,-444000
-420000,-442000
-420000,-230000
-420000,-228000
-420000,180000
-420000,198000
-420000,236000
-420000,548000
-422000,-442000
-422000,-440000
-422000,-438000
-422000,-436000
-422000,-432000
-422000,-430000
-422000,-234000
-422000,-232000
-422000,180000
-422000,182000
-422000,196000
-422000,236000
-422000,544000
-422000,546000
-424000,-436000
-424000,-434000
-424000,-430000
-424000,-428000
-424000,-426000
-424000,-236000
-424000,-234000
-424000,182000
-424000,184000
-424000,186000
-424000,192000
-424000,194000
-424000,236000
-424000,440000
-424000,538000
-424000,540000
-424000,542000
-426000,-426000
-426000,-424000
-426000,-422000
-426000,-420000
-426000,-418000
-426000,-416000
-426000,-414000
-426000,-412000
-426000,-234000
-426000,186000
-426000,188000
-426000,190000
-426000,236000
-426000,238000
-426000,438000
-426000,440000
-426000,442000
-426000,444000
-426000,446000
-426000,528000
-426000,530000
-426000,532000
-426000,534000
-426000,536000
-428000,-412000
-428000,-410000
-428000,-408000
-428000,-406000
-428000,-404000
-428000,-402000
-428000,-234000
-428000,238000
-428000,434000
-428000,436000
-428000,446000
-428000,448000
-428000,520000
-428000,522000
-428000,524000
-428000,526000
-430000,-402000
-430000,-400000
-430000,-398000
-430000,-396000
-430000,-234000
-430000,238000
-430000,240000
-430000,242000
-430000,416000
-430000,418000
-430000,420000
-430000,422000
-430000,430000
-430000,432000
-430000,448000
-430000,450000
-430000,518000
-432000,-396000
-432000,-394000
-432000,-392000
-432000,-390000
-432000,-384000
-432000,-328000
-432000,-326000
-432000,-324000
-432000,-234000
-432000,242000
-432000,244000
-432000,246000
-432000,248000
-432000,250000
-432000,252000
-432000,254000
-432000,256000
-432000,258000
-432000,260000
-432000,292000
-432000,294000
-432000,414000
-432000,422000
-432000,424000
-432000,426000
-432000,428000
-432000,450000
-432000,452000
-432000,516000
-434000,-390000
-434000,-388000
-434000,-386000
-434000,-384000
-434000,-382000
-434000,-380000
-434000,-378000
-434000,-332000
-434000,-330000
-434000,-324000
-434000,-322000
-434000,-234000
-434000,260000
-434000,290000
-434000,294000
-434000,296000
-434000,298000
-434000,300000
-434000,408000
-434000,410000
-434000,412000
-434000,452000
-434000,454000
-434000,456000
-434000,464000
-434000,466000
-434000,468000
-434000,470000
-434000,516000
-436000,-378000
-436000,-376000
-436000,-374000
-436000,-372000
-436000,-370000
-436000,-368000
-436000,-334000
-436000,-322000
-436000,-320000
-436000,-318000
-436000,-316000
-436000,-236000
-436000,260000
-436000,262000
-436000,264000
-436000,266000
-436000,268000
-436000,270000
-436000,290000
-436000,300000
-436000,398000
-436000,400000
-436000,402000
-436000,404000
-436000,406000
-436000,456000
-436000,458000
-436000,460000
-436000,462000
-436000,470000
-436000,472000
-436000,474000
-436000,514000
-438000,-368000
-438000,-366000
-438000,-364000
-438000,-362000
-438000,-360000
-438000,-358000
-438000,-356000
-438000,-354000
-438000,-352000
-438000,-350000
-438000,-348000
-438000,-346000
-438000,-344000
-438000,-342000
-438000,-340000
-438000,-338000
-438000,-336000
-438000,-316000
-438000,-314000
-438000,-312000
-438000,-310000
-438000,-238000
-438000,270000
-438000,272000
-438000,288000
-438000,300000
-438000,394000
-438000,396000
-438000,474000
-438000,476000
-438000,478000
-438000,480000
-438000,482000
-438000,484000
-438000,486000
-438000,488000
-438000,490000
-438000,492000
-438000,494000
-438000,510000
-438000,512000
-440000,-310000
-440000,-308000
-440000,-306000
-440000,-304000
-440000,-302000
-440000,-240000
-440000,272000
-440000,274000
-440000,276000
-440000,288000
-440000,300000
-440000,302000
-440000,388000
-440000,390000
-440000,392000
-440000,494000
-440000,496000
-440000,508000
-442000,-302000
-442000,-300000
-442000,-298000
-442000,-296000
-442000,-240000
-442000,276000
-442000,286000
-442000,302000
-442000,304000
-442000,386000
-442000,496000
-442000,498000
-442000,500000
-442000,502000
-442000,504000
-442000,506000
-444000,-296000
-444000,-294000
-444000,-292000
-444000,-246000
-444000,-244000
-444000,-242000
-444000,276000
-444000,278000
-444000,280000
-444000,282000
-444000,284000
-444000,304000
-444000,306000
-444000,308000
-444000,374000
-444000,384000
-446000,-292000
-446000,-290000
-446000,-288000
-446000,-286000
-446000,-284000
-446000,-282000
-446000,-260000
-446000,-258000
-446000,-256000
-446000,-254000
-446000,-252000
-446000,-250000
-446000,-248000
-446000,308000
-446000,310000
-446000,312000
-446000,314000
-446000,316000
-446000,318000
-446000,320000
-446000,372000
-446000,374000
-446000,376000
-446000,378000
-446000,380000
-446000,382000
-448000,-282000
-448000,-280000
-448000,-278000
-448000,-276000
-448000,-274000
-448000,-272000
-448000,-270000
-448000,-268000
-448000,-266000
-448000,-264000
-448000,-262000
-448000,320000
-448000,322000
-448000,324000
-448000,326000
-448000,328000
-448000,370000
-450000,328000
-450000,330000
-450000,332000
-450000,334000
-450000,336000
-450000,338000
-450000,340000
-450000,342000
-450000,344000
-450000,346000
-450000,368000
-452000,346000
-452000,348000
-452000,350000
-452000,354000
-452000,356000
-452000,358000
-452000,360000
-452000,362000
-452000,364000
-452000,366000
-454000,350000
-454000,352000
211652,340021
209652,226021
209652,320021
209652,330021
209652,332021
209652,334021
209652,336021
209652,338021
207652,228021
207652,318021
207652,322021
207652,324021
207652,326021
207652,328021
205652,228021
205652,316021
203652,314021
201652,314021
199652,312021
197652,312021
195652,312021
193652,312021
193652,320021
191652,304021
191652,324021
189652,302021
189652,326021
187652,188021
187652,296021
187652,298021
187652,300021
187652,328021
185652,190021
185652,262021
185652,292021
185652,294021
185652,306021
185652,326021
185652,328021
183652,260021
183652,264021
183652,290021
183652,308021
183652,310021
183652,312021
183652,314021
183652,316021
183652,318021
183652,320021
183652,322021
183652,324021
181652,262021
181652,266021
181652,268021
181652,288021
179652,264021
179652,270021
179652,272021
179652,274021
179652,276021
179652,278021
179652,280021
179652,282021
179652,284021
179652,286021
177652,190021
177652,264021
175652,144021
175652,188021
175652,266021
173652,78021
173652,146021
173652,186021
173652,266021
171652,78021
171652,148021
171652,266021
169652,82021
169652,268021
167652,80021
167652,268021
165652,80021
165652,270021
163652,80021
163652,270021
161652,76021
161652,80021
161652,272021
159652,80021
159652,142021
159652,144021
159652,272021
157652,82021
157652,140021
157652,274021
155652,84021
155652,138021
155652,274021
155652,276021
153652,84021
153652,276021
151652,68021
151652,78021
151652,84021
151652,86021
151652,88021
151652,280021
151652,292021
149652,68021
149652,70021
149652,296021
147652,74021
147652,80021
147652,86021
147652,298021
145652,70021
145652,74021
145652,84021
145652,300021
143652,72021
143652,82021
143652,302021
141652,72021
141652,304021
139652,74021
139652,306021
137652,76021
137652,80021
137652,306021
135652,78021
135652,304021
135652,306021
135652,308021
133652,76021
133652,304021
133652,306021
133652,310021
131652,306021
131652,314021
129652,304021
129652,306021
129652,318021
127652,304021
127652,306021
127652,308021
127652,320021
125652,304021
125652,310021
125652,326021
123652,44021
123652,72021
123652,302021
123652,312021
123652,328021
121652,70021
121652,300021
121652,314021
121652,330021
119652,68021
119652,70021
119652,300021
119652,316021
119652,330021
117652,64021
117652,66021
117652,300021
117652,318021
117652,320021
117652,328021
117652,332021
115652,60021
115652,62021
115652,290021
115652,292021
115652,294021
115652,298021
115652,322021
115652,324021
115652,326021
115652,330021
115652,332021
113652,58021
113652,286021
113652,288021
113652,298021
111652,56021
111652,284021
111652,298021
109652,54021
109652,282021
109652,298021
107652,52021
107652,56021
107652,282021
107652,298021
105652,282021
105652,294021
105652,296021
103652,280021
103652,296021
101652,280021
99652,280021
97652,44021
97652,280021
95652,278021
93652,44021
93652,278021
91652,44021
91652,278021
89652,44021
89652,46021
89652,278021
87652,46021
87652,278021
85652,46021
85652,48021
85652,276021
83652,46021
83652,48021
83652,276021
81652,44021
81652,276021
79652,44021
79652,272021
79652,274021
77652,270021
75652,52021
75652,268021
75652,270021
73652,50021
73652,52021
73652,264021
73652,266021
71652,46021
71652,54021
71652,262021
69652,44021
69652,46021
69652,52021
69652,54021
69652,260021
67652,46021
67652,56021
67652,258021
65652,44021
65652,54021
65652,56021
65652,258021
63652,50021
63652,52021
63652,258021
61652,46021
61652,48021
61652,60021
61652,258021
59652,54021
59652,56021
59652,58021
59652,60021
59652,258021
57652,58021
57652,258021
55652,60021
55652,64021
55652,258021
53652,62021
53652,64021
53652,66021
53652,258021
51652,62021
51652,64021
51652,66021
51652,258021
49652,258021
47652,64021
47652,258021
45652,64021
45652,72021
45652,158021
45652,258021
43652,70021
43652,72021
43652,74021
43652,146021
43652,148021
43652,150021
43652,152021
43652,154021
43652,156021
43652,158021
43652,160021
43652,162021
43652,164021
43652,170021
43652,200021
43652,202021
43652,258021
41652,72021
41652,74021
41652,122021
41652,124021
41652,142021
41652,144021
41652,158021
41652,166021
41652,168021
41652,172021
41652,174021
41652,180021
41652,196021
41652,198021
41652,204021
41652,206021
41652,208021
41652,258021
39652,120021
39652,140021
39652,176021
39652,178021
39652,182021
39652,194021
39652,210021
39652,256021
37652,78021
37652,120021
37652,124021
37652,140021
37652,194021
37652,212021
37652,214021
37652,254021
35652,76021
35652,78021
35652,80021
35652,118021
35652,126021
35652,140021
35652,184021
35652,192021
35652,196021
35652,216021
35652,218021
35652,250021
35652,252021
33652,78021
33652,80021
33652,116021
33652,128021
33652,138021
33652,190021
33652,196021
33652,200021
33652,220021
33652,222021
33652,226021
33652,244021
33652,246021
33652,248021
31652,56021
31652,114021
31652,120021
31652,124021
31652,130021
31652,132021
31652,134021
31652,136021
31652,188021
31652,194021
31652,198021
31652,224021
31652,228021
31652,230021
31652,232021
31652,234021
31652,236021
31652,238021
31652,240021
31652,242021
31652,248021
29652,54021
29652,84021
29652,114021
29652,116021
29652,118021
29652,120021
29652,122021
29652,176021
29652,186021
29652,196021
29652,224021
29652,242021
29652,252021
27652,56021
27652,58021
27652,60021
27652,62021
27652,64021
27652,82021
27652,88021
27652,112021
27652,184021
27652,196021
27652,212021
27652,222021
27652,232021
27652,234021
27652,236021
27652,242021
27652,252021
25652,66021
25652,68021
25652,70021
25652,72021
25652,74021
25652,86021
25652,88021
25652,90021
25652,106021
25652,108021
25652,110021
25652,112021
25652,212021
25652,230021
25652,236021
25652,238021
25652,248021
25652,250021
25652,252021
25652,254021
23652,78021
23652,88021
23652,102021
23652,104021
23652,208021
23652,210021
23652,228021
23652,230021
23652,254021
23652,258021
21652,76021
21652,78021
21652,80021
21652,82021
21652,94021
21652,96021
21652,100021
21652,202021
21652,204021
21652,206021
21652,220021
21652,222021
21652,224021
21652,226021
21652,256021
21652,258021
19652,84021
19652,86021
19652,92021
19652,98021
19652,166021
19652,196021
19652,198021
19652,200021
19652,232021
19652,234021
17652,86021
17652,88021
17652,90021
17652,92021
17652,188021
17652,190021
17652,192021
17652,194021
17652,230021
17652,232021
17652,234021
15652,82021
15652,84021
15652,86021
15652,168021
15652,184021
15652,186021
13652,182021
13652,210021
13652,252021
13652,254021
11652,168021
11652,184021
11652,208021
11652,210021
11652,212021
11652,214021
11652,226021
9652,162021
9652,166021
9652,168021
9652,184021
9652,204021
9652,206021
9652,214021
9652,228021
9652,230021
7652,166021
7652,168021
7652,184021
7652,226021
5652,170021
5652,190021
5652,226021
3652,144021
3652,214021
3652,226021
1652,108021
1652,144021
1652,212021
1652,214021
1652,220021
1652,222021
1652,224021
1652,226021
1652,228021
-347,112021
-347,144021
-347,218021
-347,238021
-2347,116021
-2347,144021
-2347,148021
-2347,224021
-2347,230021
-2347,240021
-4347,118021
-4347,144021
-4347,146021
-4347,150021
-4347,228021
-4347,234021
-4347,238021
-6347,120021
-6347,150021
-6347,152021
-6347,232021
-6347,234021
-6347,236021
-8347,88021
-8347,90021
-8347,120021
-8347,130021
-8347,234021
-10347,122021
-10347,236021
-12347,88021
-12347,238021
-14347,86021
-14347,240021
-16347,84021
-16347,240021
-16347,242021
-18347,238021
-20347,240021
-22347,242021
-24347,242021
-26347,244021
-28347,244021
-30347,246021
-32347,60021
-32347,246021
-34347,62021
-34347,248021
-34347,282021
-36347,252021
-36347,280021
-36347,284021
-38347,254021
-38347,286021
-40347,258021
-40347,288021
-42347,270021
-42347,290021
-44347,288021
-46347,290021
-48347,292021
-50347,294021
-50347,302021
-52347,300021
-54347,304021
-56347,306021
-58347,308021
-60347,308021
-62347,310021
-64347,312021
-66347,314021
-68347,322021
-70347,326021
-70347,332021
-72347,344021
-74347,348021
-76347,354021
-78347,360021
-78347,362021
-80347,364021
-82347,364021
-84347,366021
-86347,368021
-88347,370021
-92347,380021
-94347,382021
-96347,382021
-98347,386021
-100347,388021
-102347,390021
-104347,392021
-106347,394021
-108347,398021
-110347,400021
-112347,402021
-114347,406021
-116347,406021
-118347,410021
-120347,412021
-122347,414021
-124347,416021
-126347,418021
-128347,418021
-130347,420021
-132347,422021
-134347,426021
-136347,428021
-138347,430021
-140347,432021
-142347,434021
-144347,438021
-146347,440021
-148347,440021
-152347,444021
-154347,448021
-156347,452021
-158347,456021
-160347,456021
-162347,458021
-164347,458021
-166347,458021
-168347,462021
-170347,468021
-172347,476021
-174347,480021
-176347,486021
-178347,488021
-180347,488021
-182347,490021
-184347,490021
-186347,490021
-188347,490021
-190347,490021
-192347,494021
-192347,502021
-194347,506021
-194347,512021
-196347,514021
-198347,516021
-198347,524021
-198347,532021
-198347,536021
-200347,542021
-202347,544021
-204347,546021
-206347,548021
-206347,556021
-208347,548021
-208347,556021
-210347,558021
-212347,558021
-214347,560021
-216347,560021
-218347,560021
-220347,562021
-222347,562021
-224347,564021
-226347,566021
-226347,572021
-228347,578021
-230347,588021
-232347,590021
-234347,592021
-236347,594021
-238347,594021
-240347,596021
-242347,596021
-244347,596021
-246347,598021
-248347,598021
-250347,598021
-252347,600021
-254347,600021
-256347,600021
-258347,600021
-260347,602021
-262347,602021
-264347,602021
-266347,602021
-268347,604021
-270347,606021
-272347,608021
-274347,608021
-276347,610021
-278347,610021
-280347,612021
-282347,612021
-284347,612021
-286347,612021
-288347,612021
-290347,612021
-292347,614021
-292347,622021
-294347,614021
-296347,616021
-296347,620021
-296347,624021
-298347,616021
-298347,622021
-298347,624021
-300347,618021
-300347,622021
-302347,622021
-304347,622021
-306347,622021
-308347,624021
-310347,624021
-312347,626021
-314347,626021
-316347,626021
-318347,626021
-320347,626021
-322347,628021
-324347,628021
-326347,628021
-328347,628021
-330347,628021
-332347,628021
-334347,62021
-334347,64021
-334347,66021
-334347,628021
-336347,60021
-336347,68021
-336347,628021
-338347,60021
-338347,626021
-340347,58021
-340347,70021
-340347,80021
-340347,82021
-340347,626021
-342347,58021
-342347,72021
-342347,74021
-342347,76021
-342347,78021
-342347,82021
-342347,626021
-344347,56021
-344347,624021
-346347,54021
-346347,624021
-348347,52021
-348347,620021
-348347,622021
-350347,46021
-350347,48021
-350347,50021
-350347,618021
-350347,622021
-352347,44021
-352347,616021
-354347,74021
-354347,616021
-356347,614021
-358347,76021
-358347,614021
-360347,614021
-362347,78021
-362347,614021
-364347,80021
-364347,614021
-366347,82021
-366347,612021
-368347,612021
-370347,84021
-370347,610021
-370347,612021
-372347,86021
-372347,146021
-372347,148021
-372347,608021
-374347,88021
-374347,142021
-374347,144021
-374347,150021
-374347,606021
-376347,90021
-376347,92021
-376347,138021
-376347,140021
-376347,152021
-376347,154021
-376347,606021
-378347,94021
-378347,96021
-378347,98021
-378347,132021
-378347,134021
-378347,136021
-378347,156021
-378347,604021
-380347,100021
-380347,102021
-380347,128021
-380347,130021
-380347,604021
-382347,104021
-382347,122021
-382347,124021
-382347,126021
-382347,158021
-382347,600021
-382347,602021
-384347,106021
-384347,108021
-384347,110021
-384347,112021
-384347,114021
-384347,116021
-384347,118021
-384347,120021
-384347,596021
-384347,598021
-386347,594021
-388347,160021
-388347,592021
-390347,590021
-392347,588021
-394347,584021
-394347,586021
-396347,582021
-398347,580021
-400347,578021
-402347,162021
-402347,576021
-404347,164021
-404347,572021
-404347,574021
-406347,166021
-406347,568021
-406347,570021
-408347,206021
-408347,558021
-408347,560021
-408347,562021
-408347,564021
-408347,566021
-410347,168021
-410347,204021
-410347,206021
-410347,208021
-410347,210021
-410347,212021
-410347,214021
-410347,216021
-410347,218021
-410347,556021
-412347,170021
-412347,202021
-412347,220021
-412347,222021
-412347,224021
-412347,554021
-414347,172021
-414347,174021
-414347,202021
-414347,226021
-414347,552021
-416347,176021
-416347,178021
-416347,200021
-416347,228021
-416347,230021
-416347,232021
-416347,550021
-418347,180021
-418347,200021
-418347,234021
-418347,236021
-418347,550021
-420347,198021
-420347,546021
-420347,548021
-422347,182021
-422347,196021
-422347,542021
-422347,544021
-424347,184021
-424347,186021
-424347,192021
-424347,194021
-424347,440021
-424347,442021
-424347,536021
-424347,538021
-424347,540021
-426347,188021
-426347,190021
-426347,238021
-426347,436021
-426347,438021
-426347,444021
-426347,446021
-426347,526021
-426347,528021
-426347,530021
-426347,532021
-426347,534021
-428347,434021
-428347,448021
-428347,520021
-428347,522021
-428347,524021
-430347,240021
-430347,242021
-430347,244021
-430347,416021
-430347,418021
-430347,420021
-430347,422021
-430347,430021
-430347,432021
-430347,450021
-430347,518021
-432347,246021
-432347,248021
-432347,250021
-432347,252021
-432347,254021
-432347,256021
-432347,258021
-432347,260021
-432347,292021
-432347,294021
-432347,296021
-432347,298021
-432347,414021
-432347,424021
-432347,426021
-432347,428021
-432347,452021
-432347,516021
-434347,262021
-434347,264021
-434347,290021
-434347,300021
-434347,406021
-434347,408021
-434347,410021
-434347,412021
-434347,454021
-434347,456021
-434347,458021
-434347,462021
-434347,464021
-434347,466021
-434347,468021
-434347,470021
-434347,472021
-434347,514021
-436347,266021
-436347,268021
-436347,270021
-436347,290021
-436347,398021
-436347,400021
-436347,402021
-436347,404021
-436347,460021
-436347,474021
-436347,476021
-436347,488021
-436347,512021
-436347,514021
-438347,272021
-438347,274021
-438347,288021
-438347,394021
-438347,396021
-438347,478021
-438347,480021
-438347,482021
-438347,484021
-438347,486021
-438347,490021
-438347,492021
-438347,494021
-438347,510021
-440347,276021
-440347,288021
-440347,302021
-440347,388021
-440347,390021
-440347,392021
-440347,496021
-440347,508021
-442347,278021
-442347,286021
-442347,304021
-442347,386021
-442347,498021
-442347,500021
-442347,502021
-442347,504021
-442347,506021
-444347,280021
-444347,282021
-444347,284021
-444347,306021
-444347,308021
-444347,310021
-444347,374021
-444347,384021
-446347,310021
-446347,312021
-446347,314021
-446347,316021
-446347,318021
-446347,320021
-446347,372021
-446347,376021
-446347,378021
-446347,380021
-446347,382021
-448347,322021
-448347,324021
-448347,326021
-448347,328021
-448347,330021
-448347,370021
-450347,332021
-450347,334021
-450347,336021
-450347,338021
-450347,340021
-450347,342021
-450347,344021
-450347,346021
-450347,364021
-450347,366021
-450347,368021
-452347,348021
-452347,350021
-452347,354021
-452347,356021
-452347,358021
-452347,360021
-452347,362021
-454347,352021
211652,340021
209652,226021
209652,320021
209652,330021
209652,332021
209652,334021
209652,336021
209652,338021
207652,228021
207652,318021
207652,322021
207652,324021
207652,326021
207652,328021
205652,228021
205652,316021
203652,314021
201652,314021
199652,312021
197652,312021
195652,312021
193652,312021
193652,320021
191652,304021
191652,324021
189652,302021
189652,326021
187652,188021
187652,296021
187652,298021
187652,300021
187652,328021
185652,190021
185652,262021
185652,292021
185652,294021
185652,306021
185652,326021
185652,328021
183652,260021
183652,264021
183652,290021
183652,308021
183652,310021
183652,312021
183652,314021
183652,316021
183652,318021
183652,320021
183652,322021
183652,324021
181652,262021
181652,266021
181652,268021
181652,288021
179652,264021
179652,270021
179652,272021
179652,274021
179652,276021
179652,278021
179652,280021
179652,282021
179652,284021
179652,286021
177652,190021
177652,264021
175652,144021
175652,188021
175652,266021
173652,78021
173652,146021
173652,186021
173652,266021
171652,78021
171652,148021
171652,266021
169652,82021
169652,268021
167652,80021
167652,268021
165652,80021
165652,270021
163652,80021
163652,270021
161652,76021
161652,80021
161652,272021
159652,80021
159652,142021
159652,144021
159652,272021
157652,82021
157652,140021
157652,274021
155652,84021
155652,138021
155652,274021
155652,276021
153652,84021
153652,276021
151652,68021
151652,78021
151652,84021
151652,86021
151652,88021
151652,280021
151652,292021
149652,68021
149652,70021
149652,296021
147652,74021
147652,80021
147652,86021
147652,298021
145652,70021
145652,74021
145652,84021
145652,300021
143652,72021
143652,82021
143652,302021
141652,72021
141652,304021
139652,74021
139652,306021
137652,76021
137652,80021
137652,306021
135652,78021
135652,304021
135652,306021
135652,308021
133652,76021
133652,304021
133652,306021
133652,310021
131652,306021
131652,314021
129652,304021
129652,306021
129652,318021
127652,304021
127652,306021
127652,308021
127652,320021
125652,304021
125652,310021
125652,326021
123652,44021
123652,72021
123652,302021
123652,312021
123652,328021
121652,70021
121652,300021
121652,314021
121652,330021
119652,68021
119652,70021
119652,300021
119652,316021
119652,330021
117652,64021
117652,66021
117652,300021
117652,318021
117652,320021
117652,328021
117652,332021
115652,60021
115652,62021
115652,290021
115652,292021
115652,294021
115652,298021
115652,322021
115652,324021
115652,326021
115652,330021
115652,332021
113652,58021
113652,286021
113652,288021
113652,298021
111652,56021
111652,284021
111652,298021
109652,54021
109652,282021
109652,298021
107652,52021
107652,56021
107652,282021
107652,298021
105652,282021
105652,294021
105652,296021
103652,280021
103652,296021
101652,280021
99652,280021
97652,44021
97652,280021
95652,278021
93652,44021
93652,278021
91652,44021
91652,278021
89652,44021
89652,46021
89652,278021
87652,46021
87652,278021
85652,46021
85652,48021
85652,276021
83652,46021
83652,48021
83652,276021
81652,44021
81652,276021
79652,44021
79652,272021
79652,274021
77652,270021
75652,52021
75652,268021
75652,270021
73652,50021
73652,52021
73652,264021
73652,266021
71652,46021
71652,54021
71652,262021
69652,44021
69652,46021
69652,52021
69652,54021
69652,260021
67652,46021
67652,56021
67652,258021
65652,44021
65652,54021
65652,56021
65652,258021
63652,50021
63652,52021
63652,258021
61652,46021
61652,48021
61652,60021
61652,258021
59652,54021
59652,56021
59652,58021
59652,60021
59652,258021
57652,58021
57652,258021
55652,60021
55652,64021
55652,258021
53652,62021
53652,64021
53652,66021
53652,258021
51652,62021
51652,64021
51652,66021
51652,258021
49652,258021
47652,64021
47652,258021
45652,64021
45652,72021
45652,158021
45652,258021
43652,70021
43652,72021
43652,74021
43652,146021
43652,148021
43652,150021
43652,152021
43652,154021
43652,156021
43652,158021
43652,160021
43652,162021
43652,164021
43652,170021
43652,200021
43652,202021
43652,258021
41652,72021
41652,74021
41652,122021
41652,124021
41652,142021
41652,144021
41652,158021
41652,166021
41652,168021
41652,172021
41652,174021
41652,180021
41652,196021
41652,198021
41652,204021
41652,206021
41652,208021
41652,258021
39652,120021
39652,140021
39652,176021
39652,178021
39652,182021
39652,194021
39652,210021
39652,256021
37652,78021
37652,120021
37652,124021
37652,140021
37652,194021
37652,212021
37652,214021
37652,254021
35652,76021
35652,78021
35652,80021
35652,118021
35652,126021
35652,140021
35652,184021
35652,192021
35652,196021
35652,216021
35652,218021
35652,250021
35652,252021
33652,78021
33652,80021
33652,116021
33652,128021
33652,138021
33652,190021
33652,196021
33652,200021
33652,220021
33652,222021
33652,226021
33652,244021
33652,246021
33652,248021
31652,56021
31652,114021
31652,120021
31652,124021
31652,130021
31652,132021
31652,134021
31652,136021
31652,188021
31652,194021
31652,198021
31652,224021
31652,228021
31652,230021
31652,232021
31652,234021
31652,236021
31652,238021
31652,240021
31652,242021
31652,248021
29652,54021
29652,84021
29652,114021
29652,116021
29652,118021
29652,120021
29652,122021
29652,176021
29652,186021
29652,196021
29652,224021
29652,242021
29652,252021
27652,56021
27652,58021
27652,60021
27652,62021
27652,64021
27652,82021
27652,88021
27652,112021
27652,184021
27652,196021
27652,212021
27652,222021
27652,232021
27652,234021
27652,236021
27652,242021
27652,252021
25652,66021
25652,68021
25652,70021
25652,72021
25652,74021
25652,86021
25652,88021
25652,90021
25652,106021
25652,108021
25652,110021
25652,112021
25652,212021
25652,230021
25652,236021
25652,238021
25652,248021
25652,250021
25652,252021
25652,254021
23652,78021
23652,88021
23652,102021
23652,104021
23652,208021
23652,210021
23652,228021
23652,230021
23652,254021
23652,258021
21652,76021
21652,78021
21652,80021
21652,82021
21652,94021
21652,96021
21652,100021
21652,202021
21652,204021
21652,206021
21652,220021
21652,222021
21652,224021
21652,226021
21652,256021
21652,258021
19652,84021
19652,86021
19652,92021
19652,98021
19652,166021
19652,196021
19652,198021
19652,200021
19652,232021
19652,234021
17652,86021
17652,88021
17652,90021
17652,92021
17652,188021
17652,190021
17652,192021
17652,194021
17652,230021
17652,232021
17652,234021
15652,82021
15652,84021
15652,86021
15652,168021
15652,184021
15652,186021
13652,182021
13652,210021
13652,252021
13652,254021
11652,168021
11652,184021
11652,208021
11652,210021
11652,212021
11652,214021
11652,226021
9652,162021
9652,166021
9652,168021
9652,184021
9652,204021
9652,206021
9652,214021
9652,228021
9652,230021
7652,166021
7652,168021
7652,184021
7652,226021
5652,170021
5652,190021
5652,226021
3652,144021
3652,214021
3652,226021
1652,108021
1652,144021
1652,212021
1652,214021
1652,220021
1652,222021
1652,224021
1652,226021
1652,228021
-347,112021
-347,144021
-347,218021
-347,238021
-2347,116021
-2347,144021
-2347,148021
-2347,224021
-2347,230021
-2347,240021
-4347,118021
-4347,144021
-4347,146021
-4347,150021
-4347,228021
-4347,234021
-4347,238021
-6347,120021
-6347,150021
-6347,152021
-6347,232021
-6347,234021
-6347,236021
-8347,88021
-8347,90021
-8347,120021
-8347,130021
-8347,234021
-10347,122021
-10347,236021
-12347,88021
-12347,238021
-14347,86021
-14347,240021
-16347,84021
-16347,240021
-16347,242021
-18347,238021
-20347,240021
-22347,242021
-24347,242021
-26347,244021
-28347,244021
-30347,246021
-32347,60021
-32347,246021
-34347,62021
-34347,248021
-34347,282021
-36347,252021
-36347,280021
-36347,284021
-38347,254021
-38347,286021
-40347,258021
-40347,288021
-42347,270021
-42347,290021
-44347,288021
-46347,290021
-48347,292021
-50347,294021
-50347,302021
-52347,300021
-54347,304021
-56347,306021
-58347,308021
-60347,308021
-62347,310021
-64347,312021
-66347,314021
-68347,322021
-70347,326021
-70347,332021
-72347,344021
-74347,348021
-76347,354021
-78347,360021
-78347,362021
-80347,364021
-82347,364021
-84347,366021
-86347,368021
-88347,370021
-92347,380021
-94347,382021
-96347,382021
-98347,386021
-100347,388021
-102347,390021
-104347,392021
-106347,394021
-108347,398021
-110347,400021
-112347,402021
-114347,406021
-116347,406021
-118347,410021
-120347,412021
-122347,414021
-124347,416021
-126347,418021
-128347,418021
-130347,420021
-132347,422021
-134347,426021
-136347,428021
-138347,430021
-140347,432021
-142347,434021
-144347,438021
-146347,440021
-148347,440021
-152347,444021
-154347,448021
-156347,452021
-158347,456021
-160347,456021
-162347,458021
-164347,458021
-166347,458021
-168347,462021
-170347,468021
-172347,476021
-174347,480021
-176347,486021
-178347,488021
-180347,488021
-182347,490021
-184347,490021
-186347,490021
-188347,490021
-190347,490021
-192347,494021
-192347,502021
-194347,506021
-194347,512021
-196347,514021
-198347,516021
-198347,524021
-198347,532021
-198347,536021
-200347,542021
-202347,544021
-204347,546021
-206347,548021
-206347,556021
-208347,548021
-208347,556021
-210347,558021
-212347,558021
-214347,560021
-216347,560021
-218347,560021
-220347,562021
-222347,562021
-224347,564021
-226347,566021
-226347,572021
-228347,578021
-230347,588021
-232347,590021
-234347,592021
-236347,594021
-238347,594021
-240347,596021
-242347,596021
-244347,596021
-246347,598021
-248347,598021
-250347,598021
-252347,600021
-254347,600021
-256347,600021
-258347,600021
-260347,602021
-262347,602021
-264347,602021
-266347,602021
-268347,604021
-270347,606021
-272347,608021
-274347,608021
-276347,610021
-278347,610021
-280347,612021
-282347,612021
-284347,612021
-286347,612021
-288347,612021
-290347,612021
-292347,614021
-292347,622021
-294347,614021
-296347,616021
-296347,620021
-296347,624021
-298347,616021
-298347,622021
-298347,624021
-300347,618021
-300347,622021
-302347,622021
-304347,622021
-306347,622021
-308347,624021
-310347,624021
-312347,626021
-314347,626021
-316347,626021
-318347,626021
-320347,626021
-322347,628021
-324347,628021
-326347,628021
-328347,628021
-330347,628021
-332347,628021
-334347,62021
-334347,64021
-334347,66021
-334347,628021
-336347,60021
-336347,68021
-336347,628021
-338347,60021
-338347,626021
-340347,58021
-340347,70021
-340347,80021
-340347,82021
-340347,626021
-342347,58021
-342347,72021
-342347,74021
-342347,76021
-342347,78021
-342347,82021
-342347,626021
-344347,56021
-344347,624021
-346347,54021
-346347,624021
-348347,52021
-348347,620021
-348347,622021
-350347,46021
-350347,48021
-350347,50021
-350347,618021
-350347,622021
-352347,44021
-352347,616021
-354347,74021
-354347,616021
-356347,614021
-358347,76021
-358347,614021
-360347,614021
-362347,78021
-362347,614021
-364347,80021
-364347,614021
-366347,82021
-366347,612021
-368347,612021
-370347,84021
-370347,610021
-370347,612021
-372347,86021
-372347,146021
-372347,148021
-372347,608021
-374347,88021
-374347,142021
-374347,144021
-374347,150021
-374347,606021
-376347,90021
-376347,92021
-376347,138021
-376347,140021
-376347,152021
-376347,154021
-376347,606021
-378347,94021
-378347,96021
-378347,98021
-378347,132021
-378347,134021
-378347,136021
-378347,156021
-378347,604021
-380347,100021
-380347,102021
-380347,128021
-380347,130021
-380347,604021
-382347,104021
-382347,122021
-382347,124021
-382347,126021
-382347,158021
-382347,600021
-382347,602021
-384347,106021
-384347,108021
-384347,110021
-384347,112021
-384347,114021
-384347,116021
-384347,118021
-384347,120021
-384347,596021
-384347,598021
-386347,594021
-388347,160021
-388347,592021
-390347,590021
-392347,588021
-394347,584021
-394347,586021
-396347,582021
-398347,580021
-400347,578021
-402347,162021
-402347,576021
-404347,164021
-404347,572021
-404347,574021
-406347,166021
-406347,568021
-406347,570021
-408347,206021
-408347,558021
-408347,560021
-408347,562021
-408347,564021
-408347,566021
-410347,168021
-410347,204021
-410347,206021
-410347,208021
-410347,210021
-410347,212021
-410347,214021
-410347,216021
-410347,218021
-410347,556021
-412347,170021
-412347,202021
-412347,220021
-412347,222021
-412347,224021
-412347,554021
-414347,172021
-414347,174021
-414347,202021
-414347,226021
-414347,552021
-416347,176021
-416347,178021
-416347,200021
-416347,228021
-416347,230021
-416347,232021
-416347,550021
-418347,180021
-418347,200021
-418347,234021
-418347,236021
-418347,550021
-420347,198021
-420347,546021
-420347,548021
-422347,182021
-422347,196021
-422347,542021
-422347,544021
-424347,184021
-424347,186021
-424347,192021
-424347,194021
-424347,440021
-424347,442021
-424347,536021
-424347,538021
-424347,540021
-426347,188021
-426347,190021
-426347,238021
-426347,436021
-426347,438021
-426347,444021
-426347,446021
-426347,526021
-426347,528021
-426347,530021
-426347,532021
-426347,534021
-428347,434021
-428347,448021
-428347,520021
-428347,522021
-428347,524021
-430347,240021
-430347,242021
-430347,244021
-430347,416021
-430347,418021
-430347,420021
-430347,422021
-430347,430021
-430347,432021
-430347,450021
-430347,518021
-432347,246021
-432347,248021
-432347,250021
-432347,252021
-432347,254021
-432347,256021
-432347,258021
-432347,260021
-432347,292021
-432347,294021
-432347,296021
-432347,298021
-432347,414021
-432347,424021
-432347,426021
-432347,428021
-432347,452021
-432347,516021
-434347,262021
-434347,264021
-434347,290021
-434347,300021
-434347,406021
-434347,408021
-434347,410021
-434347,412021
-434347,454021
-434347,456021
-434347,458021
-434347,462021
-434347,464021
-434347,466021
-434347,468021
-434347,470021
-434347,472021
-434347,514021
-436347,266021
-436347,268021
-436347,270021
-436347,290021
-436347,398021
-436347,400021
-436347,402021
-436347,404021
-436347,460021
-436347,474021
-436347,476021
-436347,488021
-436347,512021
-436347,514021
-438347,272021
-438347,274021
-438347,288021
-438347,394021
-438347,396021
-438347,478021
-438347,480021
-438347,482021
-438347,484021
-438347,486021
-438347,490021
-438347,492021
-438347,494021
-438347,510021
-440347,276021
-440347,288021
-440347,302021
-440347,388021
-440347,390021
-440347,392021
-440347,496021
-440347,508021
-442347,278021
-442347,286021
-442347,304021
-442347,386021
-442347,498021
-442347,500021
-442347,502021
-442347,504021
-442347,506021
-444347,280021
-444347,282021
-444347,284021
-444347,306021
-444347,308021
-444347,310021
-444347,374021
-444347,384021
-446347,310021
-446347,312021
-446347,314021
-446347,316021
-446347,318021
-446347,320021
-446347,372021
-446347,376021
-446347,378021
-446347,380021
-446347,382021
-448347,322021
-448347,324021
-448347,326021
-448347,328021
-448347,330021
-448347,370021
-450347,332021
-450347,334021
-450347,336021
-450347,338021
-450347,340021
-450347,342021
-450347,344021
-450347,346021
-450347,364021
-450347,366021
-450347,368021
-452347,348021
-452347,350021
-452347,354021
-452347,356021
-452347,358021
-452347,360021
-452347,362021
-454347,352021
155652,276021
151652,86021
151652,88021
135652,306021
133652,306021
129652,306021
127652,306021
123652,44021
93652,44021
89652,44021
87652,44021
85652,44021
85652,46021
83652,44021
81652,44021
79652,44021
69652,46021
69652,54021
65652,56021
63652,44021
59652,60021
57652,58021
53652,64021
51652,66021
45652,64021
43652,72021
43652,158021
41652,146021
31652,56021
31652,120021
31652,244021
27652,222021
21652,78021
19652,232021
17652,86021
15652,168021
9652,168021
7652,168021
-4347,144021
-4347,150021
-6347,152021
-6347,234021
-12347,88021
-14347,86021
-78347,362021
-286347,614021
-300347,622021
-410347,206021
-418347,228021
-446347,310021
211652,236021
211652,340021
209652,222021
209652,224021
209652,226021
209652,236021
209652,320021
209652,330021
209652,332021
209652,334021
209652,336021
209652,338021
207652,220021
207652,228021
207652,234021
207652,318021
207652,322021
207652,324021
207652,326021
207652,328021
205652,216021
205652,218021
205652,228021
205652,232021
205652,316021
203652,212021
203652,214021
203652,230021
203652,314021
201652,210021
201652,314021
199652,206021
199652,208021
199652,312021
197652,204021
197652,312021
195652,202021
195652,312021
193652,200021
193652,312021
193652,316021
193652,318021
193652,320021
191652,198021
191652,304021
191652,314021
191652,322021
191652,324021
189652,198021
189652,302021
189652,306021
189652,326021
187652,174021
187652,176021
187652,178021
187652,180021
187652,182021
187652,184021
187652,186021
187652,188021
187652,196021
187652,296021
187652,298021
187652,300021
187652,306021
187652,328021
185652,170021
185652,172021
185652,190021
185652,196021
185652,262021
185652,292021
185652,294021
185652,306021
185652,326021
185652,328021
183652,164021
183652,166021
183652,168021
183652,192021
183652,194021
183652,260021
183652,264021
183652,290021
183652,308021
183652,310021
183652,312021
183652,314021
183652,316021
183652,318021
183652,320021
183652,322021
183652,324021
181652,162021
181652,262021
181652,266021
181652,268021
181652,288021
179652,160021
179652,264021
179652,270021
179652,272021
179652,274021
179652,276021
179652,278021
179652,280021
179652,282021
179652,284021
179652,286021
177652,158021
177652,190021
177652,264021
175652,142021
175652,144021
175652,156021
175652,188021
175652,192021
175652,266021
173652,78021
173652,126021
173652,128021
173652,130021
173652,132021
173652,134021
173652,136021
173652,138021
173652,140021
173652,146021
173652,154021
173652,186021
173652,190021
173652,266021
171652,76021
171652,78021
171652,120021
171652,122021
171652,124021
171652,148021
171652,152021
171652,188021
171652,266021
169652,76021
169652,80021
169652,118021
169652,150021
169652,268021
167652,80021
167652,114021
167652,116021
167652,268021
165652,80021
165652,112021
165652,270021
163652,76021
163652,80021
163652,110021
163652,270021
161652,76021
161652,80021
161652,108021
161652,272021
159652,78021
159652,80021
159652,106021
159652,142021
159652,144021
159652,272021
157652,78021
157652,82021
157652,104021
157652,140021
157652,146021
157652,274021
155652,78021
155652,84021
155652,102021
155652,138021
155652,142021
155652,144021
155652,274021
153652,78021
153652,84021
153652,100021
153652,140021
153652,276021
151652,78021
151652,84021
151652,96021
151652,98021
151652,278021
151652,280021
151652,284021
151652,286021
151652,288021
151652,290021
151652,292021
149652,70021
149652,80021
149652,86021
149652,88021
149652,90021
149652,92021
149652,94021
149652,282021
149652,294021
149652,296021
147652,70021
147652,72021
147652,74021
147652,80021
147652,86021
147652,298021
145652,70021
145652,74021
145652,82021
145652,84021
145652,88021
145652,300021
143652,72021
143652,82021
143652,86021
143652,302021
141652,70021
141652,72021
141652,84021
141652,304021
139652,70021
139652,74021
139652,84021
139652,306021
137652,66021
137652,68021
137652,76021
137652,80021
137652,82021
137652,306021
135652,64021
135652,78021
135652,82021
135652,304021
135652,308021
133652,64021
133652,76021
133652,80021
133652,304021
133652,308021
133652,310021
131652,62021
131652,78021
131652,306021
131652,312021
131652,314021
129652,62021
129652,304021
129652,308021
129652,316021
129652,318021
127652,58021
127652,60021
127652,304021
127652,308021
127652,320021
125652,52021
125652,54021
125652,56021
125652,304021
125652,310021
125652,322021
125652,324021
125652,326021
123652,46021
123652,48021
123652,50021
123652,72021
123652,302021
123652,312021
123652,328021
121652,44021
121652,70021
121652,74021
121652,300021
121652,314021
121652,330021
119652,68021
119652,70021
119652,72021
119652,300021
119652,316021
119652,330021
117652,64021
117652,66021
117652,72021
117652,300021
117652,318021
117652,320021
117652,328021
117652,332021
115652,60021
115652,62021
115652,70021
115652,290021
115652,292021
115652,294021
115652,298021
115652,322021
115652,324021
115652,326021
115652,330021
115652,332021
113652,58021
113652,68021
113652,286021
113652,288021
113652,296021
113652,298021
111652,56021
111652,66021
111652,284021
111652,294021
111652,298021
109652,54021
109652,62021
109652,64021
109652,282021
109652,294021
109652,298021
107652,52021
107652,58021
107652,60021
107652,282021
107652,294021
107652,298021
105652,44021
105652,54021
105652,56021
105652,282021
105652,296021
103652,44021
103652,280021
103652,296021
101652,44021
101652,280021
99652,44021
99652,280021
97652,44021
97652,280021
95652,46021
95652,278021
93652,46021
93652,278021
91652,44021
91652,278021
89652,46021
89652,278021
87652,48021
87652,278021
85652,48021
85652,276021
83652,50021
83652,276021
81652,46021
81652,48021
81652,276021
79652,46021
79652,272021
79652,274021
77652,44021
77652,270021
75652,52021
75652,268021
75652,270021
73652,50021
73652,54021
73652,264021
73652,266021
71652,46021
71652,52021
71652,54021
71652,262021
69652,44021
69652,48021
69652,52021
69652,56021
69652,260021
67652,44021
67652,46021
67652,54021
67652,56021
67652,258021
65652,44021
65652,48021
65652,54021
65652,58021
65652,258021
63652,48021
63652,50021
63652,52021
63652,56021
63652,258021
61652,46021
61652,48021
61652,54021
61652,60021
61652,258021
59652,54021
59652,56021
59652,58021
59652,62021
59652,258021
57652,60021
57652,258021
55652,60021
55652,64021
55652,258021
53652,62021
53652,66021
53652,258021
51652,62021
51652,64021
51652,68021
51652,258021
49652,64021
49652,66021
49652,258021
47652,64021
47652,258021
45652,66021
45652,72021
45652,158021
45652,258021
43652,66021
43652,70021
43652,74021
43652,146021
43652,148021
43652,150021
43652,152021
43652,154021
43652,156021
43652,160021
43652,162021
43652,164021
43652,170021
43652,200021
43652,202021
43652,258021
41652,66021
41652,72021
41652,76021
41652,122021
41652,124021
41652,142021
41652,144021
41652,158021
41652,166021
41652,168021
41652,172021
41652,174021
41652,180021
41652,196021
41652,198021
41652,204021
41652,206021
41652,208021
41652,258021
39652,64021
39652,74021
39652,120021
39652,126021
39652,140021
39652,176021
39652,178021
39652,182021
39652,194021
39652,210021
39652,256021
37652,60021
37652,62021
37652,78021
37652,120021
37652,124021
37652,140021
37652,184021
37652,194021
37652,212021
37652,214021
37652,254021
35652,58021
35652,76021
35652,80021
35652,118021
35652,126021
35652,140021
35652,184021
35652,192021
35652,196021
35652,216021
35652,218021
35652,250021
35652,252021
33652,58021
33652,78021
33652,82021
33652,116021
33652,128021
33652,138021
33652,186021
33652,190021
33652,194021
33652,196021
33652,198021
33652,200021
33652,220021
33652,222021
33652,226021
33652,244021
33652,246021
33652,248021
31652,58021
31652,80021
31652,114021
31652,122021
31652,124021
31652,130021
31652,132021
31652,134021
31652,136021
31652,186021
31652,188021
31652,192021
31652,194021
31652,198021
31652,224021
31652,228021
31652,230021
31652,232021
31652,234021
31652,236021
31652,238021
31652,240021
31652,242021
31652,248021
29652,54021
29652,56021
29652,84021
29652,114021
29652,116021
29652,118021
29652,120021
29652,122021
29652,174021
29652,176021
29652,180021
29652,182021
29652,184021
29652,186021
29652,190021
29652,196021
29652,224021
29652,242021
29652,248021
29652,250021
29652,252021
27652,56021
27652,58021
27652,60021
27652,62021
27652,64021
27652,82021
27652,86021
27652,88021
27652,112021
27652,174021
27652,178021
27652,184021
27652,188021
27652,196021
27652,204021
27652,212021
27652,224021
27652,226021
27652,228021
27652,230021
27652,232021
27652,234021
27652,236021
27652,242021
27652,248021
27652,252021
25652,66021
25652,68021
25652,70021
25652,72021
25652,74021
25652,84021
25652,86021
25652,90021
25652,106021
25652,108021
25652,110021
25652,112021
25652,174021
25652,186021
25652,198021
25652,200021
25652,202021
25652,212021
25652,224021
25652,230021
25652,236021
25652,238021
25652,248021
23652,76021
23652,78021
23652,88021
23652,92021
23652,102021
23652,104021
23652,170021
23652,172021
23652,208021
23652,210021
23652,220021
23652,222021
23652,228021
23652,230021
21652,76021
21652,80021
21652,82021
21652,90021
21652,94021
21652,96021
21652,100021
21652,170021
21652,202021
21652,204021
21652,206021
21652,224021
19652,84021
19652,86021
19652,92021
19652,98021
19652,166021
19652,170021
19652,196021
19652,198021
19652,200021
19652,234021
17652,90021
17652,92021
17652,170021
17652,188021
17652,190021
17652,192021
17652,194021
17652,230021
15652,82021
15652,84021
15652,86021
15652,170021
15652,184021
15652,186021
13652,168021
13652,182021
13652,208021
13652,210021
11652,166021
11652,168021
11652,184021
11652,206021
11652,208021
11652,210021
11652,212021
11652,214021
11652,218021
11652,220021
11652,222021
11652,224021
11652,226021
9652,162021
9652,166021
9652,170021
9652,184021
9652,204021
9652,206021
9652,214021
9652,218021
9652,228021
9652,230021
7652,166021
7652,170021
7652,184021
7652,212021
7652,216021
7652,226021
5652,170021
5652,186021
5652,188021
5652,190021
5652,208021
5652,210021
5652,226021
3652,172021
3652,192021
3652,194021
3652,196021
3652,198021
3652,200021
3652,202021
3652,204021
3652,206021
3652,214021
3652,226021
1652,100021
1652,102021
1652,104021
1652,106021
1652,108021
1652,144021
1652,172021
1652,212021
1652,216021
1652,220021
1652,222021
1652,224021
1652,226021
1652,228021
-347,94021
-347,96021
-347,98021
-347,110021
-347,112021
-347,144021
-347,172021
-347,214021
-347,218021
-347,230021
-347,232021
-347,234021
-347,238021
-2347,92021
-2347,114021
-2347,116021
-2347,144021
-2347,148021
-2347,168021
-2347,170021
-2347,220021
-2347,222021
-2347,224021
-2347,228021
-2347,230021
-2347,240021
-4347,90021
-4347,118021
-4347,146021
-4347,158021
-4347,160021
-4347,162021
-4347,164021
-4347,166021
-4347,226021
-4347,228021
-4347,232021
-4347,234021
-4347,238021
-6347,90021
-6347,120021
-6347,138021
-6347,140021
-6347,142021
-6347,144021
-6347,148021
-6347,150021
-6347,156021
-6347,230021
-6347,232021
-6347,236021
-8347,88021
-8347,90021
-8347,120021
-8347,130021
-8347,136021
-8347,152021
-8347,154021
-8347,234021
-10347,92021
-10347,122021
-10347,128021
-10347,132021
-10347,134021
-10347,236021
-12347,90021
-12347,124021
-12347,126021
-12347,238021
-14347,88021
-14347,240021
-16347,80021
-16347,82021
-16347,84021
-16347,88021
-16347,240021
-16347,242021
-18347,78021
-18347,86021
-18347,238021
-20347,78021
-20347,240021
-22347,76021
-22347,242021
-24347,72021
-24347,74021
-24347,242021
-26347,70021
-26347,244021
-28347,70021
-28347,244021
-30347,70021
-30347,246021
-32347,52021
-32347,54021
-32347,56021
-32347,58021
-32347,60021
-32347,70021
-32347,246021
-34347,44021
-34347,46021
-34347,48021
-34347,50021
-34347,62021
-34347,68021
-34347,248021
-34347,280021
-34347,282021
-36347,64021
-36347,66021
-36347,250021
-36347,252021
-36347,280021
-36347,284021
-38347,254021
-38347,282021
-38347,286021
-40347,256021
-40347,258021
-40347,282021
-40347,288021
-42347,260021
-42347,262021
-42347,264021
-42347,266021
-42347,268021
-42347,270021
-42347,278021
-42347,280021
-42347,290021
-44347,272021
-44347,274021
-44347,276021
-44347,288021
-46347,290021
-48347,292021
-50347,294021
-50347,300021
-50347,302021
-52347,296021
-52347,298021
-52347,300021
-54347,302021
-54347,304021
-56347,306021
-58347,308021
-60347,308021
-62347,310021
-64347,312021
-66347,314021
-68347,316021
-68347,318021
-68347,320021
-68347,322021
-70347,324021
-70347,326021
-70347,332021
-72347,328021
-72347,330021
-72347,334021
-72347,336021
-72347,338021
-72347,340021
-72347,342021
-72347,344021
-74347,346021
-74347,348021
-76347,350021
-76347,352021
-76347,354021
-78347,356021
-78347,358021
-78347,360021
-80347,362021
-80347,364021
-82347,364021
-84347,366021
-86347,368021
-88347,370021
-90347,372021
-90347,374021
-90347,376021
-90347,378021
-92347,380021
-94347,382021
-96347,382021
-98347,384021
-98347,386021
-100347,388021
-102347,390021
-104347,392021
-106347,394021
-108347,396021
-108347,398021
-110347,400021
-112347,402021
-114347,404021
-114347,406021
-116347,406021
-118347,408021
-118347,410021
-120347,412021
-122347,414021
-124347,416021
-126347,418021
-128347,418021
-130347,420021
-132347,422021
-134347,424021
-134347,426021
-136347,428021
-138347,430021
-140347,432021
-142347,434021
-144347,436021
-144347,438021
-146347,440021
-148347,440021
-150347,442021
-152347,444021
-154347,446021
-154347,448021
-156347,450021
-156347,452021
-158347,454021
-158347,456021
-160347,456021
-162347,458021
-164347,458021
-166347,458021
-168347,460021
-168347,462021
-170347,464021
-170347,466021
-170347,468021
-172347,470021
-172347,472021
-172347,474021
-172347,476021
-174347,478021
-174347,480021
-176347,482021
-176347,484021
-176347,486021
-178347,488021
-180347,488021
-182347,490021
-184347,490021
-186347,490021
-188347,490021
-190347,490021
-192347,492021
-192347,494021
-192347,500021
-192347,502021
-194347,496021
-194347,498021
-194347,504021
-194347,506021
-194347,510021
-194347,512021
-196347,508021
-196347,514021
-198347,516021
-198347,522021
-198347,524021
-198347,532021
-198347,536021
-200347,518021
-200347,520021
-200347,526021
-200347,528021
-200347,530021
-200347,534021
-200347,538021
-200347,540021
-200347,542021
-202347,544021
-204347,546021
-206347,548021
-206347,556021
-208347,548021
-208347,552021
-208347,554021
-208347,556021
-210347,550021
-210347,558021
-212347,558021
-214347,560021
-216347,560021
-218347,560021
-220347,562021
-222347,562021
-224347,564021
-226347,566021
-226347,572021
-228347,568021
-228347,570021
-228347,574021
-228347,576021
-228347,578021
-230347,580021
-230347,582021
-230347,584021
-230347,586021
-230347,588021
-232347,590021
-234347,592021
-236347,594021
-238347,594021
-240347,596021
-242347,596021
-244347,596021
-246347,598021
-248347,598021
-250347,598021
-252347,600021
-254347,600021
-256347,600021
-258347,600021
-260347,602021
-262347,602021
-264347,602021
-266347,602021
-268347,604021
-270347,606021
-272347,608021
-274347,608021
-276347,610021
-278347,610021
-280347,612021
-282347,612021
-284347,612021
-286347,612021
-288347,612021
-290347,612021
-292347,614021
-292347,622021
-294347,614021
-296347,616021
-296347,620021
-296347,622021
-296347,624021
-298347,616021
-298347,622021
-298347,624021
-300347,618021
-302347,620021
-302347,622021
-304347,622021
-306347,622021
-308347,624021
-310347,624021
-312347,626021
-314347,626021
-316347,626021
-318347,626021
-320347,626021
-322347,628021
-324347,628021
-326347,628021
-328347,628021
-330347,628021
-332347,628021
-334347,62021
-334347,64021
-334347,66021
-334347,628021
-336347,60021
-336347,68021
-336347,628021
-338347,60021
-338347,70021
-338347,626021
-340347,58021
-340347,70021
-340347,80021
-340347,82021
-340347,626021
-342347,58021
-342347,72021
-342347,74021
-342347,76021
-342347,78021
-342347,84021
-342347,626021
-344347,56021
-344347,78021
-344347,80021
-344347,82021
-344347,624021
-346347,54021
-346347,76021
-346347,624021
-348347,52021
-348347,76021
-348347,620021
-348347,622021
-350347,46021
-350347,48021
-350347,50021
-350347,76021
-350347,618021
-350347,622021
-352347,44021
-352347,74021
-352347,616021
-354347,74021
-354347,616021
-356347,76021
-356347,614021
-358347,76021
-358347,614021
-360347,78021
-360347,614021
-362347,78021
-362347,614021
-364347,80021
-364347,614021
-366347,82021
-366347,612021
-368347,84021
-368347,612021
-370347,84021
-370347,610021
-370347,612021
-372347,86021
-372347,146021
-372347,148021
-372347,608021
-374347,88021
-374347,142021
-374347,144021
-374347,150021
-374347,606021
-376347,90021
-376347,92021
-376347,138021
-376347,140021
-376347,152021
-376347,154021
-376347,606021
-378347,94021
-378347,96021
-378347,98021
-378347,132021
-378347,134021
-378347,136021
-378347,156021
-378347,604021
-380347,100021
-380347,102021
-380347,128021
-380347,130021
-380347,158021
-380347,604021
-382347,104021
-382347,122021
-382347,124021
-382347,126021
-382347,158021
-382347,600021
-382347,602021
-384347,106021
-384347,108021
-384347,110021
-384347,112021
-384347,114021
-384347,116021
-384347,118021
-384347,120021
-384347,160021
-384347,596021
-384347,598021
-386347,160021
-386347,594021
-388347,160021
-388347,592021
-390347,162021
-390347,590021
-392347,162021
-392347,588021
-394347,162021
-394347,584021
-394347,586021
-396347,162021
-396347,582021
-398347,162021
-398347,580021
-400347,162021
-400347,578021
-402347,162021
-402347,576021
-404347,164021
-404347,572021
-404347,574021
-406347,166021
-406347,568021
-406347,570021
-408347,168021
-408347,206021
-408347,558021
-408347,560021
-408347,562021
-408347,564021
-408347,566021
-410347,168021
-410347,204021
-410347,208021
-410347,210021
-410347,212021
-410347,214021
-410347,216021
-410347,218021
-410347,556021
-412347,170021
-412347,202021
-412347,220021
-412347,222021
-412347,224021
-412347,554021
-414347,172021
-414347,174021
-414347,202021
-414347,226021
-414347,552021
-416347,176021
-416347,178021
-416347,200021
-416347,228021
-416347,230021
-416347,232021
-416347,550021
-418347,180021
-418347,200021
-418347,234021
-418347,236021
-418347,550021
-420347,182021
-420347,198021
-420347,238021
-420347,546021
-420347,548021
-422347,182021
-422347,196021
-422347,238021
-422347,542021
-422347,544021
-424347,184021
-424347,186021
-424347,192021
-424347,194021
-424347,238021
-424347,440021
-424347,442021
-424347,536021
-424347,538021
-424347,540021
-426347,188021
-426347,190021
-426347,238021
-426347,436021
-426347,438021
-426347,444021
-426347,446021
-426347,526021
-426347,528021
-426347,530021
-426347,532021
-426347,534021
-428347,240021
-428347,434021
-428347,448021
-428347,520021
-428347,522021
-428347,524021
-430347,240021
-430347,242021
-430347,244021
-430347,416021
-430347,418021
-430347,420021
-430347,422021
-430347,430021
-430347,432021
-430347,450021
-430347,518021
-432347,246021
-432347,248021
-432347,250021
-432347,252021
-432347,254021
-432347,256021
-432347,258021
-432347,260021
-432347,292021
-432347,294021
-432347,296021
-432347,298021
-432347,414021
-432347,424021
-432347,426021
-432347,428021
-432347,452021
-432347,516021
-434347,262021
-434347,264021
-434347,290021
-434347,300021
-434347,406021
-434347,408021
-434347,410021
-434347,412021
-434347,454021
-434347,456021
-434347,458021
-434347,462021
-434347,464021
-434347,466021
-434347,468021
-434347,470021
-434347,472021
-434347,514021
-436347,266021
-436347,268021
-436347,270021
-436347,290021
-436347,302021
-436347,398021
-436347,400021
-436347,402021
-436347,404021
-436347,460021
-436347,474021
-436347,476021
-436347,488021
-436347,512021
-436347,514021
-438347,272021
-438347,274021
-438347,288021
-438347,302021
-438347,394021
-438347,396021
-438347,478021
-438347,480021
-438347,482021
-438347,484021
-438347,486021
-438347,490021
-438347,492021
-438347,494021
-438347,510021
-440347,276021
-440347,288021
-440347,302021
-440347,388021
-440347,390021
-440347,392021
-440347,496021
-440347,508021
-442347,278021
-442347,286021
-442347,304021
-442347,386021
-442347,498021
-442347,500021
-442347,502021
-442347,504021
-442347,506021
-444347,280021
-444347,282021
-444347,284021
-444347,306021
-444347,308021
-444347,310021
-444347,374021
-444347,384021
-446347,312021
-446347,314021
-446347,316021
-446347,318021
-446347,320021
-446347,372021
-446347,376021
-446347,378021
-446347,380021
-446347,382021
-448347,322021
-448347,324021
-448347,326021
-448347,328021
-448347,330021
-448347,370021
-450347,332021
-450347,334021
-450347,336021
-450347,338021
-450347,340021
-450347,342021
-450347,344021
-450347,346021
-450347,364021
-450347,366021
-450347,368021
-452347,348021
-452347,350021
-452347,354021
-452347,356021
-452347,358021
-452347,360021
-452347,362021
-454347,352021
211652,236021
211652,340021
209652,222021
209652,224021
209652,226021
209652,236021
209652,320021
209652,330021
209652,332021
209652,334021
209652,336021
209652,338021
207652,220021
207652,228021
207652,234021
207652,318021
207652,322021
207652,324021
207652,326021
207652,328021
205652,216021
205652,218021
205652,228021
205652,232021
205652,316021
203652,212021
203652,214021
203652,230021
203652,314021
201652,210021
201652,314021
199652,206021
199652,208021
199652,312021
197652,204021
197652,312021
195652,202021
195652,312021
193652,200021
193652,312021
193652,316021
193652,318021
193652,320021
191652,198021
191652,304021
191652,314021
191652,322021
191652,324021
189652,198021
189652,302021
189652,306021
189652,326021
187652,174021
187652,176021
187652,178021
187652,180021
187652,182021
187652,184021
187652,186021
187652,188021
187652,196021
187652,296021
187652,298021
187652,300021
187652,306021
187652,328021
185652,170021
185652,172021
185652,190021
185652,196021
185652,262021
185652,292021
185652,294021
185652,306021
185652,326021
185652,328021
183652,164021
183652,166021
183652,168021
183652,192021
183652,194021
183652,260021
183652,264021
183652,290021
183652,308021
183652,310021
183652,312021
183652,314021
183652,316021
183652,318021
183652,320021
183652,322021
183652,324021
181652,162021
181652,262021
181652,266021
181652,268021
181652,288021
179652,160021
179652,264021
179652,270021
179652,272021
179652,274021
179652,276021
179652,278021
179652,280021
179652,282021
179652,284021
179652,286021
177652,158021
177652,190021
177652,264021
175652,142021
175652,144021
175652,156021
175652,188021
175652,192021
175652,266021
173652,78021
173652,126021
173652,128021
173652,130021
173652,132021
173652,134021
173652,136021
173652,138021
173652,140021
173652,146021
173652,154021
173652,186021
173652,190021
173652,266021
171652,76021
171652,78021
171652,120021
171652,122021
171652,124021
171652,148021
171652,152021
171652,188021
171652,266021
169652,76021
169652,80021
169652,118021
169652,150021
169652,268021
167652,80021
167652,114021
167652,116021
167652,268021
165652,80021
165652,112021
165652,270021
163652,76021
163652,80021
163652,110021
163652,270021
161652,76021
161652,80021
161652,108021
161652,272021
159652,78021
159652,80021
159652,106021
159652,142021
159652,144021
159652,272021
157652,78021
157652,82021
157652,104021
157652,140021
157652,146021
157652,274021
155652,78021
155652,84021
155652,102021
155652,138021
155652,142021
155652,144021
155652,274021
153652,78021
153652,84021
153652,100021
153652,140021
153652,276021
151652,78021
151652,84021
151652,96021
151652,98021
151652,278021
151652,280021
151652,284021
151652,286021
151652,288021
151652,290021
151652,292021
149652,80021
149652,86021
149652,88021
149652,90021
149652,92021
149652,94021
149652,282021
149652,294021
149652,296021
147652,72021
147652,80021
147652,86021
147652,298021
145652,82021
145652,84021
145652,88021
145652,300021
143652,72021
143652,82021
143652,86021
143652,302021
141652,70021
141652,72021
141652,84021
141652,304021
139652,70021
139652,74021
139652,84021
139652,306021
137652,66021
137652,68021
137652,76021
137652,80021
137652,82021
137652,306021
135652,64021
135652,78021
135652,82021
135652,304021
135652,308021
133652,64021
133652,76021
133652,80021
133652,304021
133652,310021
131652,62021
131652,78021
131652,306021
131652,312021
131652,314021
129652,62021
129652,304021
129652,308021
129652,316021
129652,318021
127652,58021
127652,60021
127652,304021
127652,308021
127652,320021
125652,52021
125652,54021
125652,56021
125652,304021
125652,310021
125652,322021
125652,324021
125652,326021
123652,46021
123652,48021
123652,50021
123652,72021
123652,302021
123652,312021
123652,328021
121652,44021
121652,70021
121652,74021
121652,300021
121652,314021
121652,330021
119652,68021
119652,70021
119652,72021
119652,300021
119652,316021
119652,330021
117652,64021
117652,66021
117652,72021
117652,300021
117652,318021
117652,320021
117652,328021
117652,332021
115652,60021
115652,62021
115652,70021
115652,290021
115652,292021
115652,294021
115652,298021
115652,322021
115652,324021
115652,326021
113652,58021
113652,68021
113652,286021
113652,288021
113652,296021
113652,298021
111652,56021
111652,66021
111652,284021
111652,298021
109652,54021
109652,62021
109652,64021
109652,282021
109652,298021
107652,52021
107652,58021
107652,60021
107652,282021
107652,298021
105652,44021
105652,54021
105652,56021
105652,282021
105652,296021
103652,44021
103652,280021
103652,296021
101652,44021
101652,280021
99652,44021
99652,280021
97652,44021
97652,280021
95652,46021
95652,278021
93652,46021
93652,278021
91652,44021
91652,278021
89652,46021
89652,278021
87652,48021
87652,278021
85652,48021
85652,276021
83652,50021
83652,276021
81652,46021
81652,48021
81652,276021
79652,46021
79652,272021
79652,274021
77652,44021
77652,270021
75652,52021
75652,268021
75652,270021
73652,50021
73652,54021
73652,264021
73652,266021
71652,46021
71652,52021
71652,54021
71652,262021
69652,44021
69652,48021
69652,56021
69652,260021
67652,44021
67652,46021
67652,54021
67652,56021
67652,258021
65652,44021
65652,48021
65652,58021
65652,258021
63652,48021
63652,50021
63652,52021
63652,56021
63652,258021
61652,48021
61652,54021
61652,60021
61652,258021
59652,54021
59652,58021
59652,62021
59652,258021
57652,60021
57652,258021
55652,60021
55652,64021
55652,258021
53652,62021
53652,66021
53652,258021
51652,62021
51652,68021
51652,258021
49652,64021
49652,66021
49652,258021
47652,64021
47652,258021
45652,66021
45652,72021
45652,158021
45652,258021
43652,66021
43652,70021
43652,74021
43652,146021
43652,148021
43652,150021
43652,152021
43652,154021
43652,156021
43652,160021
43652,162021
43652,164021
43652,170021
43652,200021
43652,202021
43652,258021
41652,66021
41652,72021
41652,76021
41652,122021
41652,124021
41652,142021
41652,144021
41652,166021
41652,168021
41652,172021
41652,174021
41652,180021
41652,196021
41652,198021
41652,204021
41652,206021
41652,208021
41652,258021
39652,64021
39652,74021
39652,120021
39652,126021
39652,140021
39652,176021
39652,178021
39652,182021
39652,194021
39652,210021
39652,256021
37652,60021
37652,62021
37652,78021
37652,120021
37652,124021
37652,140021
37652,184021
37652,194021
37652,212021
37652,214021
37652,254021
35652,58021
35652,76021
35652,80021
35652,118021
35652,126021
35652,140021
35652,184021
35652,192021
35652,196021
35652,216021
35652,218021
35652,250021
35652,252021
33652,58021
33652,78021
33652,82021
33652,116021
33652,128021
33652,138021
33652,186021
33652,190021
33652,194021
33652,220021
33652,222021
33652,226021
33652,244021
33652,246021
33652,248021
31652,58021
31652,80021
31652,114021
31652,130021
31652,132021
31652,134021
31652,136021
31652,186021
31652,188021
31652,192021
31652,194021
31652,224021
31652,228021
31652,230021
31652,232021
31652,234021
31652,236021
31652,238021
31652,240021
31652,242021
31652,248021
29652,54021
29652,56021
29652,84021
29652,114021
29652,116021
29652,118021
29652,120021
29652,122021
29652,174021
29652,176021
29652,180021
29652,182021
29652,184021
29652,186021
29652,190021
29652,196021
29652,224021
29652,242021
29652,248021
27652,56021
27652,58021
27652,60021
27652,62021
27652,64021
27652,82021
27652,86021
27652,88021
27652,112021
27652,174021
27652,178021
27652,184021
27652,188021
27652,196021
27652,204021
27652,212021
27652,224021
27652,226021
27652,228021
27652,232021
27652,234021
27652,236021
27652,242021
27652,248021
25652,66021
25652,68021
25652,70021
25652,72021
25652,74021
25652,84021
25652,86021
25652,90021
25652,106021
25652,108021
25652,110021
25652,112021
25652,174021
25652,186021
25652,198021
25652,200021
25652,202021
25652,212021
25652,224021
25652,248021
23652,76021
23652,78021
23652,88021
23652,92021
23652,102021
23652,104021
23652,170021
23652,172021
23652,208021
23652,210021
23652,220021
23652,222021
23652,228021
23652,230021
21652,76021
21652,80021
21652,82021
21652,90021
21652,94021
21652,96021
21652,100021
21652,170021
21652,202021
21652,204021
21652,206021
21652,224021
19652,84021
19652,86021
19652,92021
19652,98021
19652,170021
19652,196021
19652,198021
19652,200021
17652,92021
17652,170021
17652,188021
17652,190021
17652,192021
17652,194021
15652,170021
15652,184021
15652,186021
13652,168021
13652,182021
11652,166021
11652,168021
11652,184021
11652,206021
11652,214021
11652,218021
11652,220021
11652,222021
11652,224021
11652,226021
9652,170021
9652,184021
9652,218021
9652,228021
9652,230021
7652,170021
7652,184021
7652,212021
7652,216021
7652,226021
5652,170021
5652,186021
5652,188021
5652,190021
5652,208021
5652,210021
5652,226021
3652,172021
3652,192021
3652,194021
3652,196021
3652,198021
3652,200021
3652,202021
3652,204021
3652,206021
3652,214021
3652,226021
1652,100021
1652,102021
1652,104021
1652,106021
1652,108021
1652,172021
1652,212021
1652,216021
1652,220021
1652,222021
1652,224021
1652,226021
1652,228021
-347,94021
-347,96021
-347,98021
-347,110021
-347,112021
-347,172021
-347,214021
-347,218021
-347,230021
-347,232021
-347,238021
-2347,92021
-2347,114021
-2347,116021
-2347,168021
-2347,170021
-2347,220021
-2347,222021
-2347,224021
-2347,228021
-2347,230021
-2347,240021
-4347,90021
-4347,118021
-4347,146021
-4347,158021
-4347,160021
-4347,162021
-4347,164021
-4347,166021
-4347,226021
-4347,228021
-4347,232021
-6347,90021
-6347,120021
-6347,138021
-6347,140021
-6347,142021
-6347,144021
-6347,148021
-6347,150021
-6347,156021
-6347,230021
-6347,232021
-8347,88021
-8347,90021
-8347,120021
-8347,130021
-8347,136021
-8347,152021
-8347,154021
-8347,234021
-10347,92021
-10347,122021
-10347,128021
-10347,132021
-10347,134021
-10347,236021
-12347,90021
-12347,124021
-12347,126021
-12347,238021
-14347,88021
-14347,240021
-16347,80021
-16347,82021
-16347,84021
-16347,88021
-16347,240021
-16347,242021
-18347,78021
-18347,86021
-18347,238021
-20347,78021
-20347,240021
-22347,76021
-22347,242021
-24347,72021
-24347,74021
-24347,242021
-26347,70021
-26347,244021
-28347,70021
-28347,244021
-30347,70021
-30347,246021
-32347,52021
-32347,54021
-32347,56021
-32347,58021
-32347,60021
-32347,70021
-32347,246021
-34347,44021
-34347,46021
-34347,48021
-34347,50021
-34347,62021
-34347,68021
-34347,248021
-34347,282021
-36347,64021
-36347,66021
-36347,250021
-36347,252021
-36347,284021
-38347,254021
-38347,282021
-38347,286021
-40347,256021
-40347,258021
-40347,282021
-40347,288021
-42347,260021
-42347,262021
-42347,264021
-42347,266021
-42347,268021
-42347,270021
-42347,278021
-42347,280021
-42347,290021
-44347,272021
-44347,274021
-44347,276021
-44347,288021
-46347,290021
-48347,292021
-50347,294021
-50347,300021
-52347,296021
-52347,298021
-52347,300021
-54347,302021
-54347,304021
-56347,306021
-58347,308021
-60347,308021
-62347,310021
-64347,312021
-66347,314021
-68347,316021
-68347,318021
-68347,320021
-68347,322021
-70347,324021
-70347,326021
-70347,332021
-72347,328021
-72347,330021
-72347,334021
-72347,336021
-72347,338021
-72347,340021
-72347,342021
-72347,344021
-74347,346021
-74347,348021
-76347,350021
-76347,352021
-76347,354021
-78347,356021
-78347,358021
-78347,360021
-80347,362021
-80347,364021
-82347,364021
-84347,366021
-86347,368021
-88347,370021
-90347,372021
-90347,374021
-90347,376021
-90347,378021
-92347,380021
-94347,382021
-96347,382021
-98347,384021
-98347,386021
-100347,388021
-102347,390021
-104347,392021
-106347,394021
-108347,396021
-108347,398021
-110347,400021
-112347,402021
-114347,404021
-114347,406021
-116347,406021
-118347,408021
-118347,410021
-120347,412021
-122347,414021
-124347,416021
-126347,418021
-128347,418021
-130347,420021
-132347,422021
-134347,424021
-134347,426021
-136347,428021
-138347,430021
-140347,432021
-142347,434021
-144347,436021
-144347,438021
-146347,440021
-148347,440021
-150347,442021
-152347,444021
-154347,446021
-154347,448021
-156347,450021
-156347,452021
-158347,454021
-158347,456021
-160347,456021
-162347,458021
-164347,458021
-166347,458021
-168347,460021
-168347,462021
-170347,464021
-170347,466021
-170347,468021
-172347,470021
-172347,472021
-172347,474021
-172347,476021
-174347,478021
-174347,480021
-176347,482021
-176347,484021
-176347,486021
-178347,488021
-180347,488021
-182347,490021
-184347,490021
-186347,490021
-188347,490021
-190347,490021
-192347,492021
-192347,494021
-192347,500021
-192347,502021
-194347,496021
-194347,498021
-194347,504021
-194347,506021
-194347,510021
-194347,512021
-196347,508021
-196347,514021
-198347,516021
-198347,522021
-198347,524021
-198347,532021
-198347,536021
-200347,518021
-200347,520021
-200347,526021
-200347,528021
-200347,530021
-200347,534021
-200347,538021
-200347,540021
-200347,542021
-202347,544021
-204347,546021
-206347,548021
-206347,556021
-208347,548021
-208347,552021
-208347,554021
-208347,556021
-210347,550021
-210347,558021
-212347,558021
-214347,560021
-216347,560021
-218347,560021
-220347,562021
-222347,562021
-224347,564021
-226347,566021
-226347,572021
-228347,568021
-228347,570021
-228347,574021
-228347,576021
-228347,578021
-230347,580021
-230347,582021
-230347,584021
-230347,586021
-230347,588021
-232347,590021
-234347,592021
-236347,594021
-238347,594021
-240347,596021
-242347,596021
-244347,596021
-246347,598021
-248347,598021
-250347,598021
-252347,600021
-254347,600021
-256347,600021
-258347,600021
-260347,602021
-262347,602021
-264347,602021
-266347,602021
-268347,604021
-270347,606021
-272347,608021
-274347,608021
-276347,610021
-278347,610021
-280347,612021
-282347,612021
-284347,612021
-286347,612021
-288347,612021
-290347,612021
-292347,614021
-294347,614021
-296347,616021
-298347,616021
-300347,618021
-302347,620021
-302347,622021
-304347,622021
-306347,622021
-308347,624021
-310347,624021
-312347,626021
-314347,626021
-316347,626021
-318347,626021
-320347,626021
-322347,628021
-324347,628021
-326347,628021
-328347,628021
-330347,628021
-332347,628021
-334347,62021
-334347,64021
-334347,66021
-334347,628021
-336347,60021
-336347,68021
-336347,628021
-338347,60021
-338347,70021
-338347,626021
-340347,58021
-340347,70021
-340347,80021
-340347,82021
-340347,626021
-342347,58021
-342347,72021
-342347,74021
-342347,76021
-342347,78021
-342347,84021
-342347,626021
-344347,56021
-344347,78021
-344347,80021
-344347,82021
-344347,624021
-346347,54021
-346347,76021
-346347,624021
-348347,52021
-348347,76021
-348347,620021
-348347,622021
-350347,46021
-350347,48021
-350347,50021
-350347,76021
-350347,618021
-350347,622021
-352347,44021
-352347,74021
-352347,616021
-354347,74021
-354347,616021
-356347,76021
-356347,614021
-358347,76021
-358347,614021
-360347,78021
-360347,614021
-362347,78021
-362347,614021
-364347,80021
-364347,614021
-366347,82021
-366347,612021
-368347,84021
-368347,612021
-370347,84021
-370347,610021
-370347,612021
-372347,86021
-372347,146021
-372347,148021
-372347,608021
-374347,88021
-374347,142021
-374347,144021
-374347,150021
-374347,606021
-376347,90021
-376347,92021
-376347,138021
-376347,140021
-376347,152021
-376347,154021
-376347,606021
-378347,94021
-378347,96021
-378347,98021
-378347,132021
-378347,134021
-378347,136021
-378347,156021
-378347,604021
-380347,100021
-380347,102021
-380347,128021
-380347,130021
-380347,158021
-380347,604021
-382347,104021
-382347,122021
-382347,124021
-382347,126021
-382347,158021
-382347,600021
-382347,602021
-384347,106021
-384347,108021
-384347,110021
-384347,112021
-384347,114021
-384347,116021
-384347,118021
-384347,120021
-384347,160021
-384347,596021
-384347,598021
-386347,160021
-386347,594021
-388347,160021
-388347,592021
-390347,162021
-390347,590021
-392347,162021
-392347,588021
-394347,162021
-394347,584021
-394347,586021
-396347,162021
-396347,582021
-398347,162021
-398347,580021
-400347,162021
-400347,578021
-402347,162021
-402347,576021
-404347,164021
-404347,572021
-404347,574021
-406347,166021
-406347,568021
-406347,570021
-408347,168021
-408347,206021
-408347,558021
-408347,560021
-408347,562021
-408347,564021
-408347,566021
-410347,168021
-410347,204021
-410347,208021
-410347,210021
-410347,212021
-410347,214021
-410347,216021
-410347,218021
-410347,556021
-412347,170021
-412347,202021
-412347,220021
-412347,222021
-412347,224021
-412347,554021
-414347,172021
-414347,174021
-414347,202021
-414347,226021
-414347,552021
-416347,176021
-416347,178021
-416347,200021
-416347,228021
-416347,230021
-416347,232021
-416347,550021
-418347,180021
-418347,200021
-418347,234021
-418347,236021
-418347,550021
-420347,182021
-420347,198021
-420347,238021
-420347,546021
-420347,548021
-422347,182021
-422347,196021
-422347,238021
-422347,542021
-422347,544021
-424347,184021
-424347,186021
-424347,192021
-424347,194021
-424347,238021
-424347,440021
-424347,442021
-424347,536021
-424347,538021
-424347,540021
-426347,188021
-426347,190021
-426347,238021
-426347,436021
-426347,438021
-426347,444021
-426347,446021
-426347,526021
-426347,528021
-426347,530021
-426347,532021
-426347,534021
-428347,240021
-428347,434021
-428347,448021
-428347,520021
-428347,522021
-428347,524021
-430347,240021
-430347,242021
-430347,244021
-430347,416021
-430347,418021
-430347,420021
-430347,422021
-430347,430021
-430347,432021
-430347,450021
-430347,518021
-432347,246021
-432347,248021
-432347,250021
-432347,252021
-432347,254021
-432347,256021
-432347,258021
-432347,260021
-432347,292021
-432347,294021
-432347,296021
-432347,298021
-432347,414021
-432347,424021
-432347,426021
-432347,428021
-432347,452021
-432347,516021
-434347,262021
-434347,264021
-434347,290021
-434347,300021
-434347,406021
-434347,408021
-434347,410021
-434347,412021
-434347,454021
-434347,456021
-434347,458021
-434347,462021
-434347,464021
-434347,466021
-434347,468021
-434347,470021
-434347,472021
-434347,514021
-436347,266021
-436347,268021
-436347,270021
-436347,290021
-436347,302021
-436347,398021
-436347,400021
-436347,402021
-436347,404021
-436347,460021
-436347,474021
-436347,476021
-436347,488021
-436347,512021
-436347,514021
-438347,272021
-438347,274021
-438347,288021
-438347,302021
-438347,394021
-438347,396021
-438347,478021
-438347,480021
-438347,482021
-438347,484021
-438347,486021
-438347,490021
-438347,492021
-438347,494021
-438347,510021
-440347,276021
-440347,288021
-440347,302021
-440347,388021
-440347,390021
-440347,392021
-440347,496021
-440347,508021
-442347,278021
-442347,286021
-442347,304021
-442347,386021
-442347,498021
-442347,500021
-442347,502021
-442347,504021
-442347,506021
-444347,280021
-444347,282021
-444347,284021
-444347,306021
-444347,308021
-444347,310021
-444347,374021
-444347,384021
-446347,312021
-446347,314021
-446347,316021
-446347,318021
-446347,320021
-446347,372021
-446347,376021
-446347,378021
-446347,380021
-446347,382021
-448347,322021
-448347,324021
-448347,326021
-448347,328021
-448347,330021
-448347,370021
-450347,332021
-450347,334021
-450347,336021
-450347,338021
-450347,340021
-450347,342021
-450347,344021
-450347,346021
-450347,364021
-450347,366021
-450347,368021
-452347,348021
-452347,350021
-452347,354021
-452347,356021
-452347,358021
-452347,360021
-452347,362021
-454347,352021
