211652,236021
211652,240021
211652,244021
211652,248021
211652,252021
211652,256021
211652,260021
211652,264021
211652,268021
211652,272021
211652,276021
211652,280021
211652,284021
211652,288021
211652,292021
211652,296021
211652,300021
211652,304021
211652,308021
211652,312021
211652,316021
211652,320021
211652,324021
211652,328021
211652,332021
211652,336021
211652,340021
207652,220021
207652,224021
207652,228021
207652,236021
207652,240021
207652,244021
207652,248021
207652,252021
207652,256021
207652,260021
207652,264021
207652,268021
207652,272021
207652,276021
207652,280021
207652,284021
207652,288021
207652,292021
207652,296021
207652,300021
207652,304021
207652,308021
207652,312021
207652,316021
207652,324021
207652,328021
203652,212021
203652,216021
203652,220021
203652,224021
203652,228021
203652,232021
203652,236021
203652,240021
203652,244021
203652,248021
203652,252021
203652,256021
203652,260021
203652,264021
203652,268021
203652,272021
203652,276021
203652,280021
203652,284021
203652,288021
203652,292021
203652,296021
203652,300021
203652,304021
203652,308021
203652,312021
199652,208021
199652,212021
199652,216021
199652,220021
199652,224021
199652,228021
199652,232021
199652,236021
199652,240021
199652,244021
199652,248021
199652,252021
199652,256021
199652,260021
199652,264021
199652,268021
199652,272021
199652,276021
199652,280021
199652,284021
199652,288021
199652,292021
199652,296021
199652,300021
199652,304021
199652,308021
199652,312021
195652,204021
195652,208021
195652,212021
195652,216021
195652,220021
195652,224021
195652,228021
195652,232021
195652,236021
195652,240021
195652,244021
195652,248021
195652,252021
195652,256021
195652,260021
195652,264021
195652,268021
195652,272021
195652,276021
195652,280021
195652,284021
195652,288021
195652,292021
195652,296021
195652,300021
195652,304021
195652,308021
195652,312021
191652,200021
191652,204021
191652,208021
191652,212021
191652,216021
191652,220021
191652,224021
191652,228021
191652,232021
191652,236021
191652,240021
191652,244021
191652,248021
191652,252021
191652,256021
191652,260021
191652,264021
191652,268021
191652,272021
191652,276021
191652,280021
191652,284021
191652,288021
191652,292021
191652,296021
191652,300021
191652,304021
191652,308021
191652,312021
191652,316021
191652,320021
191652,324021
187652,176021
187652,180021
187652,184021
187652,188021
187652,196021
187652,200021
187652,204021
187652,208021
187652,212021
187652,216021
187652,220021
187652,224021
187652,228021
187652,232021
187652,236021
187652,240021
187652,244021
187652,248021
187652,252021
187652,256021
187652,260021
187652,264021
187652,268021
187652,272021
187652,276021
187652,280021
187652,284021
187652,288021
187652,292021
187652,296021
187652,300021
187652,308021
187652,312021
187652,316021
187652,320021
187652,324021
187652,328021
183652,164021
183652,168021
183652,172021
183652,176021
183652,180021
183652,184021
183652,188021
183652,192021
183652,196021
183652,200021
183652,204021
183652,208021
183652,212021
183652,216021
183652,220021
183652,224021
183652,228021
183652,232021
183652,236021
183652,240021
183652,244021
183652,248021
183652,252021
183652,256021
183652,260021
183652,264021
183652,268021
183652,272021
183652,276021
183652,280021
183652,284021
183652,288021
183652,308021
183652,312021
183652,316021
183652,320021
183652,324021
179652,160021
179652,164021
179652,168021
179652,172021
179652,176021
179652,180021
179652,184021
179652,188021
179652,192021
179652,196021
179652,200021
179652,204021
179652,208021
179652,212021
179652,216021
179652,220021
179652,224021
179652,228021
179652,232021
179652,236021
179652,240021
179652,244021
179652,248021
179652,252021
179652,256021
179652,260021
179652,264021
179652,272021
179652,276021
179652,280021
179652,284021
175652,144021
175652,156021
175652,160021
175652,164021
175652,168021
175652,172021
175652,176021
175652,180021
175652,184021
175652,188021
175652,192021
175652,196021
175652,200021
175652,204021
175652,208021
175652,212021
175652,216021
175652,220021
175652,224021
175652,228021
175652,232021
175652,236021
175652,240021
175652,244021
175652,248021
175652,252021
175652,256021
175652,260021
175652,264021
171652,76021
171652,120021
171652,124021
171652,128021
171652,132021
171652,136021
171652,140021
171652,144021
171652,148021
171652,152021
171652,156021
171652,160021
171652,164021
171652,168021
171652,172021
171652,176021
171652,180021
171652,184021
171652,188021
171652,192021
171652,196021
171652,200021
171652,204021
171652,208021
171652,212021
171652,216021
171652,220021
171652,224021
171652,228021
171652,232021
171652,236021
171652,240021
171652,244021
171652,248021
171652,252021
171652,256021
171652,260021
171652,264021
167652,76021
167652,80021
167652,116021
167652,120021
167652,124021
167652,128021
167652,132021
167652,136021
167652,140021
167652,144021
167652,148021
167652,152021
167652,156021
167652,160021
167652,164021
167652,168021
167652,172021
167652,176021
167652,180021
167652,184021
167652,188021
167652,192021
167652,196021
167652,200021
167652,204021
167652,208021
167652,212021
167652,216021
167652,220021
167652,224021
167652,228021
167652,232021
167652,236021
167652,240021
167652,244021
167652,248021
167652,252021
167652,256021
167652,260021
167652,264021
167652,268021
163652,76021
163652,80021
163652,112021
163652,116021
163652,120021
163652,124021
163652,128021
163652,132021
163652,136021
163652,140021
163652,144021
163652,148021
163652,152021
163652,156021
163652,160021
163652,164021
163652,168021
163652,172021
163652,176021
163652,180021
163652,184021
163652,188021
163652,192021
163652,196021
163652,200021
163652,204021
163652,208021
163652,212021
163652,216021
163652,220021
163652,224021
163652,228021
163652,232021
163652,236021
163652,240021
163652,244021
163652,248021
163652,252021
163652,256021
163652,260021
163652,264021
163652,268021
159652,80021
159652,108021
159652,112021
159652,116021
159652,120021
159652,124021
159652,128021
159652,132021
159652,136021
159652,140021
159652,144021
159652,148021
159652,152021
159652,156021
159652,160021
159652,164021
159652,168021
159652,172021
159652,176021
159652,180021
159652,184021
159652,188021
159652,192021
159652,196021
159652,200021
159652,204021
159652,208021
159652,212021
159652,216021
159652,220021
159652,224021
159652,228021
159652,232021
159652,236021
159652,240021
159652,244021
159652,248021
159652,252021
159652,256021
159652,260021
159652,264021
159652,268021
159652,272021
155652,80021
155652,84021
155652,104021
155652,108021
155652,112021
155652,116021
155652,120021
155652,124021
155652,128021
155652,132021
155652,136021
155652,144021
155652,148021
155652,152021
155652,156021
155652,160021
155652,164021
155652,168021
155652,172021
155652,176021
155652,180021
155652,184021
155652,188021
155652,192021
155652,196021
155652,200021
155652,204021
155652,208021
155652,212021
155652,216021
155652,220021
155652,224021
155652,228021
155652,232021
155652,236021
155652,240021
155652,244021
155652,248021
155652,252021
155652,256021
155652,260021
155652,264021
155652,268021
155652,272021
151652,68021
151652,80021
151652,84021
151652,96021
151652,100021
151652,104021
151652,108021
151652,112021
151652,116021
151652,120021
151652,124021
151652,128021
151652,132021
151652,136021
151652,140021
151652,144021
151652,148021
151652,152021
151652,156021
151652,160021
151652,164021
151652,168021
151652,172021
151652,176021
151652,180021
151652,184021
151652,188021
151652,192021
151652,196021
151652,200021
151652,204021
151652,208021
151652,212021
151652,216021
151652,220021
151652,224021
151652,228021
151652,232021
151652,236021
151652,240021
151652,244021
151652,248021
151652,252021
151652,256021
151652,260021
151652,264021
151652,268021
151652,272021
151652,276021
151652,280021
151652,284021
151652,288021
151652,292021
147652,72021
147652,80021
147652,84021
147652,88021
147652,92021
147652,96021
147652,100021
147652,104021
147652,108021
147652,112021
147652,116021
147652,120021
147652,124021
147652,128021
147652,132021
147652,136021
147652,140021
147652,144021
147652,148021
147652,152021
147652,156021
147652,160021
147652,164021
147652,168021
147652,172021
147652,176021
147652,180021
147652,184021
147652,188021
147652,192021
147652,196021
147652,200021
147652,204021
147652,208021
147652,212021
147652,216021
147652,220021
147652,224021
147652,228021
147652,232021
147652,236021
147652,240021
147652,244021
147652,248021
147652,252021
147652,256021
147652,260021
147652,264021
147652,268021
147652,272021
147652,276021
147652,280021
147652,284021
147652,288021
147652,292021
147652,296021
143652,72021
143652,84021
143652,88021
143652,92021
143652,96021
143652,100021
143652,104021
143652,108021
143652,112021
143652,116021
143652,120021
143652,124021
143652,128021
143652,132021
143652,136021
143652,140021
143652,144021
143652,148021
143652,152021
143652,156021
143652,160021
143652,164021
143652,168021
143652,172021
143652,176021
143652,180021
143652,184021
143652,188021
143652,192021
143652,196021
143652,200021
143652,204021
143652,208021
143652,212021
143652,216021
143652,220021
143652,224021
143652,228021
143652,232021
143652,236021
143652,240021
143652,244021
143652,248021
143652,252021
143652,256021
143652,260021
143652,264021
143652,268021
143652,272021
143652,276021
143652,280021
143652,284021
143652,288021
143652,292021
143652,296021
143652,300021
139652,72021
139652,84021
139652,88021
139652,92021
139652,96021
139652,100021
139652,104021
139652,108021
139652,112021
139652,116021
139652,120021
139652,124021
139652,128021
139652,132021
139652,136021
139652,140021
139652,144021
139652,148021
139652,152021
139652,156021
139652,160021
139652,164021
139652,168021
139652,172021
139652,176021
139652,180021
139652,184021
139652,188021
139652,192021
139652,196021
139652,200021
139652,204021
139652,208021
139652,212021
139652,216021
139652,220021
139652,224021
139652,228021
139652,232021
139652,236021
139652,240021
139652,244021
139652,248021
139652,252021
139652,256021
139652,260021
139652,264021
139652,268021
139652,272021
139652,276021
139652,280021
139652,284021
139652,288021
139652,292021
139652,296021
139652,300021
139652,304021
135652,64021
135652,68021
135652,72021
135652,76021
135652,84021
135652,88021
135652,92021
135652,96021
135652,100021
135652,104021
135652,108021
135652,112021
135652,116021
135652,120021
135652,124021
135652,128021
135652,132021
135652,136021
135652,140021
135652,144021
135652,148021
135652,152021
135652,156021
135652,160021
135652,164021
135652,168021
135652,172021
135652,176021
135652,180021
135652,184021
135652,188021
135652,192021
135652,196021
135652,200021
135652,204021
135652,208021
135652,212021
135652,216021
135652,220021
135652,224021
135652,228021
135652,232021
135652,236021
135652,240021
135652,244021
135652,248021
135652,252021
135652,256021
135652,260021
135652,264021
135652,268021
135652,272021
135652,276021
135652,280021
135652,284021
135652,288021
135652,292021
135652,296021
135652,300021
135652,304021
135652,308021
131652,64021
131652,68021
131652,72021
131652,76021
131652,80021
131652,84021
131652,88021
131652,92021
131652,96021
131652,100021
131652,104021
131652,108021
131652,112021
131652,116021
131652,120021
131652,124021
131652,128021
131652,132021
131652,136021
131652,140021
131652,144021
131652,148021
131652,152021
131652,156021
131652,160021
131652,164021
131652,168021
131652,172021
131652,176021
131652,180021
131652,184021
131652,188021
131652,192021
131652,196021
131652,200021
131652,204021
131652,208021
131652,212021
131652,216021
131652,220021
131652,224021
131652,228021
131652,232021
131652,236021
131652,240021
131652,244021
131652,248021
131652,252021
131652,256021
131652,260021
131652,264021
131652,268021
131652,272021
131652,276021
131652,280021
131652,284021
131652,288021
131652,292021
131652,296021
131652,300021
131652,304021
131652,308021
131652,312021
127652,60021
127652,64021
127652,68021
127652,72021
127652,76021
127652,80021
127652,84021
127652,88021
127652,92021
127652,96021
127652,100021
127652,104021
127652,108021
127652,112021
127652,116021
127652,120021
127652,124021
127652,128021
127652,132021
127652,136021
127652,140021
127652,144021
127652,148021
127652,152021
127652,156021
127652,160021
127652,164021
127652,168021
127652,172021
127652,176021
127652,180021
127652,184021
127652,188021
127652,192021
127652,196021
127652,200021
127652,204021
127652,208021
127652,212021
127652,216021
127652,220021
127652,224021
127652,228021
127652,232021
127652,236021
127652,240021
127652,244021
127652,248021
127652,252021
127652,256021
127652,260021
127652,264021
127652,268021
127652,272021
127652,276021
127652,280021
127652,284021
127652,288021
127652,292021
127652,296021
127652,300021
127652,304021
127652,308021
127652,312021
127652,316021
127652,320021
123652,48021
123652,52021
123652,56021
123652,60021
123652,64021
123652,68021
123652,72021
123652,76021
123652,80021
123652,84021
123652,88021
123652,92021
123652,96021
123652,100021
123652,104021
123652,108021
123652,112021
123652,116021
123652,120021
123652,124021
123652,128021
123652,132021
123652,136021
123652,140021
123652,144021
123652,148021
123652,152021
123652,156021
123652,160021
123652,164021
123652,168021
123652,172021
123652,176021
123652,180021
123652,184021
123652,188021
123652,192021
123652,196021
123652,200021
123652,204021
123652,208021
123652,212021
123652,216021
123652,220021
123652,224021
123652,228021
123652,232021
123652,236021
123652,240021
123652,244021
123652,248021
123652,252021
123652,256021
123652,260021
123652,264021
123652,268021
123652,272021
123652,276021
123652,280021
123652,284021
123652,288021
123652,292021
123652,296021
123652,300021
123652,312021
123652,316021
123652,320021
123652,324021
123652,328021
119652,44021
119652,48021
119652,52021
119652,56021
119652,60021
119652,64021
119652,68021
119652,72021
119652,76021
119652,80021
119652,84021
119652,88021
119652,92021
119652,96021
119652,100021
119652,104021
119652,108021
119652,112021
119652,116021
119652,120021
119652,124021
119652,128021
119652,132021
119652,136021
119652,140021
119652,144021
119652,148021
119652,152021
119652,156021
119652,160021
119652,164021
119652,168021
119652,172021
119652,176021
119652,180021
119652,184021
119652,188021
119652,192021
119652,196021
119652,200021
119652,204021
119652,208021
119652,212021
119652,216021
119652,220021
119652,224021
119652,228021
119652,232021
119652,236021
119652,240021
119652,244021
119652,248021
119652,252021
119652,256021
119652,260021
119652,264021
119652,268021
119652,272021
119652,276021
119652,280021
119652,284021
119652,288021
119652,292021
119652,296021
119652,300021
119652,316021
119652,320021
119652,324021
119652,328021
115652,44021
115652,48021
115652,52021
115652,56021
115652,60021
115652,72021
115652,76021
115652,80021
115652,84021
115652,88021
115652,92021
115652,96021
115652,100021
115652,104021
115652,108021
115652,112021
115652,116021
115652,120021
115652,124021
115652,128021
115652,132021
115652,136021
115652,140021
115652,144021
115652,148021
115652,152021
115652,156021
115652,160021
115652,164021
115652,168021
115652,172021
115652,176021
115652,180021
115652,184021
115652,188021
115652,192021
115652,196021
115652,200021
115652,204021
115652,208021
115652,212021
115652,216021
115652,220021
115652,224021
115652,228021
115652,232021
115652,236021
115652,240021
115652,244021
115652,248021
115652,252021
115652,256021
115652,260021
115652,264021
115652,268021
115652,272021
115652,276021
115652,280021
115652,284021
115652,288021
115652,292021
115652,296021
115652,324021
115652,332021
111652,44021
111652,48021
111652,52021
111652,56021
111652,68021
111652,72021
111652,76021
111652,80021
111652,84021
111652,88021
111652,92021
111652,96021
111652,100021
111652,104021
111652,108021
111652,112021
111652,116021
111652,120021
111652,124021
111652,128021
111652,132021
111652,136021
111652,140021
111652,144021
111652,148021
111652,152021
111652,156021
111652,160021
111652,164021
111652,168021
111652,172021
111652,176021
111652,180021
111652,184021
111652,188021
111652,192021
111652,196021
111652,200021
111652,204021
111652,208021
111652,212021
111652,216021
111652,220021
111652,224021
111652,228021
111652,232021
111652,236021
111652,240021
111652,244021
111652,248021
111652,252021
111652,256021
111652,260021
111652,264021
111652,268021
111652,272021
111652,276021
111652,280021
111652,284021
111652,296021
107652,44021
107652,48021
107652,52021
107652,60021
107652,64021
107652,68021
107652,72021
107652,76021
107652,80021
107652,84021
107652,88021
107652,92021
107652,96021
107652,100021
107652,104021
107652,108021
107652,112021
107652,116021
107652,120021
107652,124021
107652,128021
107652,132021
107652,136021
107652,140021
107652,144021
107652,148021
107652,152021
107652,156021
107652,160021
107652,164021
107652,168021
107652,172021
107652,176021
107652,180021
107652,184021
107652,188021
107652,192021
107652,196021
107652,200021
107652,204021
107652,208021
107652,212021
107652,216021
107652,220021
107652,224021
107652,228021
107652,232021
107652,236021
107652,240021
107652,244021
107652,248021
107652,252021
107652,256021
107652,260021
107652,264021
107652,268021
107652,272021
107652,276021
107652,280021
107652,296021
103652,44021
103652,48021
103652,52021
103652,56021
103652,60021
103652,64021
103652,68021
103652,72021
103652,76021
103652,80021
103652,84021
103652,88021
103652,92021
103652,96021
103652,100021
103652,104021
103652,108021
103652,112021
103652,116021
103652,120021
103652,124021
103652,128021
103652,132021
103652,136021
103652,140021
103652,144021
103652,148021
103652,152021
103652,156021
103652,160021
103652,164021
103652,168021
103652,172021
103652,176021
103652,180021
103652,184021
103652,188021
103652,192021
103652,196021
103652,200021
103652,204021
103652,208021
103652,212021
103652,216021
103652,220021
103652,224021
103652,228021
103652,232021
103652,236021
103652,240021
103652,244021
103652,248021
103652,252021
103652,256021
103652,260021
103652,264021
103652,268021
103652,272021
103652,276021
103652,280021
103652,296021
99652,44021
99652,48021
99652,52021
99652,56021
99652,60021
99652,64021
99652,68021
99652,72021
99652,76021
99652,80021
99652,84021
99652,88021
99652,92021
99652,96021
99652,100021
99652,104021
99652,108021
99652,112021
99652,116021
99652,120021
99652,124021
99652,128021
99652,132021
99652,136021
99652,140021
99652,144021
99652,148021
99652,152021
99652,156021
99652,160021
99652,164021
99652,168021
99652,172021
99652,176021
99652,180021
99652,184021
99652,188021
99652,192021
99652,196021
99652,200021
99652,204021
99652,208021
99652,212021
99652,216021
99652,220021
99652,224021
99652,228021
99652,232021
99652,236021
99652,240021
99652,244021
99652,248021
99652,252021
99652,256021
99652,260021
99652,264021
99652,268021
99652,272021
99652,276021
99652,280021
95652,48021
95652,52021
95652,56021
95652,60021
95652,64021
95652,68021
95652,72021
95652,76021
95652,80021
95652,84021
95652,88021
95652,92021
95652,96021
95652,100021
95652,104021
95652,108021
95652,112021
95652,116021
95652,120021
95652,124021
95652,128021
95652,132021
95652,136021
95652,140021
95652,144021
95652,148021
95652,152021
95652,156021
95652,160021
95652,164021
95652,168021
95652,172021
95652,176021
95652,180021
95652,184021
95652,188021
95652,192021
95652,196021
95652,200021
95652,204021
95652,208021
95652,212021
95652,216021
95652,220021
95652,224021
95652,228021
95652,232021
95652,236021
95652,240021
95652,244021
95652,248021
95652,252021
95652,256021
95652,260021
95652,264021
95652,268021
95652,272021
95652,276021
91652,44021
91652,48021
91652,52021
91652,56021
91652,60021
91652,64021
91652,68021
91652,72021
91652,76021
91652,80021
91652,84021
91652,88021
91652,92021
91652,96021
91652,100021
91652,104021
91652,108021
91652,112021
91652,116021
91652,120021
91652,124021
91652,128021
91652,132021
91652,136021
91652,140021
91652,144021
91652,148021
91652,152021
91652,156021
91652,160021
91652,164021
91652,168021
91652,172021
91652,176021
91652,180021
91652,184021
91652,188021
91652,192021
91652,196021
91652,200021
91652,204021
91652,208021
91652,212021
91652,216021
91652,220021
91652,224021
91652,228021
91652,232021
91652,236021
91652,240021
91652,244021
91652,248021
91652,252021
91652,256021
91652,260021
91652,264021
91652,268021
91652,272021
91652,276021
87652,48021
87652,52021
87652,56021
87652,60021
87652,64021
87652,68021
87652,72021
87652,76021
87652,80021
87652,84021
87652,88021
87652,92021
87652,96021
87652,100021
87652,104021
87652,108021
87652,112021
87652,116021
87652,120021
87652,124021
87652,128021
87652,132021
87652,136021
87652,140021
87652,144021
87652,148021
87652,152021
87652,156021
87652,160021
87652,164021
87652,168021
87652,172021
87652,176021
87652,180021
87652,184021
87652,188021
87652,192021
87652,196021
87652,200021
87652,204021
87652,208021
87652,212021
87652,216021
87652,220021
87652,224021
87652,228021
87652,232021
87652,236021
87652,240021
87652,244021
87652,248021
87652,252021
87652,256021
87652,260021
87652,264021
87652,268021
87652,272021
87652,276021
83652,52021
83652,56021
83652,60021
83652,64021
83652,68021
83652,72021
83652,76021
83652,80021
83652,84021
83652,88021
83652,92021
83652,96021
83652,100021
83652,104021
83652,108021
83652,112021
83652,116021
83652,120021
83652,124021
83652,128021
83652,132021
83652,136021
83652,140021
83652,144021
83652,148021
83652,152021
83652,156021
83652,160021
83652,164021
83652,168021
83652,172021
83652,176021
83652,180021
83652,184021
83652,188021
83652,192021
83652,196021
83652,200021
83652,204021
83652,208021
83652,212021
83652,216021
83652,220021
83652,224021
83652,228021
83652,232021
83652,236021
83652,240021
83652,244021
83652,248021
83652,252021
83652,256021
83652,260021
83652,264021
83652,268021
83652,272021
83652,276021
79652,48021
79652,52021
79652,56021
79652,60021
79652,64021
79652,68021
79652,72021
79652,76021
79652,80021
79652,84021
79652,88021
79652,92021
79652,96021
79652,100021
79652,104021
79652,108021
79652,112021
79652,116021
79652,120021
79652,124021
79652,128021
79652,132021
79652,136021
79652,140021
79652,144021
79652,148021
79652,152021
79652,156021
79652,160021
79652,164021
79652,168021
79652,172021
79652,176021
79652,180021
79652,184021
79652,188021
79652,192021
79652,196021
79652,200021
79652,204021
79652,208021
79652,212021
79652,216021
79652,220021
79652,224021
79652,228021
79652,232021
79652,236021
79652,240021
79652,244021
79652,248021
79652,252021
79652,256021
79652,260021
79652,264021
79652,268021
79652,272021
75652,44021
75652,48021
75652,52021
75652,56021
75652,60021
75652,64021
75652,68021
75652,72021
75652,76021
75652,80021
75652,84021
75652,88021
75652,92021
75652,96021
75652,100021
75652,104021
75652,108021
75652,112021
75652,116021
75652,120021
75652,124021
75652,128021
75652,132021
75652,136021
75652,140021
75652,144021
75652,148021
75652,152021
75652,156021
75652,160021
75652,164021
75652,168021
75652,172021
75652,176021
75652,180021
75652,184021
75652,188021
75652,192021
75652,196021
75652,200021
75652,204021
75652,208021
75652,212021
75652,216021
75652,220021
75652,224021
75652,228021
75652,232021
75652,236021
75652,240021
75652,244021
75652,248021
75652,252021
75652,256021
75652,260021
75652,264021
75652,268021
71652,44021
71652,48021
71652,52021
71652,56021
71652,60021
71652,64021
71652,68021
71652,72021
71652,76021
71652,80021
71652,84021
71652,88021
71652,92021
71652,96021
71652,100021
71652,104021
71652,108021
71652,112021
71652,116021
71652,120021
71652,124021
71652,128021
71652,132021
71652,136021
71652,140021
71652,144021
71652,148021
71652,152021
71652,156021
71652,160021
71652,164021
71652,168021
71652,172021
71652,176021
71652,180021
71652,184021
71652,188021
71652,192021
71652,196021
71652,200021
71652,204021
71652,208021
71652,212021
71652,216021
71652,220021
71652,224021
71652,228021
71652,232021
71652,236021
71652,240021
71652,244021
71652,248021
71652,252021
71652,256021
71652,260021
67652,44021
67652,48021
67652,52021
67652,56021
67652,60021
67652,64021
67652,68021
67652,72021
67652,76021
67652,80021
67652,84021
67652,88021
67652,92021
67652,96021
67652,100021
67652,104021
67652,108021
67652,112021
67652,116021
67652,120021
67652,124021
67652,128021
67652,132021
67652,136021
67652,140021
67652,144021
67652,148021
67652,152021
67652,156021
67652,160021
67652,164021
67652,168021
67652,172021
67652,176021
67652,180021
67652,184021
67652,188021
67652,192021
67652,196021
67652,200021
67652,204021
67652,208021
67652,212021
67652,216021
67652,220021
67652,224021
67652,228021
67652,232021
67652,236021
67652,240021
67652,244021
67652,248021
67652,252021
67652,256021
63652,48021
63652,52021
63652,56021
63652,60021
63652,64021
63652,68021
63652,72021
63652,76021
63652,80021
63652,84021
63652,88021
63652,92021
63652,96021
63652,100021
63652,104021
63652,108021
63652,112021
63652,116021
63652,120021
63652,124021
63652,128021
63652,132021
63652,136021
63652,140021
63652,144021
63652,148021
63652,152021
63652,156021
63652,160021
63652,164021
63652,168021
63652,172021
63652,176021
63652,180021
63652,184021
63652,188021
63652,192021
63652,196021
63652,200021
63652,204021
63652,208021
63652,212021
63652,216021
63652,220021
63652,224021
63652,228021
63652,232021
63652,236021
63652,240021
63652,244021
63652,248021
63652,252021
63652,256021
59652,56021
59652,64021
59652,68021
59652,72021
59652,76021
59652,80021
59652,84021
59652,88021
59652,92021
59652,96021
59652,100021
59652,104021
59652,108021
59652,112021
59652,116021
59652,120021
59652,124021
59652,128021
59652,132021
59652,136021
59652,140021
59652,144021
59652,148021
59652,152021
59652,156021
59652,160021
59652,164021
59652,168021
59652,172021
59652,176021
59652,180021
59652,184021
59652,188021
59652,192021
59652,196021
59652,200021
59652,204021
59652,208021
59652,212021
59652,216021
59652,220021
59652,224021
59652,228021
59652,232021
59652,236021
59652,240021
59652,244021
59652,248021
59652,252021
59652,256021
55652,60021
55652,64021
55652,68021
55652,72021
55652,76021
55652,80021
55652,84021
55652,88021
55652,92021
55652,96021
55652,100021
55652,104021
55652,108021
55652,112021
55652,116021
55652,120021
55652,124021
55652,128021
55652,132021
55652,136021
55652,140021
55652,144021
55652,148021
55652,152021
55652,156021
55652,160021
55652,164021
55652,168021
55652,172021
55652,176021
55652,180021
55652,184021
55652,188021
55652,192021
55652,196021
55652,200021
55652,204021
55652,208021
55652,212021
55652,216021
55652,220021
55652,224021
55652,228021
55652,232021
55652,236021
55652,240021
55652,244021
55652,248021
55652,252021
55652,256021
51652,64021
51652,68021
51652,72021
51652,76021
51652,80021
51652,84021
51652,88021
51652,92021
51652,96021
51652,100021
51652,104021
51652,108021
51652,112021
51652,116021
51652,120021
51652,124021
51652,128021
51652,132021
51652,136021
51652,140021
51652,144021
51652,148021
51652,152021
51652,156021
51652,160021
51652,164021
51652,168021
51652,172021
51652,176021
51652,180021
51652,184021
51652,188021
51652,192021
51652,196021
51652,200021
51652,204021
51652,208021
51652,212021
51652,216021
51652,220021
51652,224021
51652,228021
51652,232021
51652,236021
51652,240021
51652,244021
51652,248021
51652,252021
51652,256021
47652,64021
47652,68021
47652,72021
47652,76021
47652,80021
47652,84021
47652,88021
47652,92021
47652,96021
47652,100021
47652,104021
47652,108021
47652,112021
47652,116021
47652,120021
47652,124021
47652,128021
47652,132021
47652,136021
47652,140021
47652,144021
47652,148021
47652,152021
47652,156021
47652,160021
47652,164021
47652,168021
47652,172021
47652,176021
47652,180021
47652,184021
47652,188021
47652,192021
47652,196021
47652,200021
47652,204021
47652,208021
47652,212021
47652,216021
47652,220021
47652,224021
47652,228021
47652,232021
47652,236021
47652,240021
47652,244021
47652,248021
47652,252021
47652,256021
43652,68021
43652,76021
43652,80021
43652,84021
43652,88021
43652,92021
43652,96021
43652,100021
43652,104021
43652,108021
43652,112021
43652,116021
43652,120021
43652,124021
43652,128021
43652,132021
43652,136021
43652,140021
43652,144021
43652,148021
43652,152021
43652,156021
43652,160021
43652,164021
43652,168021
43652,172021
43652,176021
43652,180021
43652,184021
43652,188021
43652,192021
43652,196021
43652,200021
43652,204021
43652,208021
43652,212021
43652,216021
43652,220021
43652,224021
43652,228021
43652,232021
43652,236021
43652,240021
43652,244021
43652,248021
43652,252021
43652,256021
39652,64021
39652,68021
39652,72021
39652,76021
39652,80021
39652,84021
39652,88021
39652,92021
39652,96021
39652,100021
39652,104021
39652,108021
39652,112021
39652,116021
39652,120021
39652,128021
39652,132021
39652,136021
39652,140021
39652,176021
39652,184021
39652,188021
39652,192021
39652,212021
39652,216021
39652,220021
39652,224021
39652,228021
39652,232021
39652,236021
39652,240021
39652,244021
39652,248021
39652,252021
39652,256021
35652,60021
35652,64021
35652,68021
35652,72021
35652,76021
35652,80021
35652,84021
35652,88021
35652,92021
35652,96021
35652,100021
35652,104021
35652,108021
35652,112021
35652,116021
35652,128021
35652,132021
35652,136021
35652,140021
35652,184021
35652,188021
35652,192021
35652,196021
35652,216021
35652,220021
35652,224021
35652,228021
35652,232021
35652,236021
35652,240021
35652,244021
35652,248021
35652,252021
31652,60021
31652,64021
31652,68021
31652,72021
31652,76021
31652,80021
31652,84021
31652,88021
31652,92021
31652,96021
31652,100021
31652,104021
31652,108021
31652,112021
31652,124021
31652,132021
31652,136021
31652,188021
31652,192021
31652,224021
31652,228021
31652,232021
31652,236021
31652,240021
31652,248021
27652,56021
27652,60021
27652,64021
27652,68021
27652,72021
27652,76021
27652,80021
27652,88021
27652,92021
27652,96021
27652,100021
27652,104021
27652,108021
27652,112021
27652,176021
27652,180021
27652,184021
27652,188021
27652,192021
27652,196021
27652,204021
27652,208021
27652,212021
27652,224021
27652,228021
27652,232021
27652,236021
27652,248021
27652,252021
23652,76021
23652,80021
23652,84021
23652,88021
23652,92021
23652,96021
23652,100021
23652,104021
23652,172021
23652,176021
23652,180021
23652,184021
23652,188021
23652,192021
23652,196021
23652,200021
23652,204021
23652,208021
23652,220021
23652,224021
23652,228021
23652,256021
19652,84021
19652,88021
19652,92021
19652,172021
19652,176021
19652,180021
19652,184021
19652,188021
19652,192021
19652,196021
19652,200021
15652,84021
15652,172021
15652,176021
15652,180021
15652,184021
11652,168021
11652,172021
11652,176021
11652,180021
11652,184021
11652,208021
11652,212021
11652,220021
11652,224021
7652,172021
7652,176021
7652,180021
7652,184021
7652,212021
7652,216021
7652,220021
7652,224021
3652,144021
3652,172021
3652,176021
3652,180021
3652,184021
3652,188021
3652,192021
3652,196021
3652,200021
3652,204021
3652,208021
3652,212021
3652,216021
3652,220021
3652,224021
-347,96021
-347,100021
-347,104021
-347,108021
-347,112021
-347,144021
-347,172021
-347,176021
-347,180021
-347,184021
-347,188021
-347,192021
-347,196021
-347,200021
-347,204021
-347,208021
-347,212021
-347,216021
-347,232021
-347,236021
-4347,92021
-4347,96021
-4347,100021
-4347,104021
-4347,108021
-4347,112021
-4347,116021
-4347,160021
-4347,164021
-4347,168021
-4347,172021
-4347,176021
-4347,180021
-4347,184021
-4347,188021
-4347,192021
-4347,196021
-4347,200021
-4347,204021
-4347,208021
-4347,212021
-4347,216021
-4347,220021
-4347,224021
-4347,228021
-4347,232021
-4347,236021
-8347,88021
-8347,92021
-8347,96021
-8347,100021
-8347,104021
-8347,108021
-8347,112021
-8347,116021
-8347,120021
-8347,136021
-8347,140021
-8347,144021
-8347,148021
-8347,152021
-8347,156021
-8347,160021
-8347,164021
-8347,168021
-8347,172021
-8347,176021
-8347,180021
-8347,184021
-8347,188021
-8347,192021
-8347,196021
-8347,200021
-8347,204021
-8347,208021
-8347,212021
-8347,216021
-8347,220021
-8347,224021
-8347,228021
-8347,232021
-12347,92021
-12347,96021
-12347,100021
-12347,104021
-12347,108021
-12347,112021
-12347,116021
-12347,120021
-12347,124021
-12347,128021
-12347,132021
-12347,136021
-12347,140021
-12347,144021
-12347,148021
-12347,152021
-12347,156021
-12347,160021
-12347,164021
-12347,168021
-12347,172021
-12347,176021
-12347,180021
-12347,184021
-12347,188021
-12347,192021
-12347,196021
-12347,200021
-12347,204021
-12347,208021
-12347,212021
-12347,216021
-12347,220021
-12347,224021
-12347,228021
-12347,232021
-12347,236021
-16347,80021
-16347,84021
-16347,88021
-16347,92021
-16347,96021
-16347,100021
-16347,104021
-16347,108021
-16347,112021
-16347,116021
-16347,120021
-16347,124021
-16347,128021
-16347,132021
-16347,136021
-16347,140021
-16347,144021
-16347,148021
-16347,152021
-16347,156021
-16347,160021
-16347,164021
-16347,168021
-16347,172021
-16347,176021
-16347,180021
-16347,184021
-16347,188021
-16347,192021
-16347,196021
-16347,200021
-16347,204021
-16347,208021
-16347,212021
-16347,216021
-16347,220021
-16347,224021
-16347,228021
-16347,232021
-16347,236021
-16347,240021
-20347,80021
-20347,84021
-20347,88021
-20347,92021
-20347,96021
-20347,100021
-20347,104021
-20347,108021
-20347,112021
-20347,116021
-20347,120021
-20347,124021
-20347,128021
-20347,132021
-20347,136021
-20347,140021
-20347,144021
-20347,148021
-20347,152021
-20347,156021
-20347,160021
-20347,164021
-20347,168021
-20347,172021
-20347,176021
-20347,180021
-20347,184021
-20347,188021
-20347,192021
-20347,196021
-20347,200021
-20347,204021
-20347,208021
-20347,212021
-20347,216021
-20347,220021
-20347,224021
-20347,228021
-20347,232021
-20347,236021
-20347,240021
-24347,72021
-24347,76021
-24347,80021
-24347,84021
-24347,88021
-24347,92021
-24347,96021
-24347,100021
-24347,104021
-24347,108021
-24347,112021
-24347,116021
-24347,120021
-24347,124021
-24347,128021
-24347,132021
-24347,136021
-24347,140021
-24347,144021
-24347,148021
-24347,152021
-24347,156021
-24347,160021
-24347,164021
-24347,168021
-24347,172021
-24347,176021
-24347,180021
-24347,184021
-24347,188021
-24347,192021
-24347,196021
-24347,200021
-24347,204021
-24347,208021
-24347,212021
-24347,216021
-24347,220021
-24347,224021
-24347,228021
-24347,232021
-24347,236021
-24347,240021
-28347,72021
-28347,76021
-28347,80021
-28347,84021
-28347,88021
-28347,92021
-28347,96021
-28347,100021
-28347,104021
-28347,108021
-28347,112021
-28347,116021
-28347,120021
-28347,124021
-28347,128021
-28347,132021
-28347,136021
-28347,140021
-28347,144021
-28347,148021
-28347,152021
-28347,156021
-28347,160021
-28347,164021
-28347,168021
-28347,172021
-28347,176021
-28347,180021
-28347,184021
-28347,188021
-28347,192021
-28347,196021
-28347,200021
-28347,204021
-28347,208021
-28347,212021
-28347,216021
-28347,220021
-28347,224021
-28347,228021
-28347,232021
-28347,236021
-28347,240021
-28347,244021
-32347,52021
-32347,56021
-32347,60021
-32347,72021
-32347,76021
-32347,80021
-32347,84021
-32347,88021
-32347,92021
-32347,96021
-32347,100021
-32347,104021
-32347,108021
-32347,112021
-32347,116021
-32347,120021
-32347,124021
-32347,128021
-32347,132021
-32347,136021
-32347,140021
-32347,144021
-32347,148021
-32347,152021
-32347,156021
-32347,160021
-32347,164021
-32347,168021
-32347,172021
-32347,176021
-32347,180021
-32347,184021
-32347,188021
-32347,192021
-32347,196021
-32347,200021
-32347,204021
-32347,208021
-32347,212021
-32347,216021
-32347,220021
-32347,224021
-32347,228021
-32347,232021
-32347,236021
-32347,240021
-32347,244021
-36347,44021
-36347,48021
-36347,52021
-36347,56021
-36347,60021
-36347,64021
-36347,68021
-36347,72021
-36347,76021
-36347,80021
-36347,84021
-36347,88021
-36347,92021
-36347,96021
-36347,100021
-36347,104021
-36347,108021
-36347,112021
-36347,116021
-36347,120021
-36347,124021
-36347,128021
-36347,132021
-36347,136021
-36347,140021
-36347,144021
-36347,148021
-36347,152021
-36347,156021
-36347,160021
-36347,164021
-36347,168021
-36347,172021
-36347,176021
-36347,180021
-36347,184021
-36347,188021
-36347,192021
-36347,196021
-36347,200021
-36347,204021
-36347,208021
-36347,212021
-36347,216021
-36347,220021
-36347,224021
-36347,228021
-36347,232021
-36347,236021
-36347,240021
-36347,244021
-36347,248021
-36347,252021
-36347,280021
-36347,284021
-40347,44021
-40347,48021
-40347,52021
-40347,56021
-40347,60021
-40347,64021
-40347,68021
-40347,72021
-40347,76021
-40347,80021
-40347,84021
-40347,88021
-40347,92021
-40347,96021
-40347,100021
-40347,104021
-40347,108021
-40347,112021
-40347,116021
-40347,120021
-40347,124021
-40347,128021
-40347,132021
-40347,136021
-40347,140021
-40347,144021
-40347,148021
-40347,152021
-40347,156021
-40347,160021
-40347,164021
-40347,168021
-40347,172021
-40347,176021
-40347,180021
-40347,184021
-40347,188021
-40347,192021
-40347,196021
-40347,200021
-40347,204021
-40347,208021
-40347,212021
-40347,216021
-40347,220021
-40347,224021
-40347,228021
-40347,232021
-40347,236021
-40347,240021
-40347,244021
-40347,248021
-40347,252021
-40347,256021
-40347,284021
-40347,288021
-44347,44021
-44347,48021
-44347,52021
-44347,56021
-44347,60021
-44347,64021
-44347,68021
-44347,72021
-44347,76021
-44347,80021
-44347,84021
-44347,88021
-44347,92021
-44347,96021
-44347,100021
-44347,104021
-44347,108021
-44347,112021
-44347,116021
-44347,120021
-44347,124021
-44347,128021
-44347,132021
-44347,136021
-44347,140021
-44347,144021
-44347,148021
-44347,152021
-44347,156021
-44347,160021
-44347,164021
-44347,168021
-44347,172021
-44347,176021
-44347,180021
-44347,184021
-44347,188021
-44347,192021
-44347,196021
-44347,200021
-44347,204021
-44347,208021
-44347,212021
-44347,216021
-44347,220021
-44347,224021
-44347,228021
-44347,232021
-44347,236021
-44347,240021
-44347,244021
-44347,248021
-44347,252021
-44347,256021
-44347,260021
-44347,264021
-44347,268021
-44347,272021
-44347,276021
-44347,280021
-44347,284021
-44347,288021
-48347,44021
-48347,48021
-48347,52021
-48347,56021
-48347,60021
-48347,64021
-48347,68021
-48347,72021
-48347,76021
-48347,80021
-48347,84021
-48347,88021
-48347,92021
-48347,96021
-48347,100021
-48347,104021
-48347,108021
-48347,112021
-48347,116021
-48347,120021
-48347,124021
-48347,128021
-48347,132021
-48347,136021
-48347,140021
-48347,144021
-48347,148021
-48347,152021
-48347,156021
-48347,160021
-48347,164021
-48347,168021
-48347,172021
-48347,176021
-48347,180021
-48347,184021
-48347,188021
-48347,192021
-48347,196021
-48347,200021
-48347,204021
-48347,208021
-48347,212021
-48347,216021
-48347,220021
-48347,224021
-48347,228021
-48347,232021
-48347,236021
-48347,240021
-48347,244021
-48347,248021
-48347,252021
-48347,256021
-48347,260021
-48347,264021
-48347,268021
-48347,272021
-48347,276021
-48347,280021
-48347,284021
-48347,288021
-48347,292021
-52347,44021
-52347,48021
-52347,52021
-52347,56021
-52347,60021
-52347,64021
-52347,68021
-52347,72021
-52347,76021
-52347,80021
-52347,84021
-52347,88021
-52347,92021
-52347,96021
-52347,100021
-52347,104021
-52347,108021
-52347,112021
-52347,116021
-52347,120021
-52347,124021
-52347,128021
-52347,132021
-52347,136021
-52347,140021
-52347,144021
-52347,148021
-52347,152021
-52347,156021
-52347,160021
-52347,164021
-52347,168021
-52347,172021
-52347,176021
-52347,180021
-52347,184021
-52347,188021
-52347,192021
-52347,196021
-52347,200021
-52347,204021
-52347,208021
-52347,212021
-52347,216021
-52347,220021
-52347,224021
-52347,228021
-52347,232021
-52347,236021
-52347,240021
-52347,244021
-52347,248021
-52347,252021
-52347,256021
-52347,260021
-52347,264021
-52347,268021
-52347,272021
-52347,276021
-52347,280021
-52347,284021
-52347,288021
-52347,292021
-52347,296021
-52347,300021
-56347,44021
-56347,48021
-56347,52021
-56347,56021
-56347,60021
-56347,64021
-56347,68021
-56347,72021
-56347,76021
-56347,80021
-56347,84021
-56347,88021
-56347,92021
-56347,96021
-56347,100021
-56347,104021
-56347,108021
-56347,112021
-56347,116021
-56347,120021
-56347,124021
-56347,128021
-56347,132021
-56347,136021
-56347,140021
-56347,144021
-56347,148021
-56347,152021
-56347,156021
-56347,160021
-56347,164021
-56347,168021
-56347,172021
-56347,176021
-56347,180021
-56347,184021
-56347,188021
-56347,192021
-56347,196021
-56347,200021
-56347,204021
-56347,208021
-56347,212021
-56347,216021
-56347,220021
-56347,224021
-56347,228021
-56347,232021
-56347,236021
-56347,240021
-56347,244021
-56347,248021
-56347,252021
-56347,256021
-56347,260021
-56347,264021
-56347,268021
-56347,272021
-56347,276021
-56347,280021
-56347,284021
-56347,288021
-56347,292021
-56347,296021
-56347,300021
-56347,304021
-60347,44021
-60347,48021
-60347,52021
-60347,56021
-60347,60021
-60347,64021
-60347,68021
-60347,72021
-60347,76021
-60347,80021
-60347,84021
-60347,88021
-60347,92021
-60347,96021
-60347,100021
-60347,104021
-60347,108021
-60347,112021
-60347,116021
-60347,120021
-60347,124021
-60347,128021
-60347,132021
-60347,136021
-60347,140021
-60347,144021
-60347,148021
-60347,152021
-60347,156021
-60347,160021
-60347,164021
-60347,168021
-60347,172021
-60347,176021
-60347,180021
-60347,184021
-60347,188021
-60347,192021
-60347,196021
-60347,200021
-60347,204021
-60347,208021
-60347,212021
-60347,216021
-60347,220021
-60347,224021
-60347,228021
-60347,232021
-60347,236021
-60347,240021
-60347,244021
-60347,248021
-60347,252021
-60347,256021
-60347,260021
-60347,264021
-60347,268021
-60347,272021
-60347,276021
-60347,280021
-60347,284021
-60347,288021
-60347,292021
-60347,296021
-60347,300021
-60347,304021
-60347,308021
-64347,44021
-64347,48021
-64347,52021
-64347,56021
-64347,60021
-64347,64021
-64347,68021
-64347,72021
-64347,76021
-64347,80021
-64347,84021
-64347,88021
-64347,92021
-64347,96021
-64347,100021
-64347,104021
-64347,108021
-64347,112021
-64347,116021
-64347,120021
-64347,124021
-64347,128021
-64347,132021
-64347,136021
-64347,140021
-64347,144021
-64347,148021
-64347,152021
-64347,156021
-64347,160021
-64347,164021
-64347,168021
-64347,172021
-64347,176021
-64347,180021
-64347,184021
-64347,188021
-64347,192021
-64347,196021
-64347,200021
-64347,204021
-64347,208021
-64347,212021
-64347,216021
-64347,220021
-64347,224021
-64347,228021
-64347,232021
-64347,236021
-64347,240021
-64347,244021
-64347,248021
-64347,252021
-64347,256021
-64347,260021
-64347,264021
-64347,268021
-64347,272021
-64347,276021
-64347,280021
-64347,284021
-64347,288021
-64347,292021
-64347,296021
-64347,300021
-64347,304021
-64347,308021
-64347,312021
-68347,44021
-68347,48021
-68347,52021
-68347,56021
-68347,60021
-68347,64021
-68347,68021
-68347,72021
-68347,76021
-68347,80021
-68347,84021
-68347,88021
-68347,92021
-68347,96021
-68347,100021
-68347,104021
-68347,108021
-68347,112021
-68347,116021
-68347,120021
-68347,124021
-68347,128021
-68347,132021
-68347,136021
-68347,140021
-68347,144021
-68347,148021
-68347,152021
-68347,156021
-68347,160021
-68347,164021
-68347,168021
-68347,172021
-68347,176021
-68347,180021
-68347,184021
-68347,188021
-68347,192021
-68347,196021
-68347,200021
-68347,204021
-68347,208021
-68347,212021
-68347,216021
-68347,220021
-68347,224021
-68347,228021
-68347,232021
-68347,236021
-68347,240021
-68347,244021
-68347,248021
-68347,252021
-68347,256021
-68347,260021
-68347,264021
-68347,268021
-68347,272021
-68347,276021
-68347,280021
-68347,284021
-68347,288021
-68347,292021
-68347,296021
-68347,300021
-68347,304021
-68347,308021
-68347,312021
-68347,316021
-68347,320021
-72347,44021
-72347,48021
-72347,52021
-72347,56021
-72347,60021
-72347,64021
-72347,68021
-72347,72021
-72347,76021
-72347,80021
-72347,84021
-72347,88021
-72347,92021
-72347,96021
-72347,100021
-72347,104021
-72347,108021
-72347,112021
-72347,116021
-72347,120021
-72347,124021
-72347,128021
-72347,132021
-72347,136021
-72347,140021
-72347,144021
-72347,148021
-72347,152021
-72347,156021
-72347,160021
-72347,164021
-72347,168021
-72347,172021
-72347,176021
-72347,180021
-72347,184021
-72347,188021
-72347,192021
-72347,196021
-72347,200021
-72347,204021
-72347,208021
-72347,212021
-72347,216021
-72347,220021
-72347,224021
-72347,228021
-72347,232021
-72347,236021
-72347,240021
-72347,244021
-72347,248021
-72347,252021
-72347,256021
-72347,260021
-72347,264021
-72347,268021
-72347,272021
-72347,276021
-72347,280021
-72347,284021
-72347,288021
-72347,292021
-72347,296021
-72347,300021
-72347,304021
-72347,308021
-72347,312021
-72347,316021
-72347,320021
-72347,324021
-72347,328021
-72347,332021
-72347,336021
-72347,340021
-72347,344021
-76347,44021
-76347,48021
-76347,52021
-76347,56021
-76347,60021
-76347,64021
-76347,68021
-76347,72021
-76347,76021
-76347,80021
-76347,84021
-76347,88021
-76347,92021
-76347,96021
-76347,100021
-76347,104021
-76347,108021
-76347,112021
-76347,116021
-76347,120021
-76347,124021
-76347,128021
-76347,132021
-76347,136021
-76347,140021
-76347,144021
-76347,148021
-76347,152021
-76347,156021
-76347,160021
-76347,164021
-76347,168021
-76347,172021
-76347,176021
-76347,180021
-76347,184021
-76347,188021
-76347,192021
-76347,196021
-76347,200021
-76347,204021
-76347,208021
-76347,212021
-76347,216021
-76347,220021
-76347,224021
-76347,228021
-76347,232021
-76347,236021
-76347,240021
-76347,244021
-76347,248021
-76347,252021
-76347,256021
-76347,260021
-76347,264021
-76347,268021
-76347,272021
-76347,276021
-76347,280021
-76347,284021
-76347,288021
-76347,292021
-76347,296021
-76347,300021
-76347,304021
-76347,308021
-76347,312021
-76347,316021
-76347,320021
-76347,324021
-76347,328021
-76347,332021
-76347,336021
-76347,340021
-76347,344021
-76347,348021
-76347,352021
-80347,44021
-80347,48021
-80347,52021
-80347,56021
-80347,60021
-80347,64021
-80347,68021
-80347,72021
-80347,76021
-80347,80021
-80347,84021
-80347,88021
-80347,92021
-80347,96021
-80347,100021
-80347,104021
-80347,108021
-80347,112021
-80347,116021
-80347,120021
-80347,124021
-80347,128021
-80347,132021
-80347,136021
-80347,140021
-80347,144021
-80347,148021
-80347,152021
-80347,156021
-80347,160021
-80347,164021
-80347,168021
-80347,172021
-80347,176021
-80347,180021
-80347,184021
-80347,188021
-80347,192021
-80347,196021
-80347,200021
-80347,204021
-80347,208021
-80347,212021
-80347,216021
-80347,220021
-80347,224021
-80347,228021
-80347,232021
-80347,236021
-80347,240021
-80347,244021
-80347,248021
-80347,252021
-80347,256021
-80347,260021
-80347,264021
-80347,268021
-80347,272021
-80347,276021
-80347,280021
-80347,284021
-80347,288021
-80347,292021
-80347,296021
-80347,300021
-80347,304021
-80347,308021
-80347,312021
-80347,316021
-80347,320021
-80347,324021
-80347,328021
-80347,332021
-80347,336021
-80347,340021
-80347,344021
-80347,348021
-80347,352021
-80347,356021
-80347,360021
-80347,364021
-84347,44021
-84347,48021
-84347,52021
-84347,56021
-84347,60021
-84347,64021
-84347,68021
-84347,72021
-84347,76021
-84347,80021
-84347,84021
-84347,88021
-84347,92021
-84347,96021
-84347,100021
-84347,104021
-84347,108021
-84347,112021
-84347,116021
-84347,120021
-84347,124021
-84347,128021
-84347,132021
-84347,136021
-84347,140021
-84347,144021
-84347,148021
-84347,152021
-84347,156021
-84347,160021
-84347,164021
-84347,168021
-84347,172021
-84347,176021
-84347,180021
-84347,184021
-84347,188021
-84347,192021
-84347,196021
-84347,200021
-84347,204021
-84347,208021
-84347,212021
-84347,216021
-84347,220021
-84347,224021
-84347,228021
-84347,232021
-84347,236021
-84347,240021
-84347,244021
-84347,248021
-84347,252021
-84347,256021
-84347,260021
-84347,264021
-84347,268021
-84347,272021
-84347,276021
-84347,280021
-84347,284021
-84347,288021
-84347,292021
-84347,296021
-84347,300021
-84347,304021
-84347,308021
-84347,312021
-84347,316021
-84347,320021
-84347,324021
-84347,328021
-84347,332021
-84347,336021
-84347,340021
-84347,344021
-84347,348021
-84347,352021
-84347,356021
-84347,360021
-84347,364021
-88347,44021
-88347,48021
-88347,52021
-88347,56021
-88347,60021
-88347,64021
-88347,68021
-88347,72021
-88347,76021
-88347,80021
-88347,84021
-88347,88021
-88347,92021
-88347,96021
-88347,100021
-88347,104021
-88347,108021
-88347,112021
-88347,116021
-88347,120021
-88347,124021
-88347,128021
-88347,132021
-88347,136021
-88347,140021
-88347,144021
-88347,148021
-88347,152021
-88347,156021
-88347,160021
-88347,164021
-88347,168021
-88347,172021
-88347,176021
-88347,180021
-88347,184021
-88347,188021
-88347,192021
-88347,196021
-88347,200021
-88347,204021
-88347,208021
-88347,212021
-88347,216021
-88347,220021
-88347,224021
-88347,228021
-88347,232021
-88347,236021
-88347,240021
-88347,244021
-88347,248021
-88347,252021
-88347,256021
-88347,260021
-88347,264021
-88347,268021
-88347,272021
-88347,276021
-88347,280021
-88347,284021
-88347,288021
-88347,292021
-88347,296021
-88347,300021
-88347,304021
-88347,308021
-88347,312021
-88347,316021
-88347,320021
-88347,324021
-88347,328021
-88347,332021
-88347,336021
-88347,340021
-88347,344021
-88347,348021
-88347,352021
-88347,356021
-88347,360021
-88347,364021
-88347,368021
-92347,44021
-92347,48021
-92347,52021
-92347,56021
-92347,60021
-92347,64021
-92347,68021
-92347,72021
-92347,76021
-92347,80021
-92347,84021
-92347,88021
-92347,92021
-92347,96021
-92347,100021
-92347,104021
-92347,108021
-92347,112021
-92347,116021
-92347,120021
-92347,124021
-92347,128021
-92347,132021
-92347,136021
-92347,140021
-92347,144021
-92347,148021
-92347,152021
-92347,156021
-92347,160021
-92347,164021
-92347,168021
-92347,172021
-92347,176021
-92347,180021
-92347,184021
-92347,188021
-92347,192021
-92347,196021
-92347,200021
-92347,204021
-92347,208021
-92347,212021
-92347,216021
-92347,220021
-92347,224021
-92347,228021
-92347,232021
-92347,236021
-92347,240021
-92347,244021
-92347,248021
-92347,252021
-92347,256021
-92347,260021
-92347,264021
-92347,268021
-92347,272021
-92347,276021
-92347,280021
-92347,284021
-92347,288021
-92347,292021
-92347,296021
-92347,300021
-92347,304021
-92347,308021
-92347,312021
-92347,316021
-92347,320021
-92347,324021
-92347,328021
-92347,332021
-92347,336021
-92347,340021
-92347,344021
-92347,348021
-92347,352021
-92347,356021
-92347,360021
-92347,364021
-92347,368021
-92347,372021
-92347,376021
-92347,380021
-96347,44021
-96347,48021
-96347,52021
-96347,56021
-96347,60021
-96347,64021
-96347,68021
-96347,72021
-96347,76021
-96347,80021
-96347,84021
-96347,88021
-96347,92021
-96347,96021
-96347,100021
-96347,104021
-96347,108021
-96347,112021
-96347,116021
-96347,120021
-96347,124021
-96347,128021
-96347,132021
-96347,136021
-96347,140021
-96347,144021
-96347,148021
-96347,152021
-96347,156021
-96347,160021
-96347,164021
-96347,168021
-96347,172021
-96347,176021
-96347,180021
-96347,184021
-96347,188021
-96347,192021
-96347,196021
-96347,200021
-96347,204021
-96347,208021
-96347,212021
-96347,216021
-96347,220021
-96347,224021
-96347,228021
-96347,232021
-96347,236021
-96347,240021
-96347,244021
-96347,248021
-96347,252021
-96347,256021
-96347,260021
-96347,264021
-96347,268021
-96347,272021
-96347,276021
-96347,280021
-96347,284021
-96347,288021
-96347,292021
-96347,296021
-96347,300021
-96347,304021
-96347,308021
-96347,312021
-96347,316021
-96347,320021
-96347,324021
-96347,328021
-96347,332021
-96347,336021
-96347,340021
-96347,344021
-96347,348021
-96347,352021
-96347,356021
-96347,360021
-96347,364021
-96347,368021
-96347,372021
-96347,376021
-96347,380021
-100347,44021
-100347,48021
-100347,52021
-100347,56021
-100347,60021
-100347,64021
-100347,68021
-100347,72021
-100347,76021
-100347,80021
-100347,84021
-100347,88021
-100347,92021
-100347,96021
-100347,100021
-100347,104021
-100347,108021
-100347,112021
-100347,116021
-100347,120021
-100347,124021
-100347,128021
-100347,132021
-100347,136021
-100347,140021
-100347,144021
-100347,148021
-100347,152021
-100347,156021
-100347,160021
-100347,164021
-100347,168021
-100347,172021
-100347,176021
-100347,180021
-100347,184021
-100347,188021
-100347,192021
-100347,196021
-100347,200021
-100347,204021
-100347,208021
-100347,212021
-100347,216021
-100347,220021
-100347,224021
-100347,228021
-100347,232021
-100347,236021
-100347,240021
-100347,244021
-100347,248021
-100347,252021
-100347,256021
-100347,260021
-100347,264021
-100347,268021
-100347,272021
-100347,276021
-100347,280021
-100347,284021
-100347,288021
-100347,292021
-100347,296021
-100347,300021
-100347,304021
-100347,308021
-100347,312021
-100347,316021
-100347,320021
-100347,324021
-100347,328021
-100347,332021
-100347,336021
-100347,340021
-100347,344021
-100347,348021
-100347,352021
-100347,356021
-100347,360021
-100347,364021
-100347,368021
-100347,372021
-100347,376021
-100347,380021
-100347,384021
-100347,388021
-104347,44021
-104347,48021
-104347,52021
-104347,56021
-104347,60021
-104347,64021
-104347,68021
-104347,72021
-104347,76021
-104347,80021
-104347,84021
-104347,88021
-104347,92021
-104347,96021
-104347,100021
-104347,104021
-104347,108021
-104347,112021
-104347,116021
-104347,120021
-104347,124021
-104347,128021
-104347,132021
-104347,136021
-104347,140021
-104347,144021
-104347,148021
-104347,152021
-104347,156021
-104347,160021
-104347,164021
-104347,168021
-104347,172021
-104347,176021
-104347,180021
-104347,184021
-104347,188021
-104347,192021
-104347,196021
-104347,200021
-104347,204021
-104347,208021
-104347,212021
-104347,216021
-104347,220021
-104347,224021
-104347,228021
-104347,232021
-104347,236021
-104347,240021
-104347,244021
-104347,248021
-104347,252021
-104347,256021
-104347,260021
-104347,264021
-104347,268021
-104347,272021
-104347,276021
-104347,280021
-104347,284021
-104347,288021
-104347,292021
-104347,296021
-104347,300021
-104347,304021
-104347,308021
-104347,312021
-104347,316021
-104347,320021
-104347,324021
-104347,328021
-104347,332021
-104347,336021
-104347,340021
-104347,344021
-104347,348021
-104347,352021
-104347,356021
-104347,360021
-104347,364021
-104347,368021
-104347,372021
-104347,376021
-104347,380021
-104347,384021
-104347,388021
-104347,392021
-108347,44021
-108347,48021
-108347,52021
-108347,56021
-108347,60021
-108347,64021
-108347,68021
-108347,72021
-108347,76021
-108347,80021
-108347,84021
-108347,88021
-108347,92021
-108347,96021
-108347,100021
-108347,104021
-108347,108021
-108347,112021
-108347,116021
-108347,120021
-108347,124021
-108347,128021
-108347,132021
-108347,136021
-108347,140021
-108347,144021
-108347,148021
-108347,152021
-108347,156021
-108347,160021
-108347,164021
-108347,168021
-108347,172021
-108347,176021
-108347,180021
-108347,184021
-108347,188021
-108347,192021
-108347,196021
-108347,200021
-108347,204021
-108347,208021
-108347,212021
-108347,216021
-108347,220021
-108347,224021
-108347,228021
-108347,232021
-108347,236021
-108347,240021
-108347,244021
-108347,248021
-108347,252021
-108347,256021
-108347,260021
-108347,264021
-108347,268021
-108347,272021
-108347,276021
-108347,280021
-108347,284021
-108347,288021
-108347,292021
-108347,296021
-108347,300021
-108347,304021
-108347,308021
-108347,312021
-108347,316021
-108347,320021
-108347,324021
-108347,328021
-108347,332021
-108347,336021
-108347,340021
-108347,344021
-108347,348021
-108347,352021
-108347,356021
-108347,360021
-108347,364021
-108347,368021
-108347,372021
-108347,376021
-108347,380021
-108347,384021
-108347,388021
-108347,392021
-108347,396021
-112347,44021
-112347,48021
-112347,52021
-112347,56021
-112347,60021
-112347,64021
-112347,68021
-112347,72021
-112347,76021
-112347,80021
-112347,84021
-112347,88021
-112347,92021
-112347,96021
-112347,100021
-112347,104021
-112347,108021
-112347,112021
-112347,116021
-112347,120021
-112347,124021
-112347,128021
-112347,132021
-112347,136021
-112347,140021
-112347,144021
-112347,148021
-112347,152021
-112347,156021
-112347,160021
-112347,164021
-112347,168021
-112347,172021
-112347,176021
-112347,180021
-112347,184021
-112347,188021
-112347,192021
-112347,196021
-112347,200021
-112347,204021
-112347,208021
-112347,212021
-112347,216021
-112347,220021
-112347,224021
-112347,228021
-112347,232021
-112347,236021
-112347,240021
-112347,244021
-112347,248021
-112347,252021
-112347,256021
-112347,260021
-112347,264021
-112347,268021
-112347,272021
-112347,276021
-112347,280021
-112347,284021
-112347,288021
-112347,292021
-112347,296021
-112347,300021
-112347,304021
-112347,308021
-112347,312021
-112347,316021
-112347,320021
-112347,324021
-112347,328021
-112347,332021
-112347,336021
-112347,340021
-112347,344021
-112347,348021
-112347,352021
-112347,356021
-112347,360021
-112347,364021
-112347,368021
-112347,372021
-112347,376021
-112347,380021
-112347,384021
-112347,388021
-112347,392021
-112347,396021
-112347,400021
-116347,44021
-116347,48021
-116347,52021
-116347,56021
-116347,60021
-116347,64021
-116347,68021
-116347,72021
-116347,76021
-116347,80021
-116347,84021
-116347,88021
-116347,92021
-116347,96021
-116347,100021
-116347,104021
-116347,108021
-116347,112021
-116347,116021
-116347,120021
-116347,124021
-116347,128021
-116347,132021
-116347,136021
-116347,140021
-116347,144021
-116347,148021
-116347,152021
-116347,156021
-116347,160021
-116347,164021
-116347,168021
-116347,172021
-116347,176021
-116347,180021
-116347,184021
-116347,188021
-116347,192021
-116347,196021
-116347,200021
-116347,204021
-116347,208021
-116347,212021
-116347,216021
-116347,220021
-116347,224021
-116347,228021
-116347,232021
-116347,236021
-116347,240021
-116347,244021
-116347,248021
-116347,252021
-116347,256021
-116347,260021
-116347,264021
-116347,268021
-116347,272021
-116347,276021
-116347,280021
-116347,284021
-116347,288021
-116347,292021
-116347,296021
-116347,300021
-116347,304021
-116347,308021
-116347,312021
-116347,316021
-116347,320021
-116347,324021
-116347,328021
-116347,332021
-116347,336021
-116347,340021
-116347,344021
-116347,348021
-116347,352021
-116347,356021
-116347,360021
-116347,364021
-116347,368021
-116347,372021
-116347,376021
-116347,380021
-116347,384021
-116347,388021
-116347,392021
-116347,396021
-116347,400021
-116347,404021
-120347,44021
-120347,48021
-120347,52021
-120347,56021
-120347,60021
-120347,64021
-120347,68021
-120347,72021
-120347,76021
-120347,80021
-120347,84021
-120347,88021
-120347,92021
-120347,96021
-120347,100021
-120347,104021
-120347,108021
-120347,112021
-120347,116021
-120347,120021
-120347,124021
-120347,128021
-120347,132021
-120347,136021
-120347,140021
-120347,144021
-120347,148021
-120347,152021
-120347,156021
-120347,160021
-120347,164021
-120347,168021
-120347,172021
-120347,176021
-120347,180021
-120347,184021
-120347,188021
-120347,192021
-120347,196021
-120347,200021
-120347,204021
-120347,208021
-120347,212021
-120347,216021
-120347,220021
-120347,224021
-120347,228021
-120347,232021
-120347,236021
-120347,240021
-120347,244021
-120347,248021
-120347,252021
-120347,256021
-120347,260021
-120347,264021
-120347,268021
-120347,272021
-120347,276021
-120347,280021
-120347,284021
-120347,288021
-120347,292021
-120347,296021
-120347,300021
-120347,304021
-120347,308021
-120347,312021
-120347,316021
-120347,320021
-120347,324021
-120347,328021
-120347,332021
-120347,336021
-120347,340021
-120347,344021
-120347,348021
-120347,352021
-120347,356021
-120347,360021
-120347,364021
-120347,368021
-120347,372021
-120347,376021
-120347,380021
-120347,384021
-120347,388021
-120347,392021
-120347,396021
-120347,400021
-120347,404021
-120347,408021
-120347,412021
-124347,44021
-124347,48021
-124347,52021
-124347,56021
-124347,60021
-124347,64021
-124347,68021
-124347,72021
-124347,76021
-124347,80021
-124347,84021
-124347,88021
-124347,92021
-124347,96021
-124347,100021
-124347,104021
-124347,108021
-124347,112021
-124347,116021
-124347,120021
-124347,124021
-124347,128021
-124347,132021
-124347,136021
-124347,140021
-124347,144021
-124347,148021
-124347,152021
-124347,156021
-124347,160021
-124347,164021
-124347,168021
-124347,172021
-124347,176021
-124347,180021
-124347,184021
-124347,188021
-124347,192021
-124347,196021
-124347,200021
-124347,204021
-124347,208021
-124347,212021
-124347,216021
-124347,220021
-124347,224021
-124347,228021
-124347,232021
-124347,236021
-124347,240021
-124347,244021
-124347,248021
-124347,252021
-124347,256021
-124347,260021
-124347,264021
-124347,268021
-124347,272021
-124347,276021
-124347,280021
-124347,284021
-124347,288021
-124347,292021
-124347,296021
-124347,300021
-124347,304021
-124347,308021
-124347,312021
-124347,316021
-124347,320021
-124347,324021
-124347,328021
-124347,332021
-124347,336021
-124347,340021
-124347,344021
-124347,348021
-124347,352021
-124347,356021
-124347,360021
-124347,364021
-124347,368021
-124347,372021
-124347,376021
-124347,380021
-124347,384021
-124347,388021
-124347,392021
-124347,396021
-124347,400021
-124347,404021
-124347,408021
-124347,412021
-124347,416021
-128347,44021
-128347,48021
-128347,52021
-128347,56021
-128347,60021
-128347,64021
-128347,68021
-128347,72021
-128347,76021
-128347,80021
-128347,84021
-128347,88021
-128347,92021
-128347,96021
-128347,100021
-128347,104021
-128347,108021
-128347,112021
-128347,116021
-128347,120021
-128347,124021
-128347,128021
-128347,132021
-128347,136021
-128347,140021
-128347,144021
-128347,148021
-128347,152021
-128347,156021
-128347,160021
-128347,164021
-128347,168021
-128347,172021
-128347,176021
-128347,180021
-128347,184021
-128347,188021
-128347,192021
-128347,196021
-128347,200021
-128347,204021
-128347,208021
-128347,212021
-128347,216021
-128347,220021
-128347,224021
-128347,228021
-128347,232021
-128347,236021
-128347,240021
-128347,244021
-128347,248021
-128347,252021
-128347,256021
-128347,260021
-128347,264021
-128347,268021
-128347,272021
-128347,276021
-128347,280021
-128347,284021
-128347,288021
-128347,292021
-128347,296021
-128347,300021
-128347,304021
-128347,308021
-128347,312021
-128347,316021
-128347,320021
-128347,324021
-128347,328021
-128347,332021
-128347,336021
-128347,340021
-128347,344021
-128347,348021
-128347,352021
-128347,356021
-128347,360021
-128347,364021
-128347,368021
-128347,372021
-128347,376021
-128347,380021
-128347,384021
-128347,388021
-128347,392021
-128347,396021
-128347,400021
-128347,404021
-128347,408021
-128347,412021
-128347,416021
-132347,44021
-132347,48021
-132347,52021
-132347,56021
-132347,60021
-132347,64021
-132347,68021
-132347,72021
-132347,76021
-132347,80021
-132347,84021
-132347,88021
-132347,92021
-132347,96021
-132347,100021
-132347,104021
-132347,108021
-132347,112021
-132347,116021
-132347,120021
-132347,124021
-132347,128021
-132347,132021
-132347,136021
-132347,140021
-132347,144021
-132347,148021
-132347,152021
-132347,156021
-132347,160021
-132347,164021
-132347,168021
-132347,172021
-132347,176021
-132347,180021
-132347,184021
-132347,188021
-132347,192021
-132347,196021
-132347,200021
-132347,204021
-132347,208021
-132347,212021
-132347,216021
-132347,220021
-132347,224021
-132347,228021
-132347,232021
-132347,236021
-132347,240021
-132347,244021
-132347,248021
-132347,252021
-132347,256021
-132347,260021
-132347,264021
-132347,268021
-132347,272021
-132347,276021
-132347,280021
-132347,284021
-132347,288021
-132347,292021
-132347,296021
-132347,300021
-132347,304021
-132347,308021
-132347,312021
-132347,316021
-132347,320021
-132347,324021
-132347,328021
-132347,332021
-132347,336021
-132347,340021
-132347,344021
-132347,348021
-132347,352021
-132347,356021
-132347,360021
-132347,364021
-132347,368021
-132347,372021
-132347,376021
-132347,380021
-132347,384021
-132347,388021
-132347,392021
-132347,396021
-132347,400021
-132347,404021
-132347,408021
-132347,412021
-132347,416021
-132347,420021
-136347,44021
-136347,48021
-136347,52021
-136347,56021
-136347,60021
-136347,64021
-136347,68021
-136347,72021
-136347,76021
-136347,80021
-136347,84021
-136347,88021
-136347,92021
-136347,96021
-136347,100021
-136347,104021
-136347,108021
-136347,112021
-136347,116021
-136347,120021
-136347,124021
-136347,128021
-136347,132021
-136347,136021
-136347,140021
-136347,144021
-136347,148021
-136347,152021
-136347,156021
-136347,160021
-136347,164021
-136347,168021
-136347,172021
-136347,176021
-136347,180021
-136347,184021
-136347,188021
-136347,192021
-136347,196021
-136347,200021
-136347,204021
-136347,208021
-136347,212021
-136347,216021
-136347,220021
-136347,224021
-136347,228021
-136347,232021
-136347,236021
-136347,240021
-136347,244021
-136347,248021
-136347,252021
-136347,256021
-136347,260021
-136347,264021
-136347,268021
-136347,272021
-136347,276021
-136347,280021
-136347,284021
-136347,288021
-136347,292021
-136347,296021
-136347,300021
-136347,304021
-136347,308021
-136347,312021
-136347,316021
-136347,320021
-136347,324021
-136347,328021
-136347,332021
-136347,336021
-136347,340021
-136347,344021
-136347,348021
-136347,352021
-136347,356021
-136347,360021
-136347,364021
-136347,368021
-136347,372021
-136347,376021
-136347,380021
-136347,384021
-136347,388021
-136347,392021
-136347,396021
-136347,400021
-136347,404021
-136347,408021
-136347,412021
-136347,416021
-136347,420021
-136347,424021
-136347,428021
-140347,44021
-140347,48021
-140347,52021
-140347,56021
-140347,60021
-140347,64021
-140347,68021
-140347,72021
-140347,76021
-140347,80021
-140347,84021
-140347,88021
-140347,92021
-140347,96021
-140347,100021
-140347,104021
-140347,108021
-140347,112021
-140347,116021
-140347,120021
-140347,124021
-140347,128021
-140347,132021
-140347,136021
-140347,140021
-140347,144021
-140347,148021
-140347,152021
-140347,156021
-140347,160021
-140347,164021
-140347,168021
-140347,172021
-140347,176021
-140347,180021
-140347,184021
-140347,188021
-140347,192021
-140347,196021
-140347,200021
-140347,204021
-140347,208021
-140347,212021
-140347,216021
-140347,220021
-140347,224021
-140347,228021
-140347,232021
-140347,236021
-140347,240021
-140347,244021
-140347,248021
-140347,252021
-140347,256021
-140347,260021
-140347,264021
-140347,268021
-140347,272021
-140347,276021
-140347,280021
-140347,284021
-140347,288021
-140347,292021
-140347,296021
-140347,300021
-140347,304021
-140347,308021
-140347,312021
-140347,316021
-140347,320021
-140347,324021
-140347,328021
-140347,332021
-140347,336021
-140347,340021
-140347,344021
-140347,348021
-140347,352021
-140347,356021
-140347,360021
-140347,364021
-140347,368021
-140347,372021
-140347,376021
-140347,380021
-140347,384021
-140347,388021
-140347,392021
-140347,396021
-140347,400021
-140347,404021
-140347,408021
-140347,412021
-140347,416021
-140347,420021
-140347,424021
-140347,428021
-140347,432021
-144347,44021
-144347,48021
-144347,52021
-144347,56021
-144347,60021
-144347,64021
-144347,68021
-144347,72021
-144347,76021
-144347,80021
-144347,84021
-144347,88021
-144347,92021
-144347,96021
-144347,100021
-144347,104021
-144347,108021
-144347,112021
-144347,116021
-144347,120021
-144347,124021
-144347,128021
-144347,132021
-144347,136021
-144347,140021
-144347,144021
-144347,148021
-144347,152021
-144347,156021
-144347,160021
-144347,164021
-144347,168021
-144347,172021
-144347,176021
-144347,180021
-144347,184021
-144347,188021
-144347,192021
-144347,196021
-144347,200021
-144347,204021
-144347,208021
-144347,212021
-144347,216021
-144347,220021
-144347,224021
-144347,228021
-144347,232021
-144347,236021
-144347,240021
-144347,244021
-144347,248021
-144347,252021
-144347,256021
-144347,260021
-144347,264021
-144347,268021
-144347,272021
-144347,276021
-144347,280021
-144347,284021
-144347,288021
-144347,292021
-144347,296021
-144347,300021
-144347,304021
-144347,308021
-144347,312021
-144347,316021
-144347,320021
-144347,324021
-144347,328021
-144347,332021
-144347,336021
-144347,340021
-144347,344021
-144347,348021
-144347,352021
-144347,356021
-144347,360021
-144347,364021
-144347,368021
-144347,372021
-144347,376021
-144347,380021
-144347,384021
-144347,388021
-144347,392021
-144347,396021
-144347,400021
-144347,404021
-144347,408021
-144347,412021
-144347,416021
-144347,420021
-144347,424021
-144347,428021
-144347,432021
-144347,436021
-148347,44021
-148347,48021
-148347,52021
-148347,56021
-148347,60021
-148347,64021
-148347,68021
-148347,72021
-148347,76021
-148347,80021
-148347,84021
-148347,88021
-148347,92021
-148347,96021
-148347,100021
-148347,104021
-148347,108021
-148347,112021
-148347,116021
-148347,120021
-148347,124021
-148347,128021
-148347,132021
-148347,136021
-148347,140021
-148347,144021
-148347,148021
-148347,152021
-148347,156021
-148347,160021
-148347,164021
-148347,168021
-148347,172021
-148347,176021
-148347,180021
-148347,184021
-148347,188021
-148347,192021
-148347,196021
-148347,200021
-148347,204021
-148347,208021
-148347,212021
-148347,216021
-148347,220021
-148347,224021
-148347,228021
-148347,232021
-148347,236021
-148347,240021
-148347,244021
-148347,248021
-148347,252021
-148347,256021
-148347,260021
-148347,264021
-148347,268021
-148347,272021
-148347,276021
-148347,280021
-148347,284021
-148347,288021
-148347,292021
-148347,296021
-148347,300021
-148347,304021
-148347,308021
-148347,312021
-148347,316021
-148347,320021
-148347,324021
-148347,328021
-148347,332021
-148347,336021
-148347,340021
-148347,344021
-148347,348021
-148347,352021
-148347,356021
-148347,360021
-148347,364021
-148347,368021
-148347,372021
-148347,376021
-148347,380021
-148347,384021
-148347,388021
-148347,392021
-148347,396021
-148347,400021
-148347,404021
-148347,408021
-148347,412021
-148347,416021
-148347,420021
-148347,424021
-148347,428021
-148347,432021
-148347,436021
-148347,440021
-152347,44021
-152347,48021
-152347,52021
-152347,56021
-152347,60021
-152347,64021
-152347,68021
-152347,72021
-152347,76021
-152347,80021
-152347,84021
-152347,88021
-152347,92021
-152347,96021
-152347,100021
-152347,104021
-152347,108021
-152347,112021
-152347,116021
-152347,120021
-152347,124021
-152347,128021
-152347,132021
-152347,136021
-152347,140021
-152347,144021
-152347,148021
-152347,152021
-152347,156021
-152347,160021
-152347,164021
-152347,168021
-152347,172021
-152347,176021
-152347,180021
-152347,184021
-152347,188021
-152347,192021
-152347,196021
-152347,200021
-152347,204021
-152347,208021
-152347,212021
-152347,216021
-152347,220021
-152347,224021
-152347,228021
-152347,232021
-152347,236021
-152347,240021
-152347,244021
-152347,248021
-152347,252021
-152347,256021
-152347,260021
-152347,264021
-152347,268021
-152347,272021
-152347,276021
-152347,280021
-152347,284021
-152347,288021
-152347,292021
-152347,296021
-152347,300021
-152347,304021
-152347,308021
-152347,312021
-152347,316021
-152347,320021
-152347,324021
-152347,328021
-152347,332021
-152347,336021
-152347,340021
-152347,344021
-152347,348021
-152347,352021
-152347,356021
-152347,360021
-152347,364021
-152347,368021
-152347,372021
-152347,376021
-152347,380021
-152347,384021
-152347,388021
-152347,392021
-152347,396021
-152347,400021
-152347,404021
-152347,408021
-152347,412021
-152347,416021
-152347,420021
-152347,424021
-152347,428021
-152347,432021
-152347,436021
-152347,440021
-152347,444021
-156347,44021
-156347,48021
-156347,52021
-156347,56021
-156347,60021
-156347,64021
-156347,68021
-156347,72021
-156347,76021
-156347,80021
-156347,84021
-156347,88021
-156347,92021
-156347,96021
-156347,100021
-156347,104021
-156347,108021
-156347,112021
-156347,116021
-156347,120021
-156347,124021
-156347,128021
-156347,132021
-156347,136021
-156347,140021
-156347,144021
-156347,148021
-156347,152021
-156347,156021
-156347,160021
-156347,164021
-156347,168021
-156347,172021
-156347,176021
-156347,180021
-156347,184021
-156347,188021
-156347,192021
-156347,196021
-156347,200021
-156347,204021
-156347,208021
-156347,212021
-156347,216021
-156347,220021
-156347,224021
-156347,228021
-156347,232021
-156347,236021
-156347,240021
-156347,244021
-156347,248021
-156347,252021
-156347,256021
-156347,260021
-156347,264021
-156347,268021
-156347,272021
-156347,276021
-156347,280021
-156347,284021
-156347,288021
-156347,292021
-156347,296021
-156347,300021
-156347,304021
-156347,308021
-156347,312021
-156347,316021
-156347,320021
-156347,324021
-156347,328021
-156347,332021
-156347,336021
-156347,340021
-156347,344021
-156347,348021
-156347,352021
-156347,356021
-156347,360021
-156347,364021
-156347,368021
-156347,372021
-156347,376021
-156347,380021
-156347,384021
-156347,388021
-156347,392021
-156347,396021
-156347,400021
-156347,404021
-156347,408021
-156347,412021
-156347,416021
-156347,420021
-156347,424021
-156347,428021
-156347,432021
-156347,436021
-156347,440021
-156347,444021
-156347,448021
-156347,452021
-160347,44021
-160347,48021
-160347,52021
-160347,56021
-160347,60021
-160347,64021
-160347,68021
-160347,72021
-160347,76021
-160347,80021
-160347,84021
-160347,88021
-160347,92021
-160347,96021
-160347,100021
-160347,104021
-160347,108021
-160347,112021
-160347,116021
-160347,120021
-160347,124021
-160347,128021
-160347,132021
-160347,136021
-160347,140021
-160347,144021
-160347,148021
-160347,152021
-160347,156021
-160347,160021
-160347,164021
-160347,168021
-160347,172021
-160347,176021
-160347,180021
-160347,184021
-160347,188021
-160347,192021
-160347,196021
-160347,200021
-160347,204021
-160347,208021
-160347,212021
-160347,216021
-160347,220021
-160347,224021
-160347,228021
-160347,232021
-160347,236021
-160347,240021
-160347,244021
-160347,248021
-160347,252021
-160347,256021
-160347,260021
-160347,264021
-160347,268021
-160347,272021
-160347,276021
-160347,280021
-160347,284021
-160347,288021
-160347,292021
-160347,296021
-160347,300021
-160347,304021
-160347,308021
-160347,312021
-160347,316021
-160347,320021
-160347,324021
-160347,328021
-160347,332021
-160347,336021
-160347,340021
-160347,344021
-160347,348021
-160347,352021
-160347,356021
-160347,360021
-160347,364021
-160347,368021
-160347,372021
-160347,376021
-160347,380021
-160347,384021
-160347,388021
-160347,392021
-160347,396021
-160347,400021
-160347,404021
-160347,408021
-160347,412021
-160347,416021
-160347,420021
-160347,424021
-160347,428021
-160347,432021
-160347,436021
-160347,440021
-160347,444021
-160347,448021
-160347,452021
-160347,456021
-164347,44021
-164347,48021
-164347,52021
-164347,56021
-164347,60021
-164347,64021
-164347,68021
-164347,72021
-164347,76021
-164347,80021
-164347,84021
-164347,88021
-164347,92021
-164347,96021
-164347,100021
-164347,104021
-164347,108021
-164347,112021
-164347,116021
-164347,120021
-164347,124021
-164347,128021
-164347,132021
-164347,136021
-164347,140021
-164347,144021
-164347,148021
-164347,152021
-164347,156021
-164347,160021
-164347,164021
-164347,168021
-164347,172021
-164347,176021
-164347,180021
-164347,184021
-164347,188021
-164347,192021
-164347,196021
-164347,200021
-164347,204021
-164347,208021
-164347,212021
-164347,216021
-164347,220021
-164347,224021
-164347,228021
-164347,232021
-164347,236021
-164347,240021
-164347,244021
-164347,248021
-164347,252021
-164347,256021
-164347,260021
-164347,264021
-164347,268021
-164347,272021
-164347,276021
-164347,280021
-164347,284021
-164347,288021
-164347,292021
-164347,296021
-164347,300021
-164347,304021
-164347,308021
-164347,312021
-164347,316021
-164347,320021
-164347,324021
-164347,328021
-164347,332021
-164347,336021
-164347,340021
-164347,344021
-164347,348021
-164347,352021
-164347,356021
-164347,360021
-164347,364021
-164347,368021
-164347,372021
-164347,376021
-164347,380021
-164347,384021
-164347,388021
-164347,392021
-164347,396021
-164347,400021
-164347,404021
-164347,408021
-164347,412021
-164347,416021
-164347,420021
-164347,424021
-164347,428021
-164347,432021
-164347,436021
-164347,440021
-164347,444021
-164347,448021
-164347,452021
-164347,456021
-168347,44021
-168347,48021
-168347,52021
-168347,56021
-168347,60021
-168347,64021
-168347,68021
-168347,72021
-168347,76021
-168347,80021
-168347,84021
-168347,88021
-168347,92021
-168347,96021
-168347,100021
-168347,104021
-168347,108021
-168347,112021
-168347,116021
-168347,120021
-168347,124021
-168347,128021
-168347,132021
-168347,136021
-168347,140021
-168347,144021
-168347,148021
-168347,152021
-168347,156021
-168347,160021
-168347,164021
-168347,168021
-168347,172021
-168347,176021
-168347,180021
-168347,184021
-168347,188021
-168347,192021
-168347,196021
-168347,200021
-168347,204021
-168347,208021
-168347,212021
-168347,216021
-168347,220021
-168347,224021
-168347,228021
-168347,232021
-168347,236021
-168347,240021
-168347,244021
-168347,248021
-168347,252021
-168347,256021
-168347,260021
-168347,264021
-168347,268021
-168347,272021
-168347,276021
-168347,280021
-168347,284021
-168347,288021
-168347,292021
-168347,296021
-168347,300021
-168347,304021
-168347,308021
-168347,312021
-168347,316021
-168347,320021
-168347,324021
-168347,328021
-168347,332021
-168347,336021
-168347,340021
-168347,344021
-168347,348021
-168347,352021
-168347,356021
-168347,360021
-168347,364021
-168347,368021
-168347,372021
-168347,376021
-168347,380021
-168347,384021
-168347,388021
-168347,392021
-168347,396021
-168347,400021
-168347,404021
-168347,408021
-168347,412021
-168347,416021
-168347,420021
-168347,424021
-168347,428021
-168347,432021
-168347,436021
-168347,440021
-168347,444021
-168347,448021
-168347,452021
-168347,456021
-168347,460021
-172347,44021
-172347,48021
-172347,52021
-172347,56021
-172347,60021
-172347,64021
-172347,68021
-172347,72021
-172347,76021
-172347,80021
-172347,84021
-172347,88021
-172347,92021
-172347,96021
-172347,100021
-172347,104021
-172347,108021
-172347,112021
-172347,116021
-172347,120021
-172347,124021
-172347,128021
-172347,132021
-172347,136021
-172347,140021
-172347,144021
-172347,148021
-172347,152021
-172347,156021
-172347,160021
-172347,164021
-172347,168021
-172347,172021
-172347,176021
-172347,180021
-172347,184021
-172347,188021
-172347,192021
-172347,196021
-172347,200021
-172347,204021
-172347,208021
-172347,212021
-172347,216021
-172347,220021
-172347,224021
-172347,228021
-172347,232021
-172347,236021
-172347,240021
-172347,244021
-172347,248021
-172347,252021
-172347,256021
-172347,260021
-172347,264021
-172347,268021
-172347,272021
-172347,276021
-172347,280021
-172347,284021
-172347,288021
-172347,292021
-172347,296021
-172347,300021
-172347,304021
-172347,308021
-172347,312021
-172347,316021
-172347,320021
-172347,324021
-172347,328021
-172347,332021
-172347,336021
-172347,340021
-172347,344021
-172347,348021
-172347,352021
-172347,356021
-172347,360021
-172347,364021
-172347,368021
-172347,372021
-172347,376021
-172347,380021
-172347,384021
-172347,388021
-172347,392021
-172347,396021
-172347,400021
-172347,404021
-172347,408021
-172347,412021
-172347,416021
-172347,420021
-172347,424021
-172347,428021
-172347,432021
-172347,436021
-172347,440021
-172347,444021
-172347,448021
-172347,452021
-172347,456021
-172347,460021
-172347,464021
-172347,468021
-172347,472021
-172347,476021
-176347,44021
-176347,48021
-176347,52021
-176347,56021
-176347,60021
-176347,64021
-176347,68021
-176347,72021
-176347,76021
-176347,80021
-176347,84021
-176347,88021
-176347,92021
-176347,96021
-176347,100021
-176347,104021
-176347,108021
-176347,112021
-176347,116021
-176347,120021
-176347,124021
-176347,128021
-176347,132021
-176347,136021
-176347,140021
-176347,144021
-176347,148021
-176347,152021
-176347,156021
-176347,160021
-176347,164021
-176347,168021
-176347,172021
-176347,176021
-176347,180021
-176347,184021
-176347,188021
-176347,192021
-176347,196021
-176347,200021
-176347,204021
-176347,208021
-176347,212021
-176347,216021
-176347,220021
-176347,224021
-176347,228021
-176347,232021
-176347,236021
-176347,240021
-176347,244021
-176347,248021
-176347,252021
-176347,256021
-176347,260021
-176347,264021
-176347,268021
-176347,272021
-176347,276021
-176347,280021
-176347,284021
-176347,288021
-176347,292021
-176347,296021
-176347,300021
-176347,304021
-176347,308021
-176347,312021
-176347,316021
-176347,320021
-176347,324021
-176347,328021
-176347,332021
-176347,336021
-176347,340021
-176347,344021
-176347,348021
-176347,352021
-176347,356021
-176347,360021
-176347,364021
-176347,368021
-176347,372021
-176347,376021
-176347,380021
-176347,384021
-176347,388021
-176347,392021
-176347,396021
-176347,400021
-176347,404021
-176347,408021
-176347,412021
-176347,416021
-176347,420021
-176347,424021
-176347,428021
-176347,432021
-176347,436021
-176347,440021
-176347,444021
-176347,448021
-176347,452021
-176347,456021
-176347,460021
-176347,464021
-176347,468021
-176347,472021
-176347,476021
-176347,480021
-176347,484021
-180347,44021
-180347,48021
-180347,52021
-180347,56021
-180347,60021
-180347,64021
-180347,68021
-180347,72021
-180347,76021
-180347,80021
-180347,84021
-180347,88021
-180347,92021
-180347,96021
-180347,100021
-180347,104021
-180347,108021
-180347,112021
-180347,116021
-180347,120021
-180347,124021
-180347,128021
-180347,132021
-180347,136021
-180347,140021
-180347,144021
-180347,148021
-180347,152021
-180347,156021
-180347,160021
-180347,164021
-180347,168021
-180347,172021
-180347,176021
-180347,180021
-180347,184021
-180347,188021
-180347,192021
-180347,196021
-180347,200021
-180347,204021
-180347,208021
-180347,212021
-180347,216021
-180347,220021
-180347,224021
-180347,228021
-180347,232021
-180347,236021
-180347,240021
-180347,244021
-180347,248021
-180347,252021
-180347,256021
-180347,260021
-180347,264021
-180347,268021
-180347,272021
-180347,276021
-180347,280021
-180347,284021
-180347,288021
-180347,292021
-180347,296021
-180347,300021
-180347,304021
-180347,308021
-180347,312021
-180347,316021
-180347,320021
-180347,324021
-180347,328021
-180347,332021
-180347,336021
-180347,340021
-180347,344021
-180347,348021
-180347,352021
-180347,356021
-180347,360021
-180347,364021
-180347,368021
-180347,372021
-180347,376021
-180347,380021
-180347,384021
-180347,388021
-180347,392021
-180347,396021
-180347,400021
-180347,404021
-180347,408021
-180347,412021
-180347,416021
-180347,420021
-180347,424021
-180347,428021
-180347,432021
-180347,436021
-180347,440021
-180347,444021
-180347,448021
-180347,452021
-180347,456021
-180347,460021
-180347,464021
-180347,468021
-180347,472021
-180347,476021
-180347,480021
-180347,484021
-180347,488021
-184347,44021
-184347,48021
-184347,52021
-184347,56021
-184347,60021
-184347,64021
-184347,68021
-184347,72021
-184347,76021
-184347,80021
-184347,84021
-184347,88021
-184347,92021
-184347,96021
-184347,100021
-184347,104021
-184347,108021
-184347,112021
-184347,116021
-184347,120021
-184347,124021
-184347,128021
-184347,132021
-184347,136021
-184347,140021
-184347,144021
-184347,148021
-184347,152021
-184347,156021
-184347,160021
-184347,164021
-184347,168021
-184347,172021
-184347,176021
-184347,180021
-184347,184021
-184347,188021
-184347,192021
-184347,196021
-184347,200021
-184347,204021
-184347,208021
-184347,212021
-184347,216021
-184347,220021
-184347,224021
-184347,228021
-184347,232021
-184347,236021
-184347,240021
-184347,244021
-184347,248021
-184347,252021
-184347,256021
-184347,260021
-184347,264021
-184347,268021
-184347,272021
-184347,276021
-184347,280021
-184347,284021
-184347,288021
-184347,292021
-184347,296021
-184347,300021
-184347,304021
-184347,308021
-184347,312021
-184347,316021
-184347,320021
-184347,324021
-184347,328021
-184347,332021
-184347,336021
-184347,340021
-184347,344021
-184347,348021
-184347,352021
-184347,356021
-184347,360021
-184347,364021
-184347,368021
-184347,372021
-184347,376021
-184347,380021
-184347,384021
-184347,388021
-184347,392021
-184347,396021
-184347,400021
-184347,404021
-184347,408021
-184347,412021
-184347,416021
-184347,420021
-184347,424021
-184347,428021
-184347,432021
-184347,436021
-184347,440021
-184347,444021
-184347,448021
-184347,452021
-184347,456021
-184347,460021
-184347,464021
-184347,468021
-184347,472021
-184347,476021
-184347,480021
-184347,484021
-184347,488021
-188347,44021
-188347,48021
-188347,52021
-188347,56021
-188347,60021
-188347,64021
-188347,68021
-188347,72021
-188347,76021
-188347,80021
-188347,84021
-188347,88021
-188347,92021
-188347,96021
-188347,100021
-188347,104021
-188347,108021
-188347,112021
-188347,116021
-188347,120021
-188347,124021
-188347,128021
-188347,132021
-188347,136021
-188347,140021
-188347,144021
-188347,148021
-188347,152021
-188347,156021
-188347,160021
-188347,164021
-188347,168021
-188347,172021
-188347,176021
-188347,180021
-188347,184021
-188347,188021
-188347,192021
-188347,196021
-188347,200021
-188347,204021
-188347,208021
-188347,212021
-188347,216021
-188347,220021
-188347,224021
-188347,228021
-188347,232021
-188347,236021
-188347,240021
-188347,244021
-188347,248021
-188347,252021
-188347,256021
-188347,260021
-188347,264021
-188347,268021
-188347,272021
-188347,276021
-188347,280021
-188347,284021
-188347,288021
-188347,292021
-188347,296021
-188347,300021
-188347,304021
-188347,308021
-188347,312021
-188347,316021
-188347,320021
-188347,324021
-188347,328021
-188347,332021
-188347,336021
-188347,340021
-188347,344021
-188347,348021
-188347,352021
-188347,356021
-188347,360021
-188347,364021
-188347,368021
-188347,372021
-188347,376021
-188347,380021
-188347,384021
-188347,388021
-188347,392021
-188347,396021
-188347,400021
-188347,404021
-188347,408021
-188347,412021
-188347,416021
-188347,420021
-188347,424021
-188347,428021
-188347,432021
-188347,436021
-188347,440021
-188347,444021
-188347,448021
-188347,452021
-188347,456021
-188347,460021
-188347,464021
-188347,468021
-188347,472021
-188347,476021
-188347,480021
-188347,484021
-188347,488021
-192347,44021
-192347,48021
-192347,52021
-192347,56021
-192347,60021
-192347,64021
-192347,68021
-192347,72021
-192347,76021
-192347,80021
-192347,84021
-192347,88021
-192347,92021
-192347,96021
-192347,100021
-192347,104021
-192347,108021
-192347,112021
-192347,116021
-192347,120021
-192347,124021
-192347,128021
-192347,132021
-192347,136021
-192347,140021
-192347,144021
-192347,148021
-192347,152021
-192347,156021
-192347,160021
-192347,164021
-192347,168021
-192347,172021
-192347,176021
-192347,180021
-192347,184021
-192347,188021
-192347,192021
-192347,196021
-192347,200021
-192347,204021
-192347,208021
-192347,212021
-192347,216021
-192347,220021
-192347,224021
-192347,228021
-192347,232021
-192347,236021
-192347,240021
-192347,244021
-192347,248021
-192347,252021
-192347,256021
-192347,260021
-192347,264021
-192347,268021
-192347,272021
-192347,276021
-192347,280021
-192347,284021
-192347,288021
-192347,292021
-192347,296021
-192347,300021
-192347,304021
-192347,308021
-192347,312021
-192347,316021
-192347,320021
-192347,324021
-192347,328021
-192347,332021
-192347,336021
-192347,340021
-192347,344021
-192347,348021
-192347,352021
-192347,356021
-192347,360021
-192347,364021
-192347,368021
-192347,372021
-192347,376021
-192347,380021
-192347,384021
-192347,388021
-192347,392021
-192347,396021
-192347,400021
-192347,404021
-192347,408021
-192347,412021
-192347,416021
-192347,420021
-192347,424021
-192347,428021
-192347,432021
-192347,436021
-192347,440021
-192347,444021
-192347,448021
-192347,452021
-192347,456021
-192347,460021
-192347,464021
-192347,468021
-192347,472021
-192347,476021
-192347,480021
-192347,484021
-192347,488021
-192347,492021
-192347,500021
-196347,44021
-196347,48021
-196347,52021
-196347,56021
-196347,60021
-196347,64021
-196347,68021
-196347,72021
-196347,76021
-196347,80021
-196347,84021
-196347,88021
-196347,92021
-196347,96021
-196347,100021
-196347,104021
-196347,108021
-196347,112021
-196347,116021
-196347,120021
-196347,124021
-196347,128021
-196347,132021
-196347,136021
-196347,140021
-196347,144021
-196347,148021
-196347,152021
-196347,156021
-196347,160021
-196347,164021
-196347,168021
-196347,172021
-196347,176021
-196347,180021
-196347,184021
-196347,188021
-196347,192021
-196347,196021
-196347,200021
-196347,204021
-196347,208021
-196347,212021
-196347,216021
-196347,220021
-196347,224021
-196347,228021
-196347,232021
-196347,236021
-196347,240021
-196347,244021
-196347,248021
-196347,252021
-196347,256021
-196347,260021
-196347,264021
-196347,268021
-196347,272021
-196347,276021
-196347,280021
-196347,284021
-196347,288021
-196347,292021
-196347,296021
-196347,300021
-196347,304021
-196347,308021
-196347,312021
-196347,316021
-196347,320021
-196347,324021
-196347,328021
-196347,332021
-196347,336021
-196347,340021
-196347,344021
-196347,348021
-196347,352021
-196347,356021
-196347,360021
-196347,364021
-196347,368021
-196347,372021
-196347,376021
-196347,380021
-196347,384021
-196347,388021
-196347,392021
-196347,396021
-196347,400021
-196347,404021
-196347,408021
-196347,412021
-196347,416021
-196347,420021
-196347,424021
-196347,428021
-196347,432021
-196347,436021
-196347,440021
-196347,444021
-196347,448021
-196347,452021
-196347,456021
-196347,460021
-196347,464021
-196347,468021
-196347,472021
-196347,476021
-196347,480021
-196347,484021
-196347,488021
-196347,492021
-196347,496021
-196347,500021
-196347,504021
-196347,508021
-196347,512021
-200347,44021
-200347,48021
-200347,52021
-200347,56021
-200347,60021
-200347,64021
-200347,68021
-200347,72021
-200347,76021
-200347,80021
-200347,84021
-200347,88021
-200347,92021
-200347,96021
-200347,100021
-200347,104021
-200347,108021
-200347,112021
-200347,116021
-200347,120021
-200347,124021
-200347,128021
-200347,132021
-200347,136021
-200347,140021
-200347,144021
-200347,148021
-200347,152021
-200347,156021
-200347,160021
-200347,164021
-200347,168021
-200347,172021
-200347,176021
-200347,180021
-200347,184021
-200347,188021
-200347,192021
-200347,196021
-200347,200021
-200347,204021
-200347,208021
-200347,212021
-200347,216021
-200347,220021
-200347,224021
-200347,228021
-200347,232021
-200347,236021
-200347,240021
-200347,244021
-200347,248021
-200347,252021
-200347,256021
-200347,260021
-200347,264021
-200347,268021
-200347,272021
-200347,276021
-200347,280021
-200347,284021
-200347,288021
-200347,292021
-200347,296021
-200347,300021
-200347,304021
-200347,308021
-200347,312021
-200347,316021
-200347,320021
-200347,324021
-200347,328021
-200347,332021
-200347,336021
-200347,340021
-200347,344021
-200347,348021
-200347,352021
-200347,356021
-200347,360021
-200347,364021
-200347,368021
-200347,372021
-200347,376021
-200347,380021
-200347,384021
-200347,388021
-200347,392021
-200347,396021
-200347,400021
-200347,404021
-200347,408021
-200347,412021
-200347,416021
-200347,420021
-200347,424021
-200347,428021
-200347,432021
-200347,436021
-200347,440021
-200347,444021
-200347,448021
-200347,452021
-200347,456021
-200347,460021
-200347,464021
-200347,468021
-200347,472021
-200347,476021
-200347,480021
-200347,484021
-200347,488021
-200347,492021
-200347,496021
-200347,500021
-200347,504021
-200347,508021
-200347,512021
-200347,516021
-200347,520021
-200347,524021
-200347,528021
-200347,532021
-200347,536021
-200347,540021
-204347,44021
-204347,48021
-204347,52021
-204347,56021
-204347,60021
-204347,64021
-204347,68021
-204347,72021
-204347,76021
-204347,80021
-204347,84021
-204347,88021
-204347,92021
-204347,96021
-204347,100021
-204347,104021
-204347,108021
-204347,112021
-204347,116021
-204347,120021
-204347,124021
-204347,128021
-204347,132021
-204347,136021
-204347,140021
-204347,144021
-204347,148021
-204347,152021
-204347,156021
-204347,160021
-204347,164021
-204347,168021
-204347,172021
-204347,176021
-204347,180021
-204347,184021
-204347,188021
-204347,192021
-204347,196021
-204347,200021
-204347,204021
-204347,208021
-204347,212021
-204347,216021
-204347,220021
-204347,224021
-204347,228021
-204347,232021
-204347,236021
-204347,240021
-204347,244021
-204347,248021
-204347,252021
-204347,256021
-204347,260021
-204347,264021
-204347,268021
-204347,272021
-204347,276021
-204347,280021
-204347,284021
-204347,288021
-204347,292021
-204347,296021
-204347,300021
-204347,304021
-204347,308021
-204347,312021
-204347,316021
-204347,320021
-204347,324021
-204347,328021
-204347,332021
-204347,336021
-204347,340021
-204347,344021
-204347,348021
-204347,352021
-204347,356021
-204347,360021
-204347,364021
-204347,368021
-204347,372021
-204347,376021
-204347,380021
-204347,384021
-204347,388021
-204347,392021
-204347,396021
-204347,400021
-204347,404021
-204347,408021
-204347,412021
-204347,416021
-204347,420021
-204347,424021
-204347,428021
-204347,432021
-204347,436021
-204347,440021
-204347,444021
-204347,448021
-204347,452021
-204347,456021
-204347,460021
-204347,464021
-204347,468021
-204347,472021
-204347,476021
-204347,480021
-204347,484021
-204347,488021
-204347,492021
-204347,496021
-204347,500021
-204347,504021
-204347,508021
-204347,512021
-204347,516021
-204347,520021
-204347,524021
-204347,528021
-204347,532021
-204347,536021
-204347,540021
-204347,544021
-208347,44021
-208347,48021
-208347,52021
-208347,56021
-208347,60021
-208347,64021
-208347,68021
-208347,72021
-208347,76021
-208347,80021
-208347,84021
-208347,88021
-208347,92021
-208347,96021
-208347,100021
-208347,104021
-208347,108021
-208347,112021
-208347,116021
-208347,120021
-208347,124021
-208347,128021
-208347,132021
-208347,136021
-208347,140021
-208347,144021
-208347,148021
-208347,152021
-208347,156021
-208347,160021
-208347,164021
-208347,168021
-208347,172021
-208347,176021
-208347,180021
-208347,184021
-208347,188021
-208347,192021
-208347,196021
-208347,200021
-208347,204021
-208347,208021
-208347,212021
-208347,216021
-208347,220021
-208347,224021
-208347,228021
-208347,232021
-208347,236021
-208347,240021
-208347,244021
-208347,248021
-208347,252021
-208347,256021
-208347,260021
-208347,264021
-208347,268021
-208347,272021
-208347,276021
-208347,280021
-208347,284021
-208347,288021
-208347,292021
-208347,296021
-208347,300021
-208347,304021
-208347,308021
-208347,312021
-208347,316021
-208347,320021
-208347,324021
-208347,328021
-208347,332021
-208347,336021
-208347,340021
-208347,344021
-208347,348021
-208347,352021
-208347,356021
-208347,360021
-208347,364021
-208347,368021
-208347,372021
-208347,376021
-208347,380021
-208347,384021
-208347,388021
-208347,392021
-208347,396021
-208347,400021
-208347,404021
-208347,408021
-208347,412021
-208347,416021
-208347,420021
-208347,424021
-208347,428021
-208347,432021
-208347,436021
-208347,440021
-208347,444021
-208347,448021
-208347,452021
-208347,456021
-208347,460021
-208347,464021
-208347,468021
-208347,472021
-208347,476021
-208347,480021
-208347,484021
-208347,488021
-208347,492021
-208347,496021
-208347,500021
-208347,504021
-208347,508021
-208347,512021
-208347,516021
-208347,520021
-208347,524021
-208347,528021
-208347,532021
-208347,536021
-208347,540021
-208347,544021
-208347,548021
-208347,552021
-208347,556021
-212347,44021
-212347,48021
-212347,52021
-212347,56021
-212347,60021
-212347,64021
-212347,68021
-212347,72021
-212347,76021
-212347,80021
-212347,84021
-212347,88021
-212347,92021
-212347,96021
-212347,100021
-212347,104021
-212347,108021
-212347,112021
-212347,116021
-212347,120021
-212347,124021
-212347,128021
-212347,132021
-212347,136021
-212347,140021
-212347,144021
-212347,148021
-212347,152021
-212347,156021
-212347,160021
-212347,164021
-212347,168021
-212347,172021
-212347,176021
-212347,180021
-212347,184021
-212347,188021
-212347,192021
-212347,196021
-212347,200021
-212347,204021
-212347,208021
-212347,212021
-212347,216021
-212347,220021
-212347,224021
-212347,228021
-212347,232021
-212347,236021
-212347,240021
-212347,244021
-212347,248021
-212347,252021
-212347,256021
-212347,260021
-212347,264021
-212347,268021
-212347,272021
-212347,276021
-212347,280021
-212347,284021
-212347,288021
-212347,292021
-212347,296021
-212347,300021
-212347,304021
-212347,308021
-212347,312021
-212347,316021
-212347,320021
-212347,324021
-212347,328021
-212347,332021
-212347,336021
-212347,340021
-212347,344021
-212347,348021
-212347,352021
-212347,356021
-212347,360021
-212347,364021
-212347,368021
-212347,372021
-212347,376021
-212347,380021
-212347,384021
-212347,388021
-212347,392021
-212347,396021
-212347,400021
-212347,404021
-212347,408021
-212347,412021
-212347,416021
-212347,420021
-212347,424021
-212347,428021
-212347,432021
-212347,436021
-212347,440021
-212347,444021
-212347,448021
-212347,452021
-212347,456021
-212347,460021
-212347,464021
-212347,468021
-212347,472021
-212347,476021
-212347,480021
-212347,484021
-212347,488021
-212347,492021
-212347,496021
-212347,500021
-212347,504021
-212347,508021
-212347,512021
-212347,516021
-212347,520021
-212347,524021
-212347,528021
-212347,532021
-212347,536021
-212347,540021
-212347,544021
-212347,548021
-212347,552021
-212347,556021
-216347,44021
-216347,48021
-216347,52021
-216347,56021
-216347,60021
-216347,64021
-216347,68021
-216347,72021
-216347,76021
-216347,80021
-216347,84021
-216347,88021
-216347,92021
-216347,96021
-216347,100021
-216347,104021
-216347,108021
-216347,112021
-216347,116021
-216347,120021
-216347,124021
-216347,128021
-216347,132021
-216347,136021
-216347,140021
-216347,144021
-216347,148021
-216347,152021
-216347,156021
-216347,160021
-216347,164021
-216347,168021
-216347,172021
-216347,176021
-216347,180021
-216347,184021
-216347,188021
-216347,192021
-216347,196021
-216347,200021
-216347,204021
-216347,208021
-216347,212021
-216347,216021
-216347,220021
-216347,224021
-216347,228021
-216347,232021
-216347,236021
-216347,240021
-216347,244021
-216347,248021
-216347,252021
-216347,256021
-216347,260021
-216347,264021
-216347,268021
-216347,272021
-216347,276021
-216347,280021
-216347,284021
-216347,288021
-216347,292021
-216347,296021
-216347,300021
-216347,304021
-216347,308021
-216347,312021
-216347,316021
-216347,320021
-216347,324021
-216347,328021
-216347,332021
-216347,336021
-216347,340021
-216347,344021
-216347,348021
-216347,352021
-216347,356021
-216347,360021
-216347,364021
-216347,368021
-216347,372021
-216347,376021
-216347,380021
-216347,384021
-216347,388021
-216347,392021
-216347,396021
-216347,400021
-216347,404021
-216347,408021
-216347,412021
-216347,416021
-216347,420021
-216347,424021
-216347,428021
-216347,432021
-216347,436021
-216347,440021
-216347,444021
-216347,448021
-216347,452021
-216347,456021
-216347,460021
-216347,464021
-216347,468021
-216347,472021
-216347,476021
-216347,480021
-216347,484021
-216347,488021
-216347,492021
-216347,496021
-216347,500021
-216347,504021
-216347,508021
-216347,512021
-216347,516021
-216347,520021
-216347,524021
-216347,528021
-216347,532021
-216347,536021
-216347,540021
-216347,544021
-216347,548021
-216347,552021
-216347,556021
-216347,560021
-220347,44021
-220347,48021
-220347,52021
-220347,56021
-220347,60021
-220347,64021
-220347,68021
-220347,72021
-220347,76021
-220347,80021
-220347,84021
-220347,88021
-220347,92021
-220347,96021
-220347,100021
-220347,104021
-220347,108021
-220347,112021
-220347,116021
-220347,120021
-220347,124021
-220347,128021
-220347,132021
-220347,136021
-220347,140021
-220347,144021
-220347,148021
-220347,152021
-220347,156021
-220347,160021
-220347,164021
-220347,168021
-220347,172021
-220347,176021
-220347,180021
-220347,184021
-220347,188021
-220347,192021
-220347,196021
-220347,200021
-220347,204021
-220347,208021
-220347,212021
-220347,216021
-220347,220021
-220347,224021
-220347,228021
-220347,232021
-220347,236021
-220347,240021
-220347,244021
-220347,248021
-220347,252021
-220347,256021
-220347,260021
-220347,264021
-220347,268021
-220347,272021
-220347,276021
-220347,280021
-220347,284021
-220347,288021
-220347,292021
-220347,296021
-220347,300021
-220347,304021
-220347,308021
-220347,312021
-220347,316021
-220347,320021
-220347,324021
-220347,328021
-220347,332021
-220347,336021
-220347,340021
-220347,344021
-220347,348021
-220347,352021
-220347,356021
-220347,360021
-220347,364021
-220347,368021
-220347,372021
-220347,376021
-220347,380021
-220347,384021
-220347,388021
-220347,392021
-220347,396021
-220347,400021
-220347,404021
-220347,408021
-220347,412021
-220347,416021
-220347,420021
-220347,424021
-220347,428021
-220347,432021
-220347,436021
-220347,440021
-220347,444021
-220347,448021
-220347,452021
-220347,456021
-220347,460021
-220347,464021
-220347,468021
-220347,472021
-220347,476021
-220347,480021
-220347,484021
-220347,488021
-220347,492021
-220347,496021
-220347,500021
-220347,504021
-220347,508021
-220347,512021
-220347,516021
-220347,520021
-220347,524021
-220347,528021
-220347,532021
-220347,536021
-220347,540021
-220347,544021
-220347,548021
-220347,552021
-220347,556021
-220347,560021
-224347,44021
-224347,48021
-224347,52021
-224347,56021
-224347,60021
-224347,64021
-224347,68021
-224347,72021
-224347,76021
-224347,80021
-224347,84021
-224347,88021
-224347,92021
-224347,96021
-224347,100021
-224347,104021
-224347,108021
-224347,112021
-224347,116021
-224347,120021
-224347,124021
-224347,128021
-224347,132021
-224347,136021
-224347,140021
-224347,144021
-224347,148021
-224347,152021
-224347,156021
-224347,160021
-224347,164021
-224347,168021
-224347,172021
-224347,176021
-224347,180021
-224347,184021
-224347,188021
-224347,192021
-224347,196021
-224347,200021
-224347,204021
-224347,208021
-224347,212021
-224347,216021
-224347,220021
-224347,224021
-224347,228021
-224347,232021
-224347,236021
-224347,240021
-224347,244021
-224347,248021
-224347,252021
-224347,256021
-224347,260021
-224347,264021
-224347,268021
-224347,272021
-224347,276021
-224347,280021
-224347,284021
-224347,288021
-224347,292021
-224347,296021
-224347,300021
-224347,304021
-224347,308021
-224347,312021
-224347,316021
-224347,320021
-224347,324021
-224347,328021
-224347,332021
-224347,336021
-224347,340021
-224347,344021
-224347,348021
-224347,352021
-224347,356021
-224347,360021
-224347,364021
-224347,368021
-224347,372021
-224347,376021
-224347,380021
-224347,384021
-224347,388021
-224347,392021
-224347,396021
-224347,400021
-224347,404021
-224347,408021
-224347,412021
-224347,416021
-224347,420021
-224347,424021
-224347,428021
-224347,432021
-224347,436021
-224347,440021
-224347,444021
-224347,448021
-224347,452021
-224347,456021
-224347,460021
-224347,464021
-224347,468021
-224347,472021
-224347,476021
-224347,480021
-224347,484021
-224347,488021
-224347,492021
-224347,496021
-224347,500021
-224347,504021
-224347,508021
-224347,512021
-224347,516021
-224347,520021
-224347,524021
-224347,528021
-224347,532021
-224347,536021
-224347,540021
-224347,544021
-224347,548021
-224347,552021
-224347,556021
-224347,560021
-224347,564021
-228347,44021
-228347,48021
-228347,52021
-228347,56021
-228347,60021
-228347,64021
-228347,68021
-228347,72021
-228347,76021
-228347,80021
-228347,84021
-228347,88021
-228347,92021
-228347,96021
-228347,100021
-228347,104021
-228347,108021
-228347,112021
-228347,116021
-228347,120021
-228347,124021
-228347,128021
-228347,132021
-228347,136021
-228347,140021
-228347,144021
-228347,148021
-228347,152021
-228347,156021
-228347,160021
-228347,164021
-228347,168021
-228347,172021
-228347,176021
-228347,180021
-228347,184021
-228347,188021
-228347,192021
-228347,196021
-228347,200021
-228347,204021
-228347,208021
-228347,212021
-228347,216021
-228347,220021
-228347,224021
-228347,228021
-228347,232021
-228347,236021
-228347,240021
-228347,244021
-228347,248021
-228347,252021
-228347,256021
-228347,260021
-228347,264021
-228347,268021
-228347,272021
-228347,276021
-228347,280021
-228347,284021
-228347,288021
-228347,292021
-228347,296021
-228347,300021
-228347,304021
-228347,308021
-228347,312021
-228347,316021
-228347,320021
-228347,324021
-228347,328021
-228347,332021
-228347,336021
-228347,340021
-228347,344021
-228347,348021
-228347,352021
-228347,356021
-228347,360021
-228347,364021
-228347,368021
-228347,372021
-228347,376021
-228347,380021
-228347,384021
-228347,388021
-228347,392021
-228347,396021
-228347,400021
-228347,404021
-228347,408021
-228347,412021
-228347,416021
-228347,420021
-228347,424021
-228347,428021
-228347,432021
-228347,436021
-228347,440021
-228347,444021
-228347,448021
-228347,452021
-228347,456021
-228347,460021
-228347,464021
-228347,468021
-228347,472021
-228347,476021
-228347,480021
-228347,484021
-228347,488021
-228347,492021
-228347,496021
-228347,500021
-228347,504021
-228347,508021
-228347,512021
-228347,516021
-228347,520021
-228347,524021
-228347,528021
-228347,532021
-228347,536021
-228347,540021
-228347,544021
-228347,548021
-228347,552021
-228347,556021
-228347,560021
-228347,564021
-228347,568021
-228347,572021
-228347,576021
-232347,44021
-232347,48021
-232347,52021
-232347,56021
-232347,60021
-232347,64021
-232347,68021
-232347,72021
-232347,76021
-232347,80021
-232347,84021
-232347,88021
-232347,92021
-232347,96021
-232347,100021
-232347,104021
-232347,108021
-232347,112021
-232347,116021
-232347,120021
-232347,124021
-232347,128021
-232347,132021
-232347,136021
-232347,140021
-232347,144021
-232347,148021
-232347,152021
-232347,156021
-232347,160021
-232347,164021
-232347,168021
-232347,172021
-232347,176021
-232347,180021
-232347,184021
-232347,188021
-232347,192021
-232347,196021
-232347,200021
-232347,204021
-232347,208021
-232347,212021
-232347,216021
-232347,220021
-232347,224021
-232347,228021
-232347,232021
-232347,236021
-232347,240021
-232347,244021
-232347,248021
-232347,252021
-232347,256021
-232347,260021
-232347,264021
-232347,268021
-232347,272021
-232347,276021
-232347,288021
-232347,308021
-232347,328021
-232347,348021
-232347,368021
-232347,388021
-232347,412021
-232347,428021
-232347,452021
-232347,472021
-232347,492021
-232347,512021
-232347,532021
-232347,552021
-232347,572021
-232347,584021
-236347,44021
-236347,48021
-236347,52021
-236347,56021
-236347,60021
-236347,64021
-236347,68021
-236347,72021
-236347,76021
-236347,80021
-236347,84021
-236347,88021
-236347,92021
-236347,96021
-236347,100021
-236347,104021
-236347,108021
-236347,112021
-236347,116021
-236347,120021
-236347,124021
-236347,128021
-236347,132021
-236347,136021
-236347,140021
-236347,144021
-236347,148021
-236347,152021
-236347,156021
-236347,160021
-236347,164021
-236347,168021
-236347,172021
-236347,176021
-236347,180021
-236347,184021
-236347,188021
-236347,192021
-236347,196021
-236347,272021
-236347,304021
-236347,328021
-236347,348021
-236347,368021
-236347,392021
-236347,412021
-236347,432021
-236347,452021
-236347,472021
-236347,492021
-236347,516021
-236347,536021
-236347,556021
-236347,576021
-236347,584021
-240347,44021
-240347,48021
-240347,52021
-240347,56021
-240347,60021
-240347,64021
-240347,68021
-240347,72021
-240347,76021
-240347,80021
-240347,84021
-240347,88021
-240347,92021
-240347,96021
-240347,100021
-240347,104021
-240347,108021
-240347,112021
-240347,116021
-240347,120021
-240347,124021
-240347,128021
-240347,132021
-240347,136021
-240347,140021
-240347,144021
-240347,148021
-240347,152021
-240347,156021
-240347,160021
-240347,164021
-240347,168021
-240347,172021
-240347,176021
-240347,180021
-240347,184021
-240347,188021
-240347,192021
-240347,196021
-240347,200021
-240347,204021
-240347,208021
-240347,212021
-240347,216021
-240347,220021
-240347,224021
-240347,240021
-240347,260021
-240347,280021
-240347,300021
-240347,320021
-240347,344021
-240347,364021
-240347,388021
-240347,408021
-240347,428021
-240347,448021
-240347,468021
-240347,492021
-240347,512021
-240347,532021
-240347,552021
-240347,568021
-240347,584021
-244347,44021
-244347,48021
-244347,52021
-244347,56021
-244347,60021
-244347,64021
-244347,68021
-244347,72021
-244347,76021
-244347,80021
-244347,84021
-244347,88021
-244347,92021
-244347,96021
-244347,100021
-244347,104021
-244347,108021
-244347,112021
-244347,116021
-244347,120021
-244347,124021
-244347,128021
-244347,132021
-244347,136021
-244347,140021
-244347,144021
-244347,148021
-244347,152021
-244347,156021
-244347,160021
-244347,164021
-244347,168021
-244347,172021
-244347,176021
-244347,180021
-244347,184021
-244347,192021
-244347,212021
-244347,232021
-244347,252021
-244347,272021
-244347,292021
-244347,316021
-244347,336021
-244347,340021
-244347,344021
-244347,348021
-244347,352021
-244347,356021
-244347,368021
-244347,392021
-244347,412021
-244347,432021
-244347,452021
-244347,472021
-244347,496021
-244347,520021
-244347,536021
-244347,556021
-244347,576021
-244347,588021
-248347,44021
-248347,48021
-248347,52021
-248347,56021
-248347,60021
-248347,64021
-248347,68021
-248347,72021
-248347,76021
-248347,80021
-248347,84021
-248347,88021
-248347,92021
-248347,96021
-248347,100021
-248347,104021
-248347,108021
-248347,112021
-248347,116021
-248347,120021
-248347,124021
-248347,128021
-248347,132021
-248347,136021
-248347,140021
-248347,144021
-248347,148021
-248347,152021
-248347,156021
-248347,160021
-248347,164021
-248347,168021
-248347,172021
-248347,192021
-248347,212021
-248347,236021
-248347,256021
-248347,276021
-248347,296021
-248347,316021
-248347,340021
-248347,360021
-248347,380021
-248347,400021
-248347,420021
-248347,444021
-248347,464021
-248347,484021
-248347,504021
-248347,524021
-248347,544021
-248347,564021
-248347,584021
-248347,592021
-252347,44021
-252347,48021
-252347,52021
-252347,56021
-252347,60021
-252347,64021
-252347,68021
-252347,72021
-252347,76021
-252347,80021
-252347,84021
-252347,88021
-252347,92021
-252347,96021
-252347,100021
-252347,104021
-252347,108021
-252347,112021
-252347,116021
-252347,120021
-252347,124021
-252347,128021
-252347,132021
-252347,136021
-252347,140021
-252347,144021
-252347,148021
-252347,152021
-252347,156021
-252347,160021
-252347,164021
-252347,168021
-252347,172021
-252347,176021
-252347,180021
-252347,184021
-252347,188021
-252347,200021
-252347,244021
-252347,268021
-252347,292021
-252347,312021
-252347,336021
-252347,356021
-252347,380021
-252347,384021
-252347,408021
-252347,428021
-252347,448021
-252347,468021
-252347,492021
-252347,512021
-252347,532021
-252347,552021
-252347,572021
-252347,584021
-252347,600021
-256347,44021
-256347,48021
-256347,52021
-256347,56021
-256347,60021
-256347,64021
-256347,68021
-256347,72021
-256347,76021
-256347,80021
-256347,84021
-256347,88021
-256347,92021
-256347,96021
-256347,100021
-256347,104021
-256347,108021
-256347,112021
-256347,116021
-256347,120021
-256347,124021
-256347,128021
-256347,132021
-256347,136021
-256347,140021
-256347,144021
-256347,148021
-256347,152021
-256347,156021
-256347,160021
-256347,164021
-256347,168021
-256347,172021
-256347,176021
-256347,180021
-256347,192021
-256347,208021
-256347,228021
-256347,256021
-256347,276021
-256347,304021
-256347,332021
-256347,352021
-256347,372021
-256347,396021
-256347,420021
-256347,444021
-256347,464021
-256347,488021
-256347,512021
-256347,532021
-256347,552021
-256347,576021
-256347,588021
-260347,44021
-260347,48021
-260347,52021
-260347,56021
-260347,60021
-260347,64021
-260347,68021
-260347,72021
-260347,76021
-260347,80021
-260347,84021
-260347,88021
-260347,92021
-260347,96021
-260347,100021
-260347,104021
-260347,108021
-260347,112021
-260347,116021
-260347,120021
-260347,124021
-260347,128021
-260347,132021
-260347,136021
-260347,140021
-260347,144021
-260347,148021
-260347,152021
-260347,156021
-260347,160021
-260347,164021
-260347,168021
-260347,172021
-260347,176021
-260347,180021
-260347,184021
-260347,188021
-260347,192021
-260347,196021
-260347,212021
-260347,232021
-260347,248021
-260347,268021
-260347,284021
-260347,304021
-260347,324021
-260347,340021
-260347,360021
-260347,376021
-260347,400021
-260347,420021
-260347,440021
-260347,456021
-260347,472021
-260347,492021
-260347,512021
-260347,532021
-260347,552021
-260347,572021
-260347,588021
-260347,596021
-264347,44021
-264347,48021
-264347,52021
-264347,56021
-264347,60021
-264347,64021
-264347,68021
-264347,72021
-264347,76021
-264347,80021
-264347,84021
-264347,88021
-264347,92021
-264347,96021
-264347,100021
-264347,104021
-264347,108021
-264347,112021
-264347,116021
-264347,120021
-264347,124021
-264347,128021
-264347,132021
-264347,136021
-264347,140021
-264347,144021
-264347,148021
-264347,152021
-264347,156021
-264347,160021
-264347,164021
-264347,168021
-264347,172021
-264347,176021
-264347,180021
-264347,184021
-264347,188021
-264347,192021
-264347,196021
-264347,200021
-264347,204021
-264347,208021
-264347,212021
-264347,216021
-264347,220021
-264347,224021
-264347,228021
-264347,232021
-264347,252021
-264347,268021
-264347,288021
-264347,308021
-264347,328021
-264347,348021
-264347,368021
-264347,384021
-264347,388021
-264347,404021
-264347,424021
-264347,444021
-264347,464021
-264347,484021
-264347,504021
-264347,524021
-264347,544021
-264347,564021
-264347,584021
-264347,596021
-268347,44021
-268347,48021
-268347,52021
-268347,56021
-268347,60021
-268347,64021
-268347,68021
-268347,72021
-268347,76021
-268347,80021
-268347,84021
-268347,88021
-268347,92021
-268347,96021
-268347,100021
-268347,104021
-268347,108021
-268347,112021
-268347,116021
-268347,120021
-268347,124021
-268347,128021
-268347,132021
-268347,136021
-268347,140021
-268347,144021
-268347,148021
-268347,152021
-268347,156021
-268347,160021
-268347,164021
-268347,168021
-268347,172021
-268347,176021
-268347,180021
-268347,184021
-268347,188021
-268347,192021
-268347,196021
-268347,200021
-268347,204021
-268347,208021
-268347,212021
-268347,216021
-268347,220021
-268347,224021
-268347,240021
-268347,264021
-268347,284021
-268347,304021
-268347,324021
-268347,344021
-268347,368021
-268347,388021
-268347,412021
-268347,432021
-268347,452021
-268347,472021
-268347,492021
-268347,512021
-268347,536021
-268347,556021
-268347,576021
-268347,592021
-272347,44021
-272347,48021
-272347,52021
-272347,56021
-272347,60021
-272347,64021
-272347,68021
-272347,72021
-272347,76021
-272347,80021
-272347,84021
-272347,88021
-272347,92021
-272347,96021
-272347,100021
-272347,104021
-272347,108021
-272347,112021
-272347,116021
-272347,120021
-272347,124021
-272347,128021
-272347,132021
-272347,136021
-272347,140021
-272347,144021
-272347,148021
-272347,152021
-272347,156021
-272347,160021
-272347,164021
-272347,168021
-272347,172021
-272347,176021
-272347,180021
-272347,184021
-272347,188021
-272347,192021
-272347,208021
-272347,228021
-272347,248021
-272347,268021
-272347,284021
-272347,308021
-272347,328021
-272347,348021
-272347,368021
-272347,388021
-272347,412021
-272347,432021
-272347,452021
-272347,472021
-272347,496021
-272347,516021
-272347,536021
-272347,556021
-272347,576021
-272347,596021
-272347,608021
-276347,44021
-276347,48021
-276347,52021
-276347,56021
-276347,60021
-276347,64021
-276347,68021
-276347,72021
-276347,76021
-276347,80021
-276347,84021
-276347,88021
-276347,92021
-276347,96021
-276347,100021
-276347,104021
-276347,108021
-276347,112021
-276347,116021
-276347,120021
-276347,124021
-276347,128021
-276347,132021
-276347,136021
-276347,140021
-276347,144021
-276347,148021
-276347,152021
-276347,156021
-276347,160021
-276347,164021
-276347,168021
-276347,172021
-276347,176021
-276347,180021
-276347,184021
-276347,188021
-276347,192021
-276347,196021
-276347,200021
-276347,212021
-276347,228021
-276347,252021
-276347,272021
-276347,288021
-276347,308021
-276347,328021
-276347,348021
-276347,372021
-276347,392021
-276347,412021
-276347,432021
-276347,452021
-276347,468021
-276347,492021
-276347,508021
-276347,528021
-276347,532021
-276347,536021
-276347,540021
-276347,560021
-276347,580021
-276347,596021
-276347,608021
-280347,44021
-280347,48021
-280347,52021
-280347,56021
-280347,60021
-280347,64021
-280347,68021
-280347,72021
-280347,76021
-280347,80021
-280347,84021
-280347,88021
-280347,92021
-280347,96021
-280347,100021
-280347,104021
-280347,108021
-280347,112021
-280347,116021
-280347,120021
-280347,124021
-280347,128021
-280347,132021
-280347,136021
-280347,140021
-280347,144021
-280347,148021
-280347,152021
-280347,156021
-280347,160021
-280347,164021
-280347,168021
-280347,172021
-280347,176021
-280347,180021
-280347,184021
-280347,188021
-280347,192021
-280347,208021
-280347,228021
-280347,248021
-280347,264021
-280347,284021
-280347,304021
-280347,324021
-280347,344021
-280347,364021
-280347,384021
-280347,404021
-280347,424021
-280347,444021
-280347,464021
-280347,484021
-280347,504021
-280347,520021
-280347,540021
-280347,560021
-280347,592021
-280347,604021
-284347,44021
-284347,48021
-284347,52021
-284347,56021
-284347,60021
-284347,64021
-284347,68021
-284347,72021
-284347,76021
-284347,80021
-284347,84021
-284347,88021
-284347,92021
-284347,96021
-284347,100021
-284347,104021
-284347,108021
-284347,112021
-284347,116021
-284347,120021
-284347,124021
-284347,128021
-284347,132021
-284347,136021
-284347,140021
-284347,144021
-284347,148021
-284347,152021
-284347,156021
-284347,160021
-284347,164021
-284347,168021
-284347,172021
-284347,176021
-284347,180021
-284347,184021
-284347,188021
-284347,192021
-284347,196021
-284347,200021
-284347,204021
-284347,208021
-284347,212021
-284347,216021
-284347,220021
-284347,228021
-284347,248021
-284347,268021
-284347,288021
-284347,308021
-284347,328021
-284347,344021
-284347,364021
-284347,388021
-284347,404021
-284347,408021
-284347,412021
-284347,416021
-284347,420021
-284347,436021
-284347,464021
-284347,488021
-284347,508021
-284347,528021
-284347,548021
-284347,568021
-284347,588021
-284347,604021
-288347,44021
-288347,48021
-288347,52021
-288347,56021
-288347,60021
-288347,64021
-288347,68021
-288347,72021
-288347,76021
-288347,80021
-288347,84021
-288347,88021
-288347,92021
-288347,96021
-288347,100021
-288347,104021
-288347,108021
-288347,112021
-288347,116021
-288347,120021
-288347,124021
-288347,128021
-288347,132021
-288347,136021
-288347,140021
-288347,144021
-288347,148021
-288347,152021
-288347,156021
-288347,160021
-288347,164021
-288347,168021
-288347,172021
-288347,176021
-288347,180021
-288347,184021
-288347,188021
-288347,192021
-288347,196021
-288347,200021
-288347,204021
-288347,208021
-288347,220021
-288347,240021
-288347,264021
-288347,284021
-288347,304021
-288347,320021
-288347,340021
-288347,464021
-288347,496021
-288347,516021
-288347,540021
-288347,560021
-288347,580021
-288347,604021
-288347,612021
-292347,44021
-292347,48021
-292347,52021
-292347,56021
-292347,60021
-292347,64021
-292347,68021
-292347,72021
-292347,76021
-292347,80021
-292347,84021
-292347,88021
-292347,92021
-292347,96021
-292347,100021
-292347,104021
-292347,108021
-292347,112021
-292347,116021
-292347,120021
-292347,124021
-292347,128021
-292347,132021
-292347,136021
-292347,140021
-292347,144021
-292347,148021
-292347,152021
-292347,156021
-292347,160021
-292347,164021
-292347,168021
-292347,172021
-292347,176021
-292347,180021
-292347,184021
-292347,188021
-292347,192021
-292347,196021
-292347,200021
-292347,204021
-292347,208021
-292347,212021
-292347,216021
-292347,220021
-292347,224021
-292347,228021
-292347,232021
-292347,236021
-292347,240021
-292347,244021
-292347,248021
-292347,252021
-292347,256021
-292347,260021
-292347,264021
-292347,268021
-292347,272021
-292347,276021
-292347,280021
-292347,284021
-292347,288021
-292347,292021
-292347,304021
-292347,320021
-292347,332021
-292347,344021
-292347,360021
-292347,372021
-292347,388021
-292347,400021
-292347,416021
-292347,428021
-292347,444021
-292347,456021
-292347,468021
-292347,484021
-292347,512021
-292347,528021
-292347,544021
-292347,556021
-292347,572021
-292347,584021
-292347,596021
-292347,604021
-296347,44021
-296347,48021
-296347,52021
-296347,56021
-296347,60021
-296347,64021
-296347,68021
-296347,72021
-296347,76021
-296347,80021
-296347,84021
-296347,88021
-296347,92021
-296347,96021
-296347,100021
-296347,104021
-296347,108021
-296347,112021
-296347,116021
-296347,120021
-296347,124021
-296347,128021
-296347,132021
-296347,136021
-296347,140021
-296347,144021
-296347,148021
-296347,152021
-296347,156021
-296347,160021
-296347,164021
-296347,168021
-296347,172021
-296347,176021
-296347,180021
-296347,184021
-296347,188021
-296347,192021
-296347,196021
-296347,200021
-296347,204021
-296347,208021
-296347,212021
-296347,216021
-296347,220021
-296347,224021
-296347,228021
-296347,232021
-296347,236021
-296347,240021
-296347,244021
-296347,248021
-296347,252021
-296347,256021
-296347,260021
-296347,280021
-296347,304021
-296347,328021
-296347,340021
-296347,356021
-296347,388021
-296347,408021
-296347,420021
-296347,432021
-296347,448021
-296347,460021
-296347,472021
-296347,488021
-296347,500021
-296347,516021
-296347,528021
-296347,544021
-296347,556021
-296347,568021
-296347,580021
-296347,596021
-296347,608021
-296347,616021
-300347,420021
-300347,464021
-300347,512021
-300347,552021
-300347,592021
-304347,44021
-304347,48021
-304347,52021
-304347,56021
-304347,60021
-304347,64021
-304347,68021
-304347,72021
-304347,76021
-304347,80021
-304347,84021
-304347,88021
-304347,92021
-304347,96021
-304347,100021
-304347,104021
-304347,108021
-304347,112021
-304347,116021
-304347,120021
-304347,124021
-304347,128021
-304347,132021
-304347,148021
-304347,168021
-304347,188021
-304347,204021
-304347,224021
-304347,244021
-304347,268021
-304347,284021
-304347,304021
-304347,328021
-304347,348021
-304347,372021
-304347,392021
-304347,400021
-304347,404021
-304347,408021
-304347,412021
-304347,416021
-304347,420021
-304347,424021
-304347,428021
-304347,436021
-304347,456021
-304347,472021
-304347,492021
-304347,512021
-304347,532021
-304347,572021
-304347,608021
-308347,44021
-308347,48021
-308347,52021
-308347,56021
-308347,60021
-308347,64021
-308347,68021
-308347,72021
-308347,76021
-308347,80021
-308347,84021
-308347,88021
-308347,92021
-308347,96021
-308347,100021
-308347,104021
-308347,108021
-308347,112021
-308347,116021
-308347,120021
-308347,124021
-308347,128021
-308347,132021
-308347,136021
-308347,140021
-308347,148021
-308347,172021
-308347,192021
-308347,224021
-308347,248021
-308347,268021
-308347,288021
-308347,312021
-308347,332021
-308347,352021
-308347,372021
-308347,392021
-308347,412021
-308347,436021
-308347,456021
-308347,476021
-308347,500021
-308347,520021
-308347,540021
-308347,564021
-308347,584021
-308347,604021
-308347,620021
-312347,44021
-312347,48021
-312347,52021
-312347,56021
-312347,60021
-312347,64021
-312347,68021
-312347,72021
-312347,76021
-312347,80021
-312347,84021
-312347,88021
-312347,92021
-312347,96021
-312347,100021
-312347,104021
-312347,108021
-312347,112021
-312347,116021
-312347,120021
-312347,124021
-312347,128021
-312347,132021
-312347,136021
-312347,176021
-312347,212021
-312347,264021
-312347,304021
-312347,344021
-312347,384021
-312347,420021
-312347,440021
-312347,460021
-312347,480021
-312347,500021
-312347,520021
-312347,540021
-312347,560021
-312347,580021
-312347,596021
-312347,620021
-316347,44021
-316347,48021
-316347,52021
-316347,56021
-316347,60021
-316347,64021
-316347,68021
-316347,72021
-316347,76021
-316347,80021
-316347,84021
-316347,88021
-316347,92021
-316347,96021
-316347,100021
-316347,104021
-316347,108021
-316347,112021
-316347,116021
-316347,120021
-316347,124021
-316347,128021
-316347,132021
-316347,136021
-316347,140021
-316347,144021
-316347,148021
-316347,152021
-316347,156021
-316347,160021
-316347,164021
-316347,168021
-316347,172021
-316347,176021
-316347,184021
-316347,200021
-316347,212021
-316347,228021
-316347,256021
-316347,292021
-316347,320021
-316347,344021
-316347,380021
-316347,416021
-316347,456021
-316347,496021
-316347,560021
-316347,620021
-320347,44021
-320347,48021
-320347,52021
-320347,56021
-320347,60021
-320347,64021
-320347,68021
-320347,72021
-320347,76021
-320347,80021
-320347,84021
-320347,88021
-320347,92021
-320347,96021
-320347,100021
-320347,104021
-320347,108021
-320347,112021
-320347,116021
-320347,120021
-320347,124021
-320347,128021
-320347,132021
-320347,136021
-320347,140021
-320347,144021
-320347,148021
-320347,168021
-320347,184021
-320347,208021
-320347,220021
-320347,224021
-320347,228021
-320347,232021
-320347,236021
-320347,248021
-320347,280021
-320347,320021
-320347,352021
-320347,384021
-320347,420021
-320347,492021
-320347,548021
-320347,592021
-324347,44021
-324347,48021
-324347,52021
-324347,56021
-324347,60021
-324347,64021
-324347,68021
-324347,72021
-324347,76021
-324347,80021
-324347,84021
-324347,88021
-324347,92021
-324347,116021
-324347,140021
-324347,172021
-324347,188021
-324347,204021
-324347,216021
-324347,232021
-324347,248021
-324347,268021
-324347,288021
-324347,304021
-324347,332021
-324347,356021
-324347,372021
-324347,384021
-324347,388021
-324347,392021
-324347,396021
-324347,400021
-324347,412021
-324347,428021
-324347,448021
-324347,464021
-324347,484021
-324347,500021
-324347,516021
-324347,532021
-324347,548021
-324347,568021
-324347,588021
-324347,604021
-324347,620021
-328347,44021
-328347,48021
-328347,52021
-328347,56021
-328347,60021
-328347,64021
-328347,68021
-328347,72021
-328347,76021
-328347,80021
-328347,84021
-328347,88021
-328347,92021
-328347,96021
-328347,100021
-328347,104021
-328347,108021
-328347,112021
-328347,116021
-328347,120021
-328347,124021
-328347,144021
-328347,180021
-328347,212021
-328347,228021
-328347,244021
-328347,260021
-328347,284021
-328347,320021
-328347,344021
-328347,360021
-328347,380021
-328347,400021
-328347,416021
-328347,436021
-328347,448021
-328347,460021
-328347,464021
-328347,472021
-328347,488021
-328347,496021
-328347,504021
-328347,516021
-328347,528021
-328347,540021
-328347,556021
-328347,572021
-328347,592021
-328347,612021
-328347,624021
-332347,44021
-332347,48021
-332347,52021
-332347,56021
-332347,60021
-332347,64021
-332347,68021
-332347,72021
-332347,76021
-332347,80021
-332347,84021
-332347,88021
-332347,92021
-332347,96021
-332347,100021
-332347,104021
-332347,108021
-332347,112021
-332347,116021
-332347,120021
-332347,124021
-332347,128021
-332347,132021
-332347,136021
-332347,140021
-332347,144021
-332347,148021
-332347,152021
-332347,156021
-332347,160021
-332347,164021
-332347,168021
-332347,172021
-332347,180021
-332347,192021
-332347,208021
-332347,224021
-332347,240021
-332347,260021
-332347,276021
-332347,292021
-332347,312021
-332347,328021
-332347,348021
-332347,368021
-332347,384021
-332347,404021
-332347,420021
-332347,436021
-332347,456021
-332347,472021
-332347,488021
-332347,508021
-332347,524021
-332347,544021
-332347,556021
-332347,576021
-332347,592021
-332347,612021
-332347,624021
-336347,44021
-336347,48021
-336347,52021
-336347,56021
-336347,60021
-336347,68021
-336347,72021
-336347,76021
-336347,80021
-336347,84021
-336347,88021
-336347,92021
-336347,96021
-336347,100021
-336347,104021
-336347,108021
-336347,112021
-336347,116021
-336347,120021
-336347,124021
-336347,128021
-336347,136021
-336347,168021
-336347,204021
-336347,236021
-336347,272021
-336347,324021
-336347,376021
-336347,424021
-336347,472021
-336347,500021
-336347,528021
-336347,556021
-336347,576021
-336347,596021
-336347,612021
-336347,628021
-340347,44021
-340347,48021
-340347,52021
-340347,56021
-340347,72021
-340347,76021
-340347,80021
-340347,84021
-340347,88021
-340347,92021
-340347,96021
-340347,100021
-340347,104021
-340347,108021
-340347,112021
-340347,116021
-340347,120021
-340347,124021
-340347,128021
-340347,132021
-340347,136021
-340347,140021
-340347,144021
-340347,148021
-340347,152021
-340347,156021
-340347,160021
-340347,164021
-340347,168021
-340347,172021
-340347,184021
-340347,200021
-340347,212021
-340347,232021
-340347,252021
-340347,264021
-340347,280021
-340347,300021
-340347,316021
-340347,336021
-340347,368021
-340347,400021
-340347,436021
-340347,468021
-340347,500021
-340347,532021
-340347,564021
-340347,596021
-340347,612021
-340347,624021
-344347,44021
-344347,48021
-344347,52021
-344347,56021
-344347,80021
-344347,84021
-344347,88021
-344347,92021
-344347,96021
-344347,100021
-344347,104021
-344347,108021
-344347,112021
-344347,116021
-344347,120021
-344347,124021
-344347,128021
-344347,132021
-344347,136021
-344347,140021
-344347,144021
-344347,148021
-344347,152021
-344347,156021
-344347,160021
-344347,172021
-344347,188021
-344347,208021
-344347,224021
-344347,240021
-344347,260021
-344347,276021
-344347,296021
-344347,312021
-344347,328021
-344347,344021
-344347,360021
-344347,372021
-344347,376021
-344347,380021
-344347,384021
-344347,388021
-344347,392021
-344347,396021
-344347,400021
-344347,404021
-344347,408021
-344347,416021
-344347,432021
-344347,452021
-344347,468021
-344347,488021
-344347,508021
-344347,520021
-344347,540021
-344347,580021
-344347,620021
-348347,44021
-348347,48021
-348347,52021
-348347,76021
-348347,80021
-348347,84021
-348347,88021
-348347,92021
-348347,96021
-348347,100021
-348347,104021
-348347,108021
-348347,112021
-348347,116021
-348347,120021
-348347,124021
-348347,128021
-348347,132021
-348347,136021
-348347,140021
-348347,144021
-348347,148021
-348347,152021
-348347,156021
-348347,160021
-348347,164021
-348347,168021
-348347,172021
-348347,176021
-348347,180021
-348347,184021
-348347,188021
-348347,192021
-348347,196021
-348347,200021
-348347,204021
-348347,224021
-348347,244021
-348347,264021
-348347,280021
-348347,312021
-348347,332021
-348347,352021
-348347,368021
-348347,384021
-348347,404021
-348347,424021
-348347,444021
-348347,460021
-348347,476021
-348347,492021
-348347,508021
-348347,524021
-348347,540021
-348347,560021
-348347,592021
-348347,620021
-352347,44021
-352347,76021
-352347,80021
-352347,84021
-352347,88021
-352347,92021
-352347,96021
-352347,100021
-352347,104021
-352347,108021
-352347,112021
-352347,116021
-352347,120021
-352347,124021
-352347,128021
-352347,132021
-352347,136021
-352347,140021
-352347,168021
-352347,184021
-352347,204021
-352347,220021
-352347,248021
-352347,268021
-352347,288021
-352347,304021
-352347,324021
-352347,336021
-352347,352021
-352347,372021
-352347,388021
-352347,404021
-352347,424021
-352347,440021
-352347,460021
-352347,476021
-352347,496021
-352347,512021
-352347,532021
-352347,548021
-352347,568021
-352347,584021
-352347,600021
-352347,608021
-352347,616021
-356347,76021
-356347,80021
-356347,84021
-356347,88021
-356347,92021
-356347,96021
-356347,100021
-356347,104021
-356347,108021
-356347,112021
-356347,116021
-356347,120021
-356347,124021
-356347,128021
-356347,132021
-356347,136021
-356347,140021
-356347,144021
-356347,148021
-356347,152021
-356347,156021
-356347,160021
-356347,164021
-356347,168021
-356347,172021
-356347,264021
-356347,300021
-356347,336021
-356347,372021
-356347,408021
-356347,440021
-356347,456021
-356347,476021
-356347,492021
-356347,524021
-356347,564021
-356347,596021
-360347,80021
-360347,84021
-360347,88021
-360347,92021
-360347,96021
-360347,100021
-360347,104021
-360347,108021
-360347,112021
-360347,116021
-360347,120021
-360347,124021
-360347,128021
-360347,132021
-360347,136021
-360347,140021
-360347,144021
-360347,148021
-360347,152021
-360347,156021
-360347,160021
-360347,164021
-360347,168021
-360347,172021
-360347,176021
-360347,180021
-360347,184021
-360347,188021
-360347,192021
-360347,196021
-360347,200021
-360347,204021
-360347,208021
-360347,212021
-360347,216021
-360347,220021
-360347,224021
-360347,228021
-360347,232021
-360347,236021
-360347,260021
-360347,292021
-360347,328021
-360347,360021
-360347,396021
-360347,428021
-360347,464021
-360347,500021
-360347,532021
-360347,564021
-360347,600021
-360347,612021
-364347,80021
-364347,84021
-364347,88021
-364347,92021
-364347,96021
-364347,100021
-364347,104021
-364347,108021
-364347,112021
-364347,116021
-364347,120021
-364347,124021
-364347,128021
-364347,132021
-364347,136021
-364347,140021
-364347,144021
-364347,148021
-364347,152021
-364347,156021
-364347,160021
-364347,164021
-364347,168021
-364347,172021
-364347,176021
-364347,180021
-364347,184021
-364347,188021
-364347,192021
-364347,196021
-364347,200021
-364347,204021
-364347,208021
-364347,212021
-364347,216021
-364347,220021
-364347,224021
-364347,228021
-364347,232021
-364347,236021
-364347,240021
-364347,244021
-364347,248021
-364347,252021
-364347,256021
-364347,260021
-364347,264021
-364347,268021
-364347,272021
-364347,276021
-364347,280021
-364347,284021
-364347,288021
-364347,316021
-364347,352021
-364347,392021
-364347,424021
-364347,444021
-364347,448021
-364347,452021
-364347,456021
-364347,480021
-364347,516021
-364347,536021
-364347,552021
-364347,568021
-364347,588021
-364347,612021
-368347,84021
-368347,88021
-368347,92021
-368347,96021
-368347,100021
-368347,104021
-368347,108021
-368347,112021
-368347,116021
-368347,120021
-368347,124021
-368347,128021
-368347,132021
-368347,136021
-368347,140021
-368347,144021
-368347,148021
-368347,152021
-368347,156021
-368347,160021
-368347,164021
-368347,168021
-368347,172021
-368347,176021
-368347,180021
-368347,184021
-368347,188021
-368347,192021
-368347,196021
-368347,200021
-368347,204021
-368347,208021
-368347,224021
-368347,240021
-368347,260021
-368347,276021
-368347,296021
-368347,316021
-368347,332021
-368347,352021
-368347,364021
-368347,384021
-368347,400021
-368347,420021
-368347,440021
-368347,456021
-368347,472021
-368347,488021
-368347,508021
-368347,524021
-368347,560021
-368347,604021
-372347,88021
-372347,92021
-372347,96021
-372347,100021
-372347,104021
-372347,108021
-372347,112021
-372347,116021
-372347,120021
-372347,124021
-372347,128021
-372347,132021
-372347,136021
-372347,140021
-372347,144021
-372347,148021
-372347,152021
-372347,156021
-372347,160021
-372347,164021
-372347,168021
-372347,172021
-372347,176021
-372347,180021
-372347,184021
-372347,188021
-372347,192021
-372347,196021
-372347,200021
-372347,204021
-372347,208021
-372347,212021
-372347,216021
-372347,220021
-372347,232021
-372347,236021
-372347,248021
-372347,264021
-372347,280021
-372347,300021
-372347,316021
-372347,332021
-372347,352021
-372347,368021
-372347,388021
-372347,416021
-372347,432021
-372347,452021
-372347,472021
-372347,492021
-372347,508021
-372347,528021
-372347,544021
-372347,560021
-372347,580021
-372347,596021
-372347,608021
-376347,92021
-376347,96021
-376347,100021
-376347,104021
-376347,108021
-376347,112021
-376347,116021
-376347,120021
-376347,124021
-376347,128021
-376347,132021
-376347,136021
-376347,140021
-376347,152021
-376347,156021
-376347,160021
-376347,164021
-376347,168021
-376347,172021
-376347,176021
-376347,180021
-376347,184021
-376347,188021
-376347,192021
-376347,196021
-376347,200021
-376347,236021
-376347,280021
-376347,328021
-376347,396021
-376347,448021
-376347,500021
-376347,544021
-376347,600021
-380347,100021
-380347,104021
-380347,108021
-380347,112021
-380347,116021
-380347,120021
-380347,124021
-380347,128021
-380347,160021
-380347,164021
-380347,168021
-380347,172021
-380347,176021
-380347,180021
-380347,184021
-380347,188021
-380347,192021
-380347,196021
-380347,200021
-380347,204021
-380347,208021
-380347,212021
-380347,216021
-380347,220021
-380347,224021
-380347,228021
-380347,232021
-380347,236021
-380347,240021
-380347,244021
-380347,248021
-380347,252021
-380347,256021
-380347,260021
-380347,264021
-380347,268021
-380347,272021
-380347,276021
-380347,280021
-380347,284021
-380347,288021
-380347,292021
-380347,296021
-380347,300021
-380347,316021
-380347,344021
-380347,380021
-380347,408021
-380347,424021
-380347,460021
-380347,484021
-380347,500021
-380347,516021
-380347,544021
-380347,568021
-380347,584021
-380347,596021
-380347,604021
-384347,108021
-384347,112021
-384347,116021
-384347,120021
-384347,160021
-384347,164021
-384347,168021
-384347,172021
-384347,176021
-384347,180021
-384347,184021
-384347,188021
-384347,192021
-384347,196021
-384347,200021
-384347,204021
-384347,208021
-384347,236021
-384347,272021
-384347,304021
-384347,528021
-388347,160021
-388347,164021
-388347,168021
-388347,172021
-388347,176021
-388347,180021
-388347,184021
-388347,188021
-388347,192021
-388347,196021
-388347,200021
-388347,204021
-388347,208021
-388347,212021
-388347,216021
-388347,220021
-388347,224021
-388347,228021
-388347,232021
-388347,236021
-388347,240021
-388347,244021
-388347,248021
-388347,252021
-388347,256021
-388347,260021
-388347,264021
-388347,268021
-388347,272021
-388347,276021
-388347,280021
-388347,284021
-388347,288021
-388347,292021
-388347,304021
-388347,308021
-388347,320021
-388347,368021
-388347,420021
-388347,560021
-392347,164021
-392347,168021
-392347,172021
-392347,176021
-392347,180021
-392347,184021
-392347,188021
-392347,192021
-392347,196021
-392347,200021
-392347,204021
-392347,208021
-392347,212021
-392347,216021
-392347,220021
-392347,224021
-392347,228021
-392347,232021
-392347,236021
-392347,240021
-392347,244021
-392347,248021
-392347,252021
-392347,256021
-392347,260021
-392347,264021
-392347,276021
-392347,292021
-392347,304021
-392347,320021
-392347,336021
-392347,352021
-392347,368021
-392347,388021
-392347,404021
-392347,424021
-392347,436021
-392347,456021
-392347,492021
-392347,508021
-392347,524021
-392347,536021
-392347,552021
-392347,564021
-392347,572021
-392347,584021
-396347,164021
-396347,168021
-396347,172021
-396347,176021
-396347,180021
-396347,184021
-396347,188021
-396347,192021
-396347,196021
-396347,200021
-396347,204021
-396347,208021
-396347,212021
-396347,216021
-396347,220021
-396347,224021
-396347,228021
-396347,232021
-396347,236021
-396347,240021
-396347,244021
-396347,248021
-396347,252021
-396347,268021
-396347,296021
-396347,332021
-396347,348021
-396347,368021
-396347,384021
-396347,400021
-396347,420021
-396347,436021
-396347,452021
-396347,468021
-396347,484021
-396347,500021
-396347,516021
-396347,532021
-396347,548021
-396347,552021
-396347,564021
-396347,576021
-400347,164021
-400347,168021
-400347,172021
-400347,176021
-400347,180021
-400347,184021
-400347,188021
-400347,192021
-400347,196021
-400347,200021
-400347,204021
-400347,208021
-400347,212021
-400347,216021
-400347,220021
-400347,224021
-400347,228021
-400347,232021
-400347,236021
-400347,240021
-400347,264021
-400347,312021
-400347,360021
-400347,404021
-400347,452021
-400347,476021
-400347,504021
-400347,532021
-400347,552021
-400347,572021
-404347,164021
-404347,168021
-404347,172021
-404347,176021
-404347,180021
-404347,184021
-404347,188021
-404347,192021
-404347,196021
-404347,200021
-404347,204021
-404347,208021
-404347,212021
-404347,216021
-404347,220021
-404347,224021
-404347,228021
-404347,232021
-404347,236021
-404347,240021
-404347,244021
-404347,248021
-404347,252021
-404347,256021
-404347,260021
-404347,264021
-404347,268021
-404347,272021
-404347,276021
-404347,280021
-404347,284021
-404347,288021
-404347,308021
-404347,364021
-404347,428021
-404347,492021
-404347,556021
-408347,168021
-408347,172021
-408347,176021
-408347,180021
-408347,184021
-408347,188021
-408347,192021
-408347,196021
-408347,200021
-408347,204021
-408347,208021
-408347,212021
-408347,216021
-408347,220021
-408347,224021
-408347,228021
-408347,232021
-408347,236021
-408347,240021
-408347,256021
-408347,260021
-408347,264021
-408347,268021
-408347,272021
-408347,276021
-408347,280021
-408347,328021
-408347,364021
-408347,396021
-408347,412021
-408347,436021
-408347,456021
-408347,496021
-408347,532021
-408347,564021
-412347,172021
-412347,176021
-412347,180021
-412347,184021
-412347,188021
-412347,192021
-412347,196021
-412347,200021
-412347,220021
-412347,224021
-412347,228021
-412347,232021
-412347,236021
-412347,240021
-412347,244021
-412347,248021
-412347,252021
-412347,256021
-412347,260021
-412347,264021
-412347,268021
-412347,272021
-412347,276021
-412347,280021
-412347,284021
-412347,288021
-412347,292021
-412347,296021
-412347,308021
-412347,344021
-412347,376021
-412347,404021
-412347,456021
-412347,484021
-412347,508021
-412347,532021
-412347,548021
-416347,176021
-416347,180021
-416347,184021
-416347,188021
-416347,192021
-416347,196021
-416347,200021
-416347,228021
-416347,232021
-416347,236021
-416347,240021
-416347,244021
-416347,248021
-416347,252021
-416347,256021
-416347,260021
-416347,264021
-416347,268021
-416347,272021
-416347,276021
-416347,280021
-416347,284021
-416347,288021
-416347,292021
-416347,296021
-416347,300021
-416347,304021
-416347,308021
-416347,312021
-416347,316021
-416347,320021
-416347,324021
-416347,328021
-416347,332021
-416347,336021
-416347,340021
-416347,344021
-416347,348021
-416347,352021
-416347,356021
-416347,360021
-416347,364021
-416347,368021
-416347,372021
-416347,396021
-416347,420021
-416347,444021
-416347,468021
-416347,496021
-416347,516021
-416347,540021
-420347,184021
-420347,188021
-420347,192021
-420347,196021
-420347,240021
-420347,244021
-420347,248021
-420347,252021
-420347,256021
-420347,260021
-420347,264021
-420347,268021
-420347,272021
-420347,276021
-420347,280021
-420347,284021
-420347,288021
-420347,324021
-420347,372021
-420347,408021
-420347,436021
-420347,468021
-420347,500021
-420347,524021
-420347,544021
-424347,184021
-424347,188021
-424347,192021
-424347,240021
-424347,244021
-424347,248021
-424347,252021
-424347,256021
-424347,260021
-424347,264021
-424347,268021
-424347,272021
-424347,276021
-424347,280021
-424347,284021
-424347,288021
-424347,292021
-424347,296021
-424347,300021
-424347,304021
-424347,308021
-424347,312021
-424347,316021
-424347,320021
-424347,324021
-424347,328021
-424347,332021
-424347,336021
-424347,340021
-424347,344021
-424347,348021
-424347,352021
-424347,356021
-424347,384021
-424347,408021
-424347,432021
-424347,456021
-424347,472021
-428347,240021
-428347,244021
-428347,248021
-428347,252021
-428347,256021
-428347,260021
-428347,264021
-428347,268021
-428347,272021
-428347,276021
-428347,280021
-428347,284021
-428347,288021
-428347,292021
-428347,296021
-428347,300021
-428347,304021
-428347,308021
-428347,312021
-428347,316021
-428347,320021
-428347,324021
-428347,328021
-428347,332021
-428347,336021
-428347,340021
-428347,344021
-428347,356021
-428347,372021
-428347,384021
-428347,396021
-428347,412021
-428347,424021
-428347,432021
-428347,448021
-428347,452021
-428347,460021
-428347,472021
-428347,496021
-428347,524021
-432347,248021
-432347,252021
-432347,256021
-432347,260021
-432347,264021
-432347,268021
-432347,272021
-432347,276021
-432347,280021
-432347,284021
-432347,288021
-432347,292021
-432347,296021
-432347,300021
-432347,348021
-432347,372021
-432347,396021
-432347,424021
-432347,452021
-432347,456021
-432347,472021
-432347,496021
-432347,516021
-436347,268021
-436347,272021
-436347,276021
-436347,280021
-436347,284021
-436347,288021
-436347,304021
-436347,308021
-436347,312021
-436347,316021
-436347,320021
-436347,324021
-436347,328021
-436347,332021
-436347,336021
-436347,340021
-436347,344021
-436347,348021
-436347,352021
-436347,356021
-436347,360021
-436347,364021
-436347,368021
-436347,372021
-436347,376021
-436347,380021
-436347,384021
-436347,388021
-436347,396021
-436347,460021
-436347,476021
-436347,480021
-436347,500021
-440347,276021
-440347,280021
-440347,284021
-440347,288021
-440347,304021
-440347,308021
-440347,312021
-440347,316021
-440347,320021
-440347,324021
-440347,328021
-440347,332021
-440347,336021
-440347,340021
-440347,344021
-440347,348021
-440347,352021
-440347,356021
-440347,360021
-440347,364021
-440347,368021
-440347,372021
-440347,376021
-440347,380021
-440347,384021
-440347,388021
-440347,392021
-440347,496021
-440347,500021
-440347,504021
-440347,508021
-444347,280021
-444347,284021
-444347,308021
-444347,312021
-444347,316021
-444347,320021
-444347,324021
-444347,328021
-444347,332021
-444347,336021
-444347,340021
-444347,344021
-444347,348021
-444347,352021
-444347,356021
-444347,360021
-444347,364021
-444347,368021
-444347,372021
-444347,376021
-444347,380021
-444347,384021
-448347,324021
-448347,328021
-448347,332021
-448347,336021
-448347,340021
-448347,344021
-448347,348021
-448347,352021
-448347,356021
-448347,360021
-448347,364021
-448347,368021
-452347,348021
-452347,352021
-452347,356021
-452347,360021
155652,276021
151652,88021
123652,44021
87652,44021
83652,44021
79652,44021
63652,44021
59652,60021
43652,72021
31652,56021
31652,120021
31652,244021
19652,232021
15652,168021
7652,168021
-4347,144021
-12347,88021
211652,236021
211652,240021
211652,244021
211652,248021
211652,252021
211652,256021
211652,260021
211652,264021
211652,268021
211652,272021
211652,276021
211652,280021
211652,284021
211652,288021
211652,292021
211652,296021
211652,300021
211652,304021
211652,308021
211652,312021
211652,316021
211652,320021
211652,324021
211652,328021
211652,332021
211652,336021
211652,340021
207652,220021
207652,224021
207652,228021
207652,236021
207652,240021
207652,244021
207652,248021
207652,252021
207652,256021
207652,260021
207652,264021
207652,268021
207652,272021
207652,276021
207652,280021
207652,284021
207652,288021
207652,292021
207652,296021
207652,300021
207652,304021
207652,308021
207652,312021
207652,316021
207652,324021
207652,328021
203652,212021
203652,216021
203652,220021
203652,224021
203652,228021
203652,232021
203652,236021
203652,240021
203652,244021
203652,248021
203652,252021
203652,256021
203652,260021
203652,264021
203652,268021
203652,272021
203652,276021
203652,280021
203652,284021
203652,288021
203652,292021
203652,296021
203652,300021
203652,304021
203652,308021
203652,312021
199652,208021
199652,212021
199652,216021
199652,220021
199652,224021
199652,228021
199652,232021
199652,236021
199652,240021
199652,244021
199652,248021
199652,252021
199652,256021
199652,260021
199652,264021
199652,268021
199652,272021
199652,276021
199652,280021
199652,284021
199652,288021
199652,292021
199652,296021
199652,300021
199652,304021
199652,308021
199652,312021
195652,204021
195652,208021
195652,212021
195652,216021
195652,220021
195652,224021
195652,228021
195652,232021
195652,236021
195652,240021
195652,244021
195652,248021
195652,252021
195652,256021
195652,260021
195652,264021
195652,268021
195652,272021
195652,276021
195652,280021
195652,284021
195652,288021
195652,292021
195652,296021
195652,300021
195652,304021
195652,308021
195652,312021
191652,200021
191652,204021
191652,208021
191652,212021
191652,216021
191652,220021
191652,224021
191652,228021
191652,232021
191652,236021
191652,240021
191652,244021
191652,248021
191652,252021
191652,256021
191652,260021
191652,264021
191652,268021
191652,272021
191652,276021
191652,280021
191652,284021
191652,288021
191652,292021
191652,296021
191652,300021
191652,304021
191652,308021
191652,312021
191652,316021
191652,320021
191652,324021
187652,176021
187652,180021
187652,184021
187652,188021
187652,196021
187652,200021
187652,204021
187652,208021
187652,212021
187652,216021
187652,220021
187652,224021
187652,228021
187652,232021
187652,236021
187652,240021
187652,244021
187652,248021
187652,252021
187652,256021
187652,260021
187652,264021
187652,268021
187652,272021
187652,276021
187652,280021
187652,284021
187652,288021
187652,292021
187652,296021
187652,300021
187652,308021
187652,312021
187652,316021
187652,320021
187652,324021
187652,328021
183652,164021
183652,168021
183652,172021
183652,176021
183652,180021
183652,184021
183652,188021
183652,192021
183652,196021
183652,200021
183652,204021
183652,208021
183652,212021
183652,216021
183652,220021
183652,224021
183652,228021
183652,232021
183652,236021
183652,240021
183652,244021
183652,248021
183652,252021
183652,256021
183652,260021
183652,264021
183652,268021
183652,272021
183652,276021
183652,280021
183652,284021
183652,288021
183652,308021
183652,312021
183652,316021
183652,320021
183652,324021
179652,160021
179652,164021
179652,168021
179652,172021
179652,176021
179652,180021
179652,184021
179652,188021
179652,192021
179652,196021
179652,200021
179652,204021
179652,208021
179652,212021
179652,216021
179652,220021
179652,224021
179652,228021
179652,232021
179652,236021
179652,240021
179652,244021
179652,248021
179652,252021
179652,256021
179652,260021
179652,264021
179652,272021
179652,276021
179652,280021
179652,284021
175652,144021
175652,156021
175652,160021
175652,164021
175652,168021
175652,172021
175652,176021
175652,180021
175652,184021
175652,188021
175652,192021
175652,196021
175652,200021
175652,204021
175652,208021
175652,212021
175652,216021
175652,220021
175652,224021
175652,228021
175652,232021
175652,236021
175652,240021
175652,244021
175652,248021
175652,252021
175652,256021
175652,260021
175652,264021
171652,76021
171652,120021
171652,124021
171652,128021
171652,132021
171652,136021
171652,140021
171652,144021
171652,148021
171652,152021
171652,156021
171652,160021
171652,164021
171652,168021
171652,172021
171652,176021
171652,180021
171652,184021
171652,188021
171652,192021
171652,196021
171652,200021
171652,204021
171652,208021
171652,212021
171652,216021
171652,220021
171652,224021
171652,228021
171652,232021
171652,236021
171652,240021
171652,244021
171652,248021
171652,252021
171652,256021
171652,260021
171652,264021
167652,80021
167652,116021
167652,120021
167652,124021
167652,128021
167652,132021
167652,136021
167652,140021
167652,144021
167652,148021
167652,152021
167652,156021
167652,160021
167652,164021
167652,168021
167652,172021
167652,176021
167652,180021
167652,184021
167652,188021
167652,192021
167652,196021
167652,200021
167652,204021
167652,208021
167652,212021
167652,216021
167652,220021
167652,224021
167652,228021
167652,232021
167652,236021
167652,240021
167652,244021
167652,248021
167652,252021
167652,256021
167652,260021
167652,264021
167652,268021
163652,76021
163652,80021
163652,112021
163652,116021
163652,120021
163652,124021
163652,128021
163652,132021
163652,136021
163652,140021
163652,144021
163652,148021
163652,152021
163652,156021
163652,160021
163652,164021
163652,168021
163652,172021
163652,176021
163652,180021
163652,184021
163652,188021
163652,192021
163652,196021
163652,200021
163652,204021
163652,208021
163652,212021
163652,216021
163652,220021
163652,224021
163652,228021
163652,232021
163652,236021
163652,240021
163652,244021
163652,248021
163652,252021
163652,256021
163652,260021
163652,264021
163652,268021
159652,80021
159652,108021
159652,112021
159652,116021
159652,120021
159652,124021
159652,128021
159652,132021
159652,136021
159652,140021
159652,144021
159652,148021
159652,152021
159652,156021
159652,160021
159652,164021
159652,168021
159652,172021
159652,176021
159652,180021
159652,184021
159652,188021
159652,192021
159652,196021
159652,200021
159652,204021
159652,208021
159652,212021
159652,216021
159652,220021
159652,224021
159652,228021
159652,232021
159652,236021
159652,240021
159652,244021
159652,248021
159652,252021
159652,256021
159652,260021
159652,264021
159652,268021
159652,272021
155652,80021
155652,84021
155652,104021
155652,108021
155652,112021
155652,116021
155652,120021
155652,124021
155652,128021
155652,132021
155652,136021
155652,144021
155652,148021
155652,152021
155652,156021
155652,160021
155652,164021
155652,168021
155652,172021
155652,176021
155652,180021
155652,184021
155652,188021
155652,192021
155652,196021
155652,200021
155652,204021
155652,208021
155652,212021
155652,216021
155652,220021
155652,224021
155652,228021
155652,232021
155652,236021
155652,240021
155652,244021
155652,248021
155652,252021
155652,256021
155652,260021
155652,264021
155652,268021
155652,272021
151652,80021
151652,84021
151652,96021
151652,100021
151652,104021
151652,108021
151652,112021
151652,116021
151652,120021
151652,124021
151652,128021
151652,132021
151652,136021
151652,140021
151652,144021
151652,148021
151652,152021
151652,156021
151652,160021
151652,164021
151652,168021
151652,172021
151652,176021
151652,180021
151652,184021
151652,188021
151652,192021
151652,196021
151652,200021
151652,204021
151652,208021
151652,212021
151652,216021
151652,220021
151652,224021
151652,228021
151652,232021
151652,236021
151652,240021
151652,244021
151652,248021
151652,252021
151652,256021
151652,260021
151652,264021
151652,268021
151652,272021
151652,276021
151652,280021
151652,284021
151652,288021
151652,292021
147652,72021
147652,80021
147652,84021
147652,88021
147652,92021
147652,96021
147652,100021
147652,104021
147652,108021
147652,112021
147652,116021
147652,120021
147652,124021
147652,128021
147652,132021
147652,136021
147652,140021
147652,144021
147652,148021
147652,152021
147652,156021
147652,160021
147652,164021
147652,168021
147652,172021
147652,176021
147652,180021
147652,184021
147652,188021
147652,192021
147652,196021
147652,200021
147652,204021
147652,208021
147652,212021
147652,216021
147652,220021
147652,224021
147652,228021
147652,232021
147652,236021
147652,240021
147652,244021
147652,248021
147652,252021
147652,256021
147652,260021
147652,264021
147652,268021
147652,272021
147652,276021
147652,280021
147652,284021
147652,288021
147652,292021
147652,296021
143652,72021
143652,84021
143652,88021
143652,92021
143652,96021
143652,100021
143652,104021
143652,108021
143652,112021
143652,116021
143652,120021
143652,124021
143652,128021
143652,132021
143652,136021
143652,140021
143652,144021
143652,148021
143652,152021
143652,156021
143652,160021
143652,164021
143652,168021
143652,172021
143652,176021
143652,180021
143652,184021
143652,188021
143652,192021
143652,196021
143652,200021
143652,204021
143652,208021
143652,212021
143652,216021
143652,220021
143652,224021
143652,228021
143652,232021
143652,236021
143652,240021
143652,244021
143652,248021
143652,252021
143652,256021
143652,260021
143652,264021
143652,268021
143652,272021
143652,276021
143652,280021
143652,284021
143652,288021
143652,292021
143652,296021
143652,300021
139652,72021
139652,84021
139652,88021
139652,92021
139652,96021
139652,100021
139652,104021
139652,108021
139652,112021
139652,116021
139652,120021
139652,124021
139652,128021
139652,132021
139652,136021
139652,140021
139652,144021
139652,148021
139652,152021
139652,156021
139652,160021
139652,164021
139652,168021
139652,172021
139652,176021
139652,180021
139652,184021
139652,188021
139652,192021
139652,196021
139652,200021
139652,204021
139652,208021
139652,212021
139652,216021
139652,220021
139652,224021
139652,228021
139652,232021
139652,236021
139652,240021
139652,244021
139652,248021
139652,252021
139652,256021
139652,260021
139652,264021
139652,268021
139652,272021
139652,276021
139652,280021
139652,284021
139652,288021
139652,292021
139652,296021
139652,300021
139652,304021
135652,64021
135652,68021
135652,72021
135652,76021
135652,84021
135652,88021
135652,92021
135652,96021
135652,100021
135652,104021
135652,108021
135652,112021
135652,116021
135652,120021
135652,124021
135652,128021
135652,132021
135652,136021
135652,140021
135652,144021
135652,148021
135652,152021
135652,156021
135652,160021
135652,164021
135652,168021
135652,172021
135652,176021
135652,180021
135652,184021
135652,188021
135652,192021
135652,196021
135652,200021
135652,204021
135652,208021
135652,212021
135652,216021
135652,220021
135652,224021
135652,228021
135652,232021
135652,236021
135652,240021
135652,244021
135652,248021
135652,252021
135652,256021
135652,260021
135652,264021
135652,268021
135652,272021
135652,276021
135652,280021
135652,284021
135652,288021
135652,292021
135652,296021
135652,300021
135652,304021
135652,308021
131652,64021
131652,68021
131652,72021
131652,76021
131652,80021
131652,84021
131652,88021
131652,92021
131652,96021
131652,100021
131652,104021
131652,108021
131652,112021
131652,116021
131652,120021
131652,124021
131652,128021
131652,132021
131652,136021
131652,140021
131652,144021
131652,148021
131652,152021
131652,156021
131652,160021
131652,164021
131652,168021
131652,172021
131652,176021
131652,180021
131652,184021
131652,188021
131652,192021
131652,196021
131652,200021
131652,204021
131652,208021
131652,212021
131652,216021
131652,220021
131652,224021
131652,228021
131652,232021
131652,236021
131652,240021
131652,244021
131652,248021
131652,252021
131652,256021
131652,260021
131652,264021
131652,268021
131652,272021
131652,276021
131652,280021
131652,284021
131652,288021
131652,292021
131652,296021
131652,300021
131652,304021
131652,308021
131652,312021
127652,60021
127652,64021
127652,68021
127652,72021
127652,76021
127652,80021
127652,84021
127652,88021
127652,92021
127652,96021
127652,100021
127652,104021
127652,108021
127652,112021
127652,116021
127652,120021
127652,124021
127652,128021
127652,132021
127652,136021
127652,140021
127652,144021
127652,148021
127652,152021
127652,156021
127652,160021
127652,164021
127652,168021
127652,172021
127652,176021
127652,180021
127652,184021
127652,188021
127652,192021
127652,196021
127652,200021
127652,204021
127652,208021
127652,212021
127652,216021
127652,220021
127652,224021
127652,228021
127652,232021
127652,236021
127652,240021
127652,244021
127652,248021
127652,252021
127652,256021
127652,260021
127652,264021
127652,268021
127652,272021
127652,276021
127652,280021
127652,284021
127652,288021
127652,292021
127652,296021
127652,300021
127652,304021
127652,308021
127652,312021
127652,316021
127652,320021
123652,48021
123652,52021
123652,56021
123652,60021
123652,64021
123652,68021
123652,72021
123652,76021
123652,80021
123652,84021
123652,88021
123652,92021
123652,96021
123652,100021
123652,104021
123652,108021
123652,112021
123652,116021
123652,120021
123652,124021
123652,128021
123652,132021
123652,136021
123652,140021
123652,144021
123652,148021
123652,152021
123652,156021
123652,160021
123652,164021
123652,168021
123652,172021
123652,176021
123652,180021
123652,184021
123652,188021
123652,192021
123652,196021
123652,200021
123652,204021
123652,208021
123652,212021
123652,216021
123652,220021
123652,224021
123652,228021
123652,232021
123652,236021
123652,240021
123652,244021
123652,248021
123652,252021
123652,256021
123652,260021
123652,264021
123652,268021
123652,272021
123652,276021
123652,280021
123652,284021
123652,288021
123652,292021
123652,296021
123652,300021
123652,312021
123652,316021
123652,320021
123652,324021
123652,328021
119652,44021
119652,48021
119652,52021
119652,56021
119652,60021
119652,64021
119652,68021
119652,72021
119652,76021
119652,80021
119652,84021
119652,88021
119652,92021
119652,96021
119652,100021
119652,104021
119652,108021
119652,112021
119652,116021
119652,120021
119652,124021
119652,128021
119652,132021
119652,136021
119652,140021
119652,144021
119652,148021
119652,152021
119652,156021
119652,160021
119652,164021
119652,168021
119652,172021
119652,176021
119652,180021
119652,184021
119652,188021
119652,192021
119652,196021
119652,200021
119652,204021
119652,208021
119652,212021
119652,216021
119652,220021
119652,224021
119652,228021
119652,232021
119652,236021
119652,240021
119652,244021
119652,248021
119652,252021
119652,256021
119652,260021
119652,264021
119652,268021
119652,272021
119652,276021
119652,280021
119652,284021
119652,288021
119652,292021
119652,296021
119652,300021
119652,316021
119652,320021
119652,324021
119652,328021
115652,44021
115652,48021
115652,52021
115652,56021
115652,60021
115652,72021
115652,76021
115652,80021
115652,84021
115652,88021
115652,92021
115652,96021
115652,100021
115652,104021
115652,108021
115652,112021
115652,116021
115652,120021
115652,124021
115652,128021
115652,132021
115652,136021
115652,140021
115652,144021
115652,148021
115652,152021
115652,156021
115652,160021
115652,164021
115652,168021
115652,172021
115652,176021
115652,180021
115652,184021
115652,188021
115652,192021
115652,196021
115652,200021
115652,204021
115652,208021
115652,212021
115652,216021
115652,220021
115652,224021
115652,228021
115652,232021
115652,236021
115652,240021
115652,244021
115652,248021
115652,252021
115652,256021
115652,260021
115652,264021
115652,268021
115652,272021
115652,276021
115652,280021
115652,284021
115652,288021
115652,292021
115652,296021
115652,324021
115652,332021
111652,44021
111652,48021
111652,52021
111652,56021
111652,68021
111652,72021
111652,76021
111652,80021
111652,84021
111652,88021
111652,92021
111652,96021
111652,100021
111652,104021
111652,108021
111652,112021
111652,116021
111652,120021
111652,124021
111652,128021
111652,132021
111652,136021
111652,140021
111652,144021
111652,148021
111652,152021
111652,156021
111652,160021
111652,164021
111652,168021
111652,172021
111652,176021
111652,180021
111652,184021
111652,188021
111652,192021
111652,196021
111652,200021
111652,204021
111652,208021
111652,212021
111652,216021
111652,220021
111652,224021
111652,228021
111652,232021
111652,236021
111652,240021
111652,244021
111652,248021
111652,252021
111652,256021
111652,260021
111652,264021
111652,268021
111652,272021
111652,276021
111652,280021
111652,284021
111652,296021
107652,44021
107652,48021
107652,52021
107652,60021
107652,64021
107652,68021
107652,72021
107652,76021
107652,80021
107652,84021
107652,88021
107652,92021
107652,96021
107652,100021
107652,104021
107652,108021
107652,112021
107652,116021
107652,120021
107652,124021
107652,128021
107652,132021
107652,136021
107652,140021
107652,144021
107652,148021
107652,152021
107652,156021
107652,160021
107652,164021
107652,168021
107652,172021
107652,176021
107652,180021
107652,184021
107652,188021
107652,192021
107652,196021
107652,200021
107652,204021
107652,208021
107652,212021
107652,216021
107652,220021
107652,224021
107652,228021
107652,232021
107652,236021
107652,240021
107652,244021
107652,248021
107652,252021
107652,256021
107652,260021
107652,264021
107652,268021
107652,272021
107652,276021
107652,280021
107652,296021
103652,44021
103652,48021
103652,52021
103652,56021
103652,60021
103652,64021
103652,68021
103652,72021
103652,76021
103652,80021
103652,84021
103652,88021
103652,92021
103652,96021
103652,100021
103652,104021
103652,108021
103652,112021
103652,116021
103652,120021
103652,124021
103652,128021
103652,132021
103652,136021
103652,140021
103652,144021
103652,148021
103652,152021
103652,156021
103652,160021
103652,164021
103652,168021
103652,172021
103652,176021
103652,180021
103652,184021
103652,188021
103652,192021
103652,196021
103652,200021
103652,204021
103652,208021
103652,212021
103652,216021
103652,220021
103652,224021
103652,228021
103652,232021
103652,236021
103652,240021
103652,244021
103652,248021
103652,252021
103652,256021
103652,260021
103652,264021
103652,268021
103652,272021
103652,276021
103652,280021
103652,296021
99652,44021
99652,48021
99652,52021
99652,56021
99652,60021
99652,64021
99652,68021
99652,72021
99652,76021
99652,80021
99652,84021
99652,88021
99652,92021
99652,96021
99652,100021
99652,104021
99652,108021
99652,112021
99652,116021
99652,120021
99652,124021
99652,128021
99652,132021
99652,136021
99652,140021
99652,144021
99652,148021
99652,152021
99652,156021
99652,160021
99652,164021
99652,168021
99652,172021
99652,176021
99652,180021
99652,184021
99652,188021
99652,192021
99652,196021
99652,200021
99652,204021
99652,208021
99652,212021
99652,216021
99652,220021
99652,224021
99652,228021
99652,232021
99652,236021
99652,240021
99652,244021
99652,248021
99652,252021
99652,256021
99652,260021
99652,264021
99652,268021
99652,272021
99652,276021
99652,280021
95652,48021
95652,52021
95652,56021
95652,60021
95652,64021
95652,68021
95652,72021
95652,76021
95652,80021
95652,84021
95652,88021
95652,92021
95652,96021
95652,100021
95652,104021
95652,108021
95652,112021
95652,116021
95652,120021
95652,124021
95652,128021
95652,132021
95652,136021
95652,140021
95652,144021
95652,148021
95652,152021
95652,156021
95652,160021
95652,164021
95652,168021
95652,172021
95652,176021
95652,180021
95652,184021
95652,188021
95652,192021
95652,196021
95652,200021
95652,204021
95652,208021
95652,212021
95652,216021
95652,220021
95652,224021
95652,228021
95652,232021
95652,236021
95652,240021
95652,244021
95652,248021
95652,252021
95652,256021
95652,260021
95652,264021
95652,268021
95652,272021
95652,276021
91652,44021
91652,48021
91652,52021
91652,56021
91652,60021
91652,64021
91652,68021
91652,72021
91652,76021
91652,80021
91652,84021
91652,88021
91652,92021
91652,96021
91652,100021
91652,104021
91652,108021
91652,112021
91652,116021
91652,120021
91652,124021
91652,128021
91652,132021
91652,136021
91652,140021
91652,144021
91652,148021
91652,152021
91652,156021
91652,160021
91652,164021
91652,168021
91652,172021
91652,176021
91652,180021
91652,184021
91652,188021
91652,192021
91652,196021
91652,200021
91652,204021
91652,208021
91652,212021
91652,216021
91652,220021
91652,224021
91652,228021
91652,232021
91652,236021
91652,240021
91652,244021
91652,248021
91652,252021
91652,256021
91652,260021
91652,264021
91652,268021
91652,272021
91652,276021
87652,48021
87652,52021
87652,56021
87652,60021
87652,64021
87652,68021
87652,72021
87652,76021
87652,80021
87652,84021
87652,88021
87652,92021
87652,96021
87652,100021
87652,104021
87652,108021
87652,112021
87652,116021
87652,120021
87652,124021
87652,128021
87652,132021
87652,136021
87652,140021
87652,144021
87652,148021
87652,152021
87652,156021
87652,160021
87652,164021
87652,168021
87652,172021
87652,176021
87652,180021
87652,184021
87652,188021
87652,192021
87652,196021
87652,200021
87652,204021
87652,208021
87652,212021
87652,216021
87652,220021
87652,224021
87652,228021
87652,232021
87652,236021
87652,240021
87652,244021
87652,248021
87652,252021
87652,256021
87652,260021
87652,264021
87652,268021
87652,272021
87652,276021
83652,52021
83652,56021
83652,60021
83652,64021
83652,68021
83652,72021
83652,76021
83652,80021
83652,84021
83652,88021
83652,92021
83652,96021
83652,100021
83652,104021
83652,108021
83652,112021
83652,116021
83652,120021
83652,124021
83652,128021
83652,132021
83652,136021
83652,140021
83652,144021
83652,148021
83652,152021
83652,156021
83652,160021
83652,164021
83652,168021
83652,172021
83652,176021
83652,180021
83652,184021
83652,188021
83652,192021
83652,196021
83652,200021
83652,204021
83652,208021
83652,212021
83652,216021
83652,220021
83652,224021
83652,228021
83652,232021
83652,236021
83652,240021
83652,244021
83652,248021
83652,252021
83652,256021
83652,260021
83652,264021
83652,268021
83652,272021
83652,276021
79652,48021
79652,52021
79652,56021
79652,60021
79652,64021
79652,68021
79652,72021
79652,76021
79652,80021
79652,84021
79652,88021
79652,92021
79652,96021
79652,100021
79652,104021
79652,108021
79652,112021
79652,116021
79652,120021
79652,124021
79652,128021
79652,132021
79652,136021
79652,140021
79652,144021
79652,148021
79652,152021
79652,156021
79652,160021
79652,164021
79652,168021
79652,172021
79652,176021
79652,180021
79652,184021
79652,188021
79652,192021
79652,196021
79652,200021
79652,204021
79652,208021
79652,212021
79652,216021
79652,220021
79652,224021
79652,228021
79652,232021
79652,236021
79652,240021
79652,244021
79652,248021
79652,252021
79652,256021
79652,260021
79652,264021
79652,268021
79652,272021
75652,44021
75652,48021
75652,52021
75652,56021
75652,60021
75652,64021
75652,68021
75652,72021
75652,76021
75652,80021
75652,84021
75652,88021
75652,92021
75652,96021
75652,100021
75652,104021
75652,108021
75652,112021
75652,116021
75652,120021
75652,124021
75652,128021
75652,132021
75652,136021
75652,140021
75652,144021
75652,148021
75652,152021
75652,156021
75652,160021
75652,164021
75652,168021
75652,172021
75652,176021
75652,180021
75652,184021
75652,188021
75652,192021
75652,196021
75652,200021
75652,204021
75652,208021
75652,212021
75652,216021
75652,220021
75652,224021
75652,228021
75652,232021
75652,236021
75652,240021
75652,244021
75652,248021
75652,252021
75652,256021
75652,260021
75652,264021
75652,268021
71652,44021
71652,48021
71652,52021
71652,56021
71652,60021
71652,64021
71652,68021
71652,72021
71652,76021
71652,80021
71652,84021
71652,88021
71652,92021
71652,96021
71652,100021
71652,104021
71652,108021
71652,112021
71652,116021
71652,120021
71652,124021
71652,128021
71652,132021
71652,136021
71652,140021
71652,144021
71652,148021
71652,152021
71652,156021
71652,160021
71652,164021
71652,168021
71652,172021
71652,176021
71652,180021
71652,184021
71652,188021
71652,192021
71652,196021
71652,200021
71652,204021
71652,208021
71652,212021
71652,216021
71652,220021
71652,224021
71652,228021
71652,232021
71652,236021
71652,240021
71652,244021
71652,248021
71652,252021
71652,256021
71652,260021
67652,44021
67652,48021
67652,52021
67652,56021
67652,60021
67652,64021
67652,68021
67652,72021
67652,76021
67652,80021
67652,84021
67652,88021
67652,92021
67652,96021
67652,100021
67652,104021
67652,108021
67652,112021
67652,116021
67652,120021
67652,124021
67652,128021
67652,132021
67652,136021
67652,140021
67652,144021
67652,148021
67652,152021
67652,156021
67652,160021
67652,164021
67652,168021
67652,172021
67652,176021
67652,180021
67652,184021
67652,188021
67652,192021
67652,196021
67652,200021
67652,204021
67652,208021
67652,212021
67652,216021
67652,220021
67652,224021
67652,228021
67652,232021
67652,236021
67652,240021
67652,244021
67652,248021
67652,252021
67652,256021
63652,48021
63652,52021
63652,56021
63652,60021
63652,64021
63652,68021
63652,72021
63652,76021
63652,80021
63652,84021
63652,88021
63652,92021
63652,96021
63652,100021
63652,104021
63652,108021
63652,112021
63652,116021
63652,120021
63652,124021
63652,128021
63652,132021
63652,136021
63652,140021
63652,144021
63652,148021
63652,152021
63652,156021
63652,160021
63652,164021
63652,168021
63652,172021
63652,176021
63652,180021
63652,184021
63652,188021
63652,192021
63652,196021
63652,200021
63652,204021
63652,208021
63652,212021
63652,216021
63652,220021
63652,224021
63652,228021
63652,232021
63652,236021
63652,240021
63652,244021
63652,248021
63652,252021
63652,256021
59652,56021
59652,64021
59652,68021
59652,72021
59652,76021
59652,80021
59652,84021
59652,88021
59652,92021
59652,96021
59652,100021
59652,104021
59652,108021
59652,112021
59652,116021
59652,120021
59652,124021
59652,128021
59652,132021
59652,136021
59652,140021
59652,144021
59652,148021
59652,152021
59652,156021
59652,160021
59652,164021
59652,168021
59652,172021
59652,176021
59652,180021
59652,184021
59652,188021
59652,192021
59652,196021
59652,200021
59652,204021
59652,208021
59652,212021
59652,216021
59652,220021
59652,224021
59652,228021
59652,232021
59652,236021
59652,240021
59652,244021
59652,248021
59652,252021
59652,256021
55652,60021
55652,64021
55652,68021
55652,72021
55652,76021
55652,80021
55652,84021
55652,88021
55652,92021
55652,96021
55652,100021
55652,104021
55652,108021
55652,112021
55652,116021
55652,120021
55652,124021
55652,128021
55652,132021
55652,136021
55652,140021
55652,144021
55652,148021
55652,152021
55652,156021
55652,160021
55652,164021
55652,168021
55652,172021
55652,176021
55652,180021
55652,184021
55652,188021
55652,192021
55652,196021
55652,200021
55652,204021
55652,208021
55652,212021
55652,216021
55652,220021
55652,224021
55652,228021
55652,232021
55652,236021
55652,240021
55652,244021
55652,248021
55652,252021
55652,256021
51652,64021
51652,68021
51652,72021
51652,76021
51652,80021
51652,84021
51652,88021
51652,92021
51652,96021
51652,100021
51652,104021
51652,108021
51652,112021
51652,116021
51652,120021
51652,124021
51652,128021
51652,132021
51652,136021
51652,140021
51652,144021
51652,148021
51652,152021
51652,156021
51652,160021
51652,164021
51652,168021
51652,172021
51652,176021
51652,180021
51652,184021
51652,188021
51652,192021
51652,196021
51652,200021
51652,204021
51652,208021
51652,212021
51652,216021
51652,220021
51652,224021
51652,228021
51652,232021
51652,236021
51652,240021
51652,244021
51652,248021
51652,252021
51652,256021
47652,64021
47652,68021
47652,72021
47652,76021
47652,80021
47652,84021
47652,88021
47652,92021
47652,96021
47652,100021
47652,104021
47652,108021
47652,112021
47652,116021
47652,120021
47652,124021
47652,128021
47652,132021
47652,136021
47652,140021
47652,144021
47652,148021
47652,152021
47652,156021
47652,160021
47652,164021
47652,168021
47652,172021
47652,176021
47652,180021
47652,184021
47652,188021
47652,192021
47652,196021
47652,200021
47652,204021
47652,208021
47652,212021
47652,216021
47652,220021
47652,224021
47652,228021
47652,232021
47652,236021
47652,240021
47652,244021
47652,248021
47652,252021
47652,256021
43652,68021
43652,76021
43652,80021
43652,84021
43652,88021
43652,92021
43652,96021
43652,100021
43652,104021
43652,108021
43652,112021
43652,116021
43652,120021
43652,124021
43652,128021
43652,132021
43652,136021
43652,140021
43652,144021
43652,148021
43652,152021
43652,156021
43652,160021
43652,164021
43652,168021
43652,172021
43652,176021
43652,180021
43652,184021
43652,188021
43652,192021
43652,196021
43652,200021
43652,204021
43652,208021
43652,212021
43652,216021
43652,220021
43652,224021
43652,228021
43652,232021
43652,236021
43652,240021
43652,244021
43652,248021
43652,252021
43652,256021
39652,64021
39652,68021
39652,72021
39652,76021
39652,80021
39652,84021
39652,88021
39652,92021
39652,96021
39652,100021
39652,104021
39652,108021
39652,112021
39652,116021
39652,120021
39652,128021
39652,132021
39652,136021
39652,140021
39652,176021
39652,184021
39652,188021
39652,192021
39652,212021
39652,216021
39652,220021
39652,224021
39652,228021
39652,232021
39652,236021
39652,240021
39652,244021
39652,248021
39652,252021
39652,256021
35652,60021
35652,64021
35652,68021
35652,72021
35652,76021
35652,80021
35652,84021
35652,88021
35652,92021
35652,96021
35652,100021
35652,104021
35652,108021
35652,112021
35652,116021
35652,128021
35652,132021
35652,136021
35652,140021
35652,184021
35652,188021
35652,192021
35652,196021
35652,216021
35652,220021
35652,224021
35652,228021
35652,232021
35652,236021
35652,240021
35652,244021
35652,248021
35652,252021
31652,60021
31652,64021
31652,68021
31652,72021
31652,76021
31652,80021
31652,84021
31652,88021
31652,92021
31652,96021
31652,100021
31652,104021
31652,108021
31652,112021
31652,124021
31652,132021
31652,136021
31652,188021
31652,192021
31652,224021
31652,228021
31652,232021
31652,236021
31652,240021
31652,248021
27652,56021
27652,60021
27652,64021
27652,68021
27652,72021
27652,76021
27652,80021
27652,88021
27652,92021
27652,96021
27652,100021
27652,104021
27652,108021
27652,112021
27652,176021
27652,180021
27652,184021
27652,188021
27652,192021
27652,196021
27652,204021
27652,212021
27652,224021
27652,228021
27652,232021
27652,236021
27652,248021
27652,252021
23652,76021
23652,80021
23652,84021
23652,88021
23652,92021
23652,96021
23652,100021
23652,104021
23652,172021
23652,176021
23652,180021
23652,184021
23652,188021
23652,192021
23652,196021
23652,200021
23652,204021
23652,208021
23652,220021
23652,224021
23652,228021
19652,84021
19652,88021
19652,92021
19652,172021
19652,176021
19652,180021
19652,184021
19652,188021
19652,192021
19652,196021
19652,200021
15652,84021
15652,172021
15652,176021
15652,180021
15652,184021
11652,168021
11652,172021
11652,176021
11652,180021
11652,184021
11652,208021
11652,212021
11652,220021
11652,224021
7652,172021
7652,176021
7652,180021
7652,184021
7652,212021
7652,216021
7652,220021
7652,224021
3652,172021
3652,176021
3652,180021
3652,184021
3652,188021
3652,192021
3652,196021
3652,200021
3652,204021
3652,208021
3652,212021
3652,216021
3652,220021
3652,224021
-347,96021
-347,100021
-347,104021
-347,108021
-347,112021
-347,144021
-347,172021
-347,176021
-347,180021
-347,184021
-347,188021
-347,192021
-347,196021
-347,200021
-347,204021
-347,208021
-347,212021
-347,216021
-347,232021
-4347,92021
-4347,96021
-4347,100021
-4347,104021
-4347,108021
-4347,112021
-4347,116021
-4347,160021
-4347,164021
-4347,168021
-4347,172021
-4347,176021
-4347,180021
-4347,184021
-4347,188021
-4347,192021
-4347,196021
-4347,200021
-4347,204021
-4347,208021
-4347,212021
-4347,216021
-4347,220021
-4347,224021
-4347,228021
-4347,232021
-4347,236021
-8347,88021
-8347,92021
-8347,96021
-8347,100021
-8347,104021
-8347,108021
-8347,112021
-8347,116021
-8347,120021
-8347,136021
-8347,140021
-8347,144021
-8347,148021
-8347,152021
-8347,156021
-8347,160021
-8347,164021
-8347,168021
-8347,172021
-8347,176021
-8347,180021
-8347,184021
-8347,188021
-8347,192021
-8347,196021
-8347,200021
-8347,204021
-8347,208021
-8347,212021
-8347,216021
-8347,220021
-8347,224021
-8347,228021
-8347,232021
-12347,92021
-12347,96021
-12347,100021
-12347,104021
-12347,108021
-12347,112021
-12347,116021
-12347,120021
-12347,124021
-12347,128021
-12347,132021
-12347,136021
-12347,140021
-12347,144021
-12347,148021
-12347,152021
-12347,156021
-12347,160021
-12347,164021
-12347,168021
-12347,172021
-12347,176021
-12347,180021
-12347,184021
-12347,188021
-12347,192021
-12347,196021
-12347,200021
-12347,204021
-12347,208021
-12347,212021
-12347,216021
-12347,220021
-12347,224021
-12347,228021
-12347,232021
-12347,236021
-16347,80021
-16347,84021
-16347,88021
-16347,92021
-16347,96021
-16347,100021
-16347,104021
-16347,108021
-16347,112021
-16347,116021
-16347,120021
-16347,124021
-16347,128021
-16347,132021
-16347,136021
-16347,140021
-16347,144021
-16347,148021
-16347,152021
-16347,156021
-16347,160021
-16347,164021
-16347,168021
-16347,172021
-16347,176021
-16347,180021
-16347,184021
-16347,188021
-16347,192021
-16347,196021
-16347,200021
-16347,204021
-16347,208021
-16347,212021
-16347,216021
-16347,220021
-16347,224021
-16347,228021
-16347,232021
-16347,236021
-16347,240021
-20347,80021
-20347,84021
-20347,88021
-20347,92021
-20347,96021
-20347,100021
-20347,104021
-20347,108021
-20347,112021
-20347,116021
-20347,120021
-20347,124021
-20347,128021
-20347,132021
-20347,136021
-20347,140021
-20347,144021
-20347,148021
-20347,152021
-20347,156021
-20347,160021
-20347,164021
-20347,168021
-20347,172021
-20347,176021
-20347,180021
-20347,184021
-20347,188021
-20347,192021
-20347,196021
-20347,200021
-20347,204021
-20347,208021
-20347,212021
-20347,216021
-20347,220021
-20347,224021
-20347,228021
-20347,232021
-20347,236021
-20347,240021
-24347,72021
-24347,76021
-24347,80021
-24347,84021
-24347,88021
-24347,92021
-24347,96021
-24347,100021
-24347,104021
-24347,108021
-24347,112021
-24347,116021
-24347,120021
-24347,124021
-24347,128021
-24347,132021
-24347,136021
-24347,140021
-24347,144021
-24347,148021
-24347,152021
-24347,156021
-24347,160021
-24347,164021
-24347,168021
-24347,172021
-24347,176021
-24347,180021
-24347,184021
-24347,188021
-24347,192021
-24347,196021
-24347,200021
-24347,204021
-24347,208021
-24347,212021
-24347,216021
-24347,220021
-24347,224021
-24347,228021
-24347,232021
-24347,236021
-24347,240021
-28347,72021
-28347,76021
-28347,80021
-28347,84021
-28347,88021
-28347,92021
-28347,96021
-28347,100021
-28347,104021
-28347,108021
-28347,112021
-28347,116021
-28347,120021
-28347,124021
-28347,128021
-28347,132021
-28347,136021
-28347,140021
-28347,144021
-28347,148021
-28347,152021
-28347,156021
-28347,160021
-28347,164021
-28347,168021
-28347,172021
-28347,176021
-28347,180021
-28347,184021
-28347,188021
-28347,192021
-28347,196021
-28347,200021
-28347,204021
-28347,208021
-28347,212021
-28347,216021
-28347,220021
-28347,224021
-28347,228021
-28347,232021
-28347,236021
-28347,240021
-28347,244021
-32347,52021
-32347,56021
-32347,60021
-32347,72021
-32347,76021
-32347,80021
-32347,84021
-32347,88021
-32347,92021
-32347,96021
-32347,100021
-32347,104021
-32347,108021
-32347,112021
-32347,116021
-32347,120021
-32347,124021
-32347,128021
-32347,132021
-32347,136021
-32347,140021
-32347,144021
-32347,148021
-32347,152021
-32347,156021
-32347,160021
-32347,164021
-32347,168021
-32347,172021
-32347,176021
-32347,180021
-32347,184021
-32347,188021
-32347,192021
-32347,196021
-32347,200021
-32347,204021
-32347,208021
-32347,212021
-32347,216021
-32347,220021
-32347,224021
-32347,228021
-32347,232021
-32347,236021
-32347,240021
-32347,244021
-36347,44021
-36347,48021
-36347,52021
-36347,56021
-36347,60021
-36347,64021
-36347,68021
-36347,72021
-36347,76021
-36347,80021
-36347,84021
-36347,88021
-36347,92021
-36347,96021
-36347,100021
-36347,104021
-36347,108021
-36347,112021
-36347,116021
-36347,120021
-36347,124021
-36347,128021
-36347,132021
-36347,136021
-36347,140021
-36347,144021
-36347,148021
-36347,152021
-36347,156021
-36347,160021
-36347,164021
-36347,168021
-36347,172021
-36347,176021
-36347,180021
-36347,184021
-36347,188021
-36347,192021
-36347,196021
-36347,200021
-36347,204021
-36347,208021
-36347,212021
-36347,216021
-36347,220021
-36347,224021
-36347,228021
-36347,232021
-36347,236021
-36347,240021
-36347,244021
-36347,248021
-36347,252021
-36347,280021
-36347,284021
-40347,44021
-40347,48021
-40347,52021
-40347,56021
-40347,60021
-40347,64021
-40347,68021
-40347,72021
-40347,76021
-40347,80021
-40347,84021
-40347,88021
-40347,92021
-40347,96021
-40347,100021
-40347,104021
-40347,108021
-40347,112021
-40347,116021
-40347,120021
-40347,124021
-40347,128021
-40347,132021
-40347,136021
-40347,140021
-40347,144021
-40347,148021
-40347,152021
-40347,156021
-40347,160021
-40347,164021
-40347,168021
-40347,172021
-40347,176021
-40347,180021
-40347,184021
-40347,188021
-40347,192021
-40347,196021
-40347,200021
-40347,204021
-40347,208021
-40347,212021
-40347,216021
-40347,220021
-40347,224021
-40347,228021
-40347,232021
-40347,236021
-40347,240021
-40347,244021
-40347,248021
-40347,252021
-40347,256021
-40347,284021
-40347,288021
-44347,44021
-44347,48021
-44347,52021
-44347,56021
-44347,60021
-44347,64021
-44347,68021
-44347,72021
-44347,76021
-44347,80021
-44347,84021
-44347,88021
-44347,92021
-44347,96021
-44347,100021
-44347,104021
-44347,108021
-44347,112021
-44347,116021
-44347,120021
-44347,124021
-44347,128021
-44347,132021
-44347,136021
-44347,140021
-44347,144021
-44347,148021
-44347,152021
-44347,156021
-44347,160021
-44347,164021
-44347,168021
-44347,172021
-44347,176021
-44347,180021
-44347,184021
-44347,188021
-44347,192021
-44347,196021
-44347,200021
-44347,204021
-44347,208021
-44347,212021
-44347,216021
-44347,220021
-44347,224021
-44347,228021
-44347,232021
-44347,236021
-44347,240021
-44347,244021
-44347,248021
-44347,252021
-44347,256021
-44347,260021
-44347,264021
-44347,268021
-44347,272021
-44347,276021
-44347,280021
-44347,284021
-44347,288021
-48347,44021
-48347,48021
-48347,52021
-48347,56021
-48347,60021
-48347,64021
-48347,68021
-48347,72021
-48347,76021
-48347,80021
-48347,84021
-48347,88021
-48347,92021
-48347,96021
-48347,100021
-48347,104021
-48347,108021
-48347,112021
-48347,116021
-48347,120021
-48347,124021
-48347,128021
-48347,132021
-48347,136021
-48347,140021
-48347,144021
-48347,148021
-48347,152021
-48347,156021
-48347,160021
-48347,164021
-48347,168021
-48347,172021
-48347,176021
-48347,180021
-48347,184021
-48347,188021
-48347,192021
-48347,196021
-48347,200021
-48347,204021
-48347,208021
-48347,212021
-48347,216021
-48347,220021
-48347,224021
-48347,228021
-48347,232021
-48347,236021
-48347,240021
-48347,244021
-48347,248021
-48347,252021
-48347,256021
-48347,260021
-48347,264021
-48347,268021
-48347,272021
-48347,276021
-48347,280021
-48347,284021
-48347,288021
-48347,292021
-52347,44021
-52347,48021
-52347,52021
-52347,56021
-52347,60021
-52347,64021
-52347,68021
-52347,72021
-52347,76021
-52347,80021
-52347,84021
-52347,88021
-52347,92021
-52347,96021
-52347,100021
-52347,104021
-52347,108021
-52347,112021
-52347,116021
-52347,120021
-52347,124021
-52347,128021
-52347,132021
-52347,136021
-52347,140021
-52347,144021
-52347,148021
-52347,152021
-52347,156021
-52347,160021
-52347,164021
-52347,168021
-52347,172021
-52347,176021
-52347,180021
-52347,184021
-52347,188021
-52347,192021
-52347,196021
-52347,200021
-52347,204021
-52347,208021
-52347,212021
-52347,216021
-52347,220021
-52347,224021
-52347,228021
-52347,232021
-52347,236021
-52347,240021
-52347,244021
-52347,248021
-52347,252021
-52347,256021
-52347,260021
-52347,264021
-52347,268021
-52347,272021
-52347,276021
-52347,280021
-52347,284021
-52347,288021
-52347,292021
-52347,296021
-52347,300021
-56347,44021
-56347,48021
-56347,52021
-56347,56021
-56347,60021
-56347,64021
-56347,68021
-56347,72021
-56347,76021
-56347,80021
-56347,84021
-56347,88021
-56347,92021
-56347,96021
-56347,100021
-56347,104021
-56347,108021
-56347,112021
-56347,116021
-56347,120021
-56347,124021
-56347,128021
-56347,132021
-56347,136021
-56347,140021
-56347,144021
-56347,148021
-56347,152021
-56347,156021
-56347,160021
-56347,164021
-56347,168021
-56347,172021
-56347,176021
-56347,180021
-56347,184021
-56347,188021
-56347,192021
-56347,196021
-56347,200021
-56347,204021
-56347,208021
-56347,212021
-56347,216021
-56347,220021
-56347,224021
-56347,228021
-56347,232021
-56347,236021
-56347,240021
-56347,244021
-56347,248021
-56347,252021
-56347,256021
-56347,260021
-56347,264021
-56347,268021
-56347,272021
-56347,276021
-56347,280021
-56347,284021
-56347,288021
-56347,292021
-56347,296021
-56347,300021
-56347,304021
-60347,44021
-60347,48021
-60347,52021
-60347,56021
-60347,60021
-60347,64021
-60347,68021
-60347,72021
-60347,76021
-60347,80021
-60347,84021
-60347,88021
-60347,92021
-60347,96021
-60347,100021
-60347,104021
-60347,108021
-60347,112021
-60347,116021
-60347,120021
-60347,124021
-60347,128021
-60347,132021
-60347,136021
-60347,140021
-60347,144021
-60347,148021
-60347,152021
-60347,156021
-60347,160021
-60347,164021
-60347,168021
-60347,172021
-60347,176021
-60347,180021
-60347,184021
-60347,188021
-60347,192021
-60347,196021
-60347,200021
-60347,204021
-60347,208021
-60347,212021
-60347,216021
-60347,220021
-60347,224021
-60347,228021
-60347,232021
-60347,236021
-60347,240021
-60347,244021
-60347,248021
-60347,252021
-60347,256021
-60347,260021
-60347,264021
-60347,268021
-60347,272021
-60347,276021
-60347,280021
-60347,284021
-60347,288021
-60347,292021
-60347,296021
-60347,300021
-60347,304021
-60347,308021
-64347,44021
-64347,48021
-64347,52021
-64347,56021
-64347,60021
-64347,64021
-64347,68021
-64347,72021
-64347,76021
-64347,80021
-64347,84021
-64347,88021
-64347,92021
-64347,96021
-64347,100021
-64347,104021
-64347,108021
-64347,112021
-64347,116021
-64347,120021
-64347,124021
-64347,128021
-64347,132021
-64347,136021
-64347,140021
-64347,144021
-64347,148021
-64347,152021
-64347,156021
-64347,160021
-64347,164021
-64347,168021
-64347,172021
-64347,176021
-64347,180021
-64347,184021
-64347,188021
-64347,192021
-64347,196021
-64347,200021
-64347,204021
-64347,208021
-64347,212021
-64347,216021
-64347,220021
-64347,224021
-64347,228021
-64347,232021
-64347,236021
-64347,240021
-64347,244021
-64347,248021
-64347,252021
-64347,256021
-64347,260021
-64347,264021
-64347,268021
-64347,272021
-64347,276021
-64347,280021
-64347,284021
-64347,288021
-64347,292021
-64347,296021
-64347,300021
-64347,304021
-64347,308021
-64347,312021
-68347,44021
-68347,48021
-68347,52021
-68347,56021
-68347,60021
-68347,64021
-68347,68021
-68347,72021
-68347,76021
-68347,80021
-68347,84021
-68347,88021
-68347,92021
-68347,96021
-68347,100021
-68347,104021
-68347,108021
-68347,112021
-68347,116021
-68347,120021
-68347,124021
-68347,128021
-68347,132021
-68347,136021
-68347,140021
-68347,144021
-68347,148021
-68347,152021
-68347,156021
-68347,160021
-68347,164021
-68347,168021
-68347,172021
-68347,176021
-68347,180021
-68347,184021
-68347,188021
-68347,192021
-68347,196021
-68347,200021
-68347,204021
-68347,208021
-68347,212021
-68347,216021
-68347,220021
-68347,224021
-68347,228021
-68347,232021
-68347,236021
-68347,240021
-68347,244021
-68347,248021
-68347,252021
-68347,256021
-68347,260021
-68347,264021
-68347,268021
-68347,272021
-68347,276021
-68347,280021
-68347,284021
-68347,288021
-68347,292021
-68347,296021
-68347,300021
-68347,304021
-68347,308021
-68347,312021
-68347,316021
-68347,320021
-72347,44021
-72347,48021
-72347,52021
-72347,56021
-72347,60021
-72347,64021
-72347,68021
-72347,72021
-72347,76021
-72347,80021
-72347,84021
-72347,88021
-72347,92021
-72347,96021
-72347,100021
-72347,104021
-72347,108021
-72347,112021
-72347,116021
-72347,120021
-72347,124021
-72347,128021
-72347,132021
-72347,136021
-72347,140021
-72347,144021
-72347,148021
-72347,152021
-72347,156021
-72347,160021
-72347,164021
-72347,168021
-72347,172021
-72347,176021
-72347,180021
-72347,184021
-72347,188021
-72347,192021
-72347,196021
-72347,200021
-72347,204021
-72347,208021
-72347,212021
-72347,216021
-72347,220021
-72347,224021
-72347,228021
-72347,232021
-72347,236021
-72347,240021
-72347,244021
-72347,248021
-72347,252021
-72347,256021
-72347,260021
-72347,264021
-72347,268021
-72347,272021
-72347,276021
-72347,280021
-72347,284021
-72347,288021
-72347,292021
-72347,296021
-72347,300021
-72347,304021
-72347,308021
-72347,312021
-72347,316021
-72347,320021
-72347,324021
-72347,328021
-72347,332021
-72347,336021
-72347,340021
-72347,344021
-76347,44021
-76347,48021
-76347,52021
-76347,56021
-76347,60021
-76347,64021
-76347,68021
-76347,72021
-76347,76021
-76347,80021
-76347,84021
-76347,88021
-76347,92021
-76347,96021
-76347,100021
-76347,104021
-76347,108021
-76347,112021
-76347,116021
-76347,120021
-76347,124021
-76347,128021
-76347,132021
-76347,136021
-76347,140021
-76347,144021
-76347,148021
-76347,152021
-76347,156021
-76347,160021
-76347,164021
-76347,168021
-76347,172021
-76347,176021
-76347,180021
-76347,184021
-76347,188021
-76347,192021
-76347,196021
-76347,200021
-76347,204021
-76347,208021
-76347,212021
-76347,216021
-76347,220021
-76347,224021
-76347,228021
-76347,232021
-76347,236021
-76347,240021
-76347,244021
-76347,248021
-76347,252021
-76347,256021
-76347,260021
-76347,264021
-76347,268021
-76347,272021
-76347,276021
-76347,280021
-76347,284021
-76347,288021
-76347,292021
-76347,296021
-76347,300021
-76347,304021
-76347,308021
-76347,312021
-76347,316021
-76347,320021
-76347,324021
-76347,328021
-76347,332021
-76347,336021
-76347,340021
-76347,344021
-76347,348021
-76347,352021
-80347,44021
-80347,48021
-80347,52021
-80347,56021
-80347,60021
-80347,64021
-80347,68021
-80347,72021
-80347,76021
-80347,80021
-80347,84021
-80347,88021
-80347,92021
-80347,96021
-80347,100021
-80347,104021
-80347,108021
-80347,112021
-80347,116021
-80347,120021
-80347,124021
-80347,128021
-80347,132021
-80347,136021
-80347,140021
-80347,144021
-80347,148021
-80347,152021
-80347,156021
-80347,160021
-80347,164021
-80347,168021
-80347,172021
-80347,176021
-80347,180021
-80347,184021
-80347,188021
-80347,192021
-80347,196021
-80347,200021
-80347,204021
-80347,208021
-80347,212021
-80347,216021
-80347,220021
-80347,224021
-80347,228021
-80347,232021
-80347,236021
-80347,240021
-80347,244021
-80347,248021
-80347,252021
-80347,256021
-80347,260021
-80347,264021
-80347,268021
-80347,272021
-80347,276021
-80347,280021
-80347,284021
-80347,288021
-80347,292021
-80347,296021
-80347,300021
-80347,304021
-80347,308021
-80347,312021
-80347,316021
-80347,320021
-80347,324021
-80347,328021
-80347,332021
-80347,336021
-80347,340021
-80347,344021
-80347,348021
-80347,352021
-80347,356021
-80347,360021
-80347,364021
-84347,44021
-84347,48021
-84347,52021
-84347,56021
-84347,60021
-84347,64021
-84347,68021
-84347,72021
-84347,76021
-84347,80021
-84347,84021
-84347,88021
-84347,92021
-84347,96021
-84347,100021
-84347,104021
-84347,108021
-84347,112021
-84347,116021
-84347,120021
-84347,124021
-84347,128021
-84347,132021
-84347,136021
-84347,140021
-84347,144021
-84347,148021
-84347,152021
-84347,156021
-84347,160021
-84347,164021
-84347,168021
-84347,172021
-84347,176021
-84347,180021
-84347,184021
-84347,188021
-84347,192021
-84347,196021
-84347,200021
-84347,204021
-84347,208021
-84347,212021
-84347,216021
-84347,220021
-84347,224021
-84347,228021
-84347,232021
-84347,236021
-84347,240021
-84347,244021
-84347,248021
-84347,252021
-84347,256021
-84347,260021
-84347,264021
-84347,268021
-84347,272021
-84347,276021
-84347,280021
-84347,284021
-84347,288021
-84347,292021
-84347,296021
-84347,300021
-84347,304021
-84347,308021
-84347,312021
-84347,316021
-84347,320021
-84347,324021
-84347,328021
-84347,332021
-84347,336021
-84347,340021
-84347,344021
-84347,348021
-84347,352021
-84347,356021
-84347,360021
-84347,364021
-88347,44021
-88347,48021
-88347,52021
-88347,56021
-88347,60021
-88347,64021
-88347,68021
-88347,72021
-88347,76021
-88347,80021
-88347,84021
-88347,88021
-88347,92021
-88347,96021
-88347,100021
-88347,104021
-88347,108021
-88347,112021
-88347,116021
-88347,120021
-88347,124021
-88347,128021
-88347,132021
-88347,136021
-88347,140021
-88347,144021
-88347,148021
-88347,152021
-88347,156021
-88347,160021
-88347,164021
-88347,168021
-88347,172021
-88347,176021
-88347,180021
-88347,184021
-88347,188021
-88347,192021
-88347,196021
-88347,200021
-88347,204021
-88347,208021
-88347,212021
-88347,216021
-88347,220021
-88347,224021
-88347,228021
-88347,232021
-88347,236021
-88347,240021
-88347,244021
-88347,248021
-88347,252021
-88347,256021
-88347,260021
-88347,264021
-88347,268021
-88347,272021
-88347,276021
-88347,280021
-88347,284021
-88347,288021
-88347,292021
-88347,296021
-88347,300021
-88347,304021
-88347,308021
-88347,312021
-88347,316021
-88347,320021
-88347,324021
-88347,328021
-88347,332021
-88347,336021
-88347,340021
-88347,344021
-88347,348021
-88347,352021
-88347,356021
-88347,360021
-88347,364021
-88347,368021
-92347,44021
-92347,48021
-92347,52021
-92347,56021
-92347,60021
-92347,64021
-92347,68021
-92347,72021
-92347,76021
-92347,80021
-92347,84021
-92347,88021
-92347,92021
-92347,96021
-92347,100021
-92347,104021
-92347,108021
-92347,112021
-92347,116021
-92347,120021
-92347,124021
-92347,128021
-92347,132021
-92347,136021
-92347,140021
-92347,144021
-92347,148021
-92347,152021
-92347,156021
-92347,160021
-92347,164021
-92347,168021
-92347,172021
-92347,176021
-92347,180021
-92347,184021
-92347,188021
-92347,192021
-92347,196021
-92347,200021
-92347,204021
-92347,208021
-92347,212021
-92347,216021
-92347,220021
-92347,224021
-92347,228021
-92347,232021
-92347,236021
-92347,240021
-92347,244021
-92347,248021
-92347,252021
-92347,256021
-92347,260021
-92347,264021
-92347,268021
-92347,272021
-92347,276021
-92347,280021
-92347,284021
-92347,288021
-92347,292021
-92347,296021
-92347,300021
-92347,304021
-92347,308021
-92347,312021
-92347,316021
-92347,320021
-92347,324021
-92347,328021
-92347,332021
-92347,336021
-92347,340021
-92347,344021
-92347,348021
-92347,352021
-92347,356021
-92347,360021
-92347,364021
-92347,368021
-92347,372021
-92347,376021
-92347,380021
-96347,44021
-96347,48021
-96347,52021
-96347,56021
-96347,60021
-96347,64021
-96347,68021
-96347,72021
-96347,76021
-96347,80021
-96347,84021
-96347,88021
-96347,92021
-96347,96021
-96347,100021
-96347,104021
-96347,108021
-96347,112021
-96347,116021
-96347,120021
-96347,124021
-96347,128021
-96347,132021
-96347,136021
-96347,140021
-96347,144021
-96347,148021
-96347,152021
-96347,156021
-96347,160021
-96347,164021
-96347,168021
-96347,172021
-96347,176021
-96347,180021
-96347,184021
-96347,188021
-96347,192021
-96347,196021
-96347,200021
-96347,204021
-96347,208021
-96347,212021
-96347,216021
-96347,220021
-96347,224021
-96347,228021
-96347,232021
-96347,236021
-96347,240021
-96347,244021
-96347,248021
-96347,252021
-96347,256021
-96347,260021
-96347,264021
-96347,268021
-96347,272021
-96347,276021
-96347,280021
-96347,284021
-96347,288021
-96347,292021
-96347,296021
-96347,300021
-96347,304021
-96347,308021
-96347,312021
-96347,316021
-96347,320021
-96347,324021
-96347,328021
-96347,332021
-96347,336021
-96347,340021
-96347,344021
-96347,348021
-96347,352021
-96347,356021
-96347,360021
-96347,364021
-96347,368021
-96347,372021
-96347,376021
-96347,380021
-100347,44021
-100347,48021
-100347,52021
-100347,56021
-100347,60021
-100347,64021
-100347,68021
-100347,72021
-100347,76021
-100347,80021
-100347,84021
-100347,88021
-100347,92021
-100347,96021
-100347,100021
-100347,104021
-100347,108021
-100347,112021
-100347,116021
-100347,120021
-100347,124021
-100347,128021
-100347,132021
-100347,136021
-100347,140021
-100347,144021
-100347,148021
-100347,152021
-100347,156021
-100347,160021
-100347,164021
-100347,168021
-100347,172021
-100347,176021
-100347,180021
-100347,184021
-100347,188021
-100347,192021
-100347,196021
-100347,200021
-100347,204021
-100347,208021
-100347,212021
-100347,216021
-100347,220021
-100347,224021
-100347,228021
-100347,232021
-100347,236021
-100347,240021
-100347,244021
-100347,248021
-100347,252021
-100347,256021
-100347,260021
-100347,264021
-100347,268021
-100347,272021
-100347,276021
-100347,280021
-100347,284021
-100347,288021
-100347,292021
-100347,296021
-100347,300021
-100347,304021
-100347,308021
-100347,312021
-100347,316021
-100347,320021
-100347,324021
-100347,328021
-100347,332021
-100347,336021
-100347,340021
-100347,344021
-100347,348021
-100347,352021
-100347,356021
-100347,360021
-100347,364021
-100347,368021
-100347,372021
-100347,376021
-100347,380021
-100347,384021
-100347,388021
-104347,44021
-104347,48021
-104347,52021
-104347,56021
-104347,60021
-104347,64021
-104347,68021
-104347,72021
-104347,76021
-104347,80021
-104347,84021
-104347,88021
-104347,92021
-104347,96021
-104347,100021
-104347,104021
-104347,108021
-104347,112021
-104347,116021
-104347,120021
-104347,124021
-104347,128021
-104347,132021
-104347,136021
-104347,140021
-104347,144021
-104347,148021
-104347,152021
-104347,156021
-104347,160021
-104347,164021
-104347,168021
-104347,172021
-104347,176021
-104347,180021
-104347,184021
-104347,188021
-104347,192021
-104347,196021
-104347,200021
-104347,204021
-104347,208021
-104347,212021
-104347,216021
-104347,220021
-104347,224021
-104347,228021
-104347,232021
-104347,236021
-104347,240021
-104347,244021
-104347,248021
-104347,252021
-104347,256021
-104347,260021
-104347,264021
-104347,268021
-104347,272021
-104347,276021
-104347,280021
-104347,284021
-104347,288021
-104347,292021
-104347,296021
-104347,300021
-104347,304021
-104347,308021
-104347,312021
-104347,316021
-104347,320021
-104347,324021
-104347,328021
-104347,332021
-104347,336021
-104347,340021
-104347,344021
-104347,348021
-104347,352021
-104347,356021
-104347,360021
-104347,364021
-104347,368021
-104347,372021
-104347,376021
-104347,380021
-104347,384021
-104347,388021
-104347,392021
-108347,44021
-108347,48021
-108347,52021
-108347,56021
-108347,60021
-108347,64021
-108347,68021
-108347,72021
-108347,76021
-108347,80021
-108347,84021
-108347,88021
-108347,92021
-108347,96021
-108347,100021
-108347,104021
-108347,108021
-108347,112021
-108347,116021
-108347,120021
-108347,124021
-108347,128021
-108347,132021
-108347,136021
-108347,140021
-108347,144021
-108347,148021
-108347,152021
-108347,156021
-108347,160021
-108347,164021
-108347,168021
-108347,172021
-108347,176021
-108347,180021
-108347,184021
-108347,188021
-108347,192021
-108347,196021
-108347,200021
-108347,204021
-108347,208021
-108347,212021
-108347,216021
-108347,220021
-108347,224021
-108347,228021
-108347,232021
-108347,236021
-108347,240021
-108347,244021
-108347,248021
-108347,252021
-108347,256021
-108347,260021
-108347,264021
-108347,268021
-108347,272021
-108347,276021
-108347,280021
-108347,284021
-108347,288021
-108347,292021
-108347,296021
-108347,300021
-108347,304021
-108347,308021
-108347,312021
-108347,316021
-108347,320021
-108347,324021
-108347,328021
-108347,332021
-108347,336021
-108347,340021
-108347,344021
-108347,348021
-108347,352021
-108347,356021
-108347,360021
-108347,364021
-108347,368021
-108347,372021
-108347,376021
-108347,380021
-108347,384021
-108347,388021
-108347,392021
-108347,396021
-112347,44021
-112347,48021
-112347,52021
-112347,56021
-112347,60021
-112347,64021
-112347,68021
-112347,72021
-112347,76021
-112347,80021
-112347,84021
-112347,88021
-112347,92021
-112347,96021
-112347,100021
-112347,104021
-112347,108021
-112347,112021
-112347,116021
-112347,120021
-112347,124021
-112347,128021
-112347,132021
-112347,136021
-112347,140021
-112347,144021
-112347,148021
-112347,152021
-112347,156021
-112347,160021
-112347,164021
-112347,168021
-112347,172021
-112347,176021
-112347,180021
-112347,184021
-112347,188021
-112347,192021
-112347,196021
-112347,200021
-112347,204021
-112347,208021
-112347,212021
-112347,216021
-112347,220021
-112347,224021
-112347,228021
-112347,232021
-112347,236021
-112347,240021
-112347,244021
-112347,248021
-112347,252021
-112347,256021
-112347,260021
-112347,264021
-112347,268021
-112347,272021
-112347,276021
-112347,280021
-112347,284021
-112347,288021
-112347,292021
-112347,296021
-112347,300021
-112347,304021
-112347,308021
-112347,312021
-112347,316021
-112347,320021
-112347,324021
-112347,328021
-112347,332021
-112347,336021
-112347,340021
-112347,344021
-112347,348021
-112347,352021
-112347,356021
-112347,360021
-112347,364021
-112347,368021
-112347,372021
-112347,376021
-112347,380021
-112347,384021
-112347,388021
-112347,392021
-112347,396021
-112347,400021
-116347,44021
-116347,48021
-116347,52021
-116347,56021
-116347,60021
-116347,64021
-116347,68021
-116347,72021
-116347,76021
-116347,80021
-116347,84021
-116347,88021
-116347,92021
-116347,96021
-116347,100021
-116347,104021
-116347,108021
-116347,112021
-116347,116021
-116347,120021
-116347,124021
-116347,128021
-116347,132021
-116347,136021
-116347,140021
-116347,144021
-116347,148021
-116347,152021
-116347,156021
-116347,160021
-116347,164021
-116347,168021
-116347,172021
-116347,176021
-116347,180021
-116347,184021
-116347,188021
-116347,192021
-116347,196021
-116347,200021
-116347,204021
-116347,208021
-116347,212021
-116347,216021
-116347,220021
-116347,224021
-116347,228021
-116347,232021
-116347,236021
-116347,240021
-116347,244021
-116347,248021
-116347,252021
-116347,256021
-116347,260021
-116347,264021
-116347,268021
-116347,272021
-116347,276021
-116347,280021
-116347,284021
-116347,288021
-116347,292021
-116347,296021
-116347,300021
-116347,304021
-116347,308021
-116347,312021
-116347,316021
-116347,320021
-116347,324021
-116347,328021
-116347,332021
-116347,336021
-116347,340021
-116347,344021
-116347,348021
-116347,352021
-116347,356021
-116347,360021
-116347,364021
-116347,368021
-116347,372021
-116347,376021
-116347,380021
-116347,384021
-116347,388021
-116347,392021
-116347,396021
-116347,400021
-116347,404021
-120347,44021
-120347,48021
-120347,52021
-120347,56021
-120347,60021
-120347,64021
-120347,68021
-120347,72021
-120347,76021
-120347,80021
-120347,84021
-120347,88021
-120347,92021
-120347,96021
-120347,100021
-120347,104021
-120347,108021
-120347,112021
-120347,116021
-120347,120021
-120347,124021
-120347,128021
-120347,132021
-120347,136021
-120347,140021
-120347,144021
-120347,148021
-120347,152021
-120347,156021
-120347,160021
-120347,164021
-120347,168021
-120347,172021
-120347,176021
-120347,180021
-120347,184021
-120347,188021
-120347,192021
-120347,196021
-120347,200021
-120347,204021
-120347,208021
-120347,212021
-120347,216021
-120347,220021
-120347,224021
-120347,228021
-120347,232021
-120347,236021
-120347,240021
-120347,244021
-120347,248021
-120347,252021
-120347,256021
-120347,260021
-120347,264021
-120347,268021
-120347,272021
-120347,276021
-120347,280021
-120347,284021
-120347,288021
-120347,292021
-120347,296021
-120347,300021
-120347,304021
-120347,308021
-120347,312021
-120347,316021
-120347,320021
-120347,324021
-120347,328021
-120347,332021
-120347,336021
-120347,340021
-120347,344021
-120347,348021
-120347,352021
-120347,356021
-120347,360021
-120347,364021
-120347,368021
-120347,372021
-120347,376021
-120347,380021
-120347,384021
-120347,388021
-120347,392021
-120347,396021
-120347,400021
-120347,404021
-120347,408021
-120347,412021
-124347,44021
-124347,48021
-124347,52021
-124347,56021
-124347,60021
-124347,64021
-124347,68021
-124347,72021
-124347,76021
-124347,80021
-124347,84021
-124347,88021
-124347,92021
-124347,96021
-124347,100021
-124347,104021
-124347,108021
-124347,112021
-124347,116021
-124347,120021
-124347,124021
-124347,128021
-124347,132021
-124347,136021
-124347,140021
-124347,144021
-124347,148021
-124347,152021
-124347,156021
-124347,160021
-124347,164021
-124347,168021
-124347,172021
-124347,176021
-124347,180021
-124347,184021
-124347,188021
-124347,192021
-124347,196021
-124347,200021
-124347,204021
-124347,208021
-124347,212021
-124347,216021
-124347,220021
-124347,224021
-124347,228021
-124347,232021
-124347,236021
-124347,240021
-124347,244021
-124347,248021
-124347,252021
-124347,256021
-124347,260021
-124347,264021
-124347,268021
-124347,272021
-124347,276021
-124347,280021
-124347,284021
-124347,288021
-124347,292021
-124347,296021
-124347,300021
-124347,304021
-124347,308021
-124347,312021
-124347,316021
-124347,320021
-124347,324021
-124347,328021
-124347,332021
-124347,336021
-124347,340021
-124347,344021
-124347,348021
-124347,352021
-124347,356021
-124347,360021
-124347,364021
-124347,368021
-124347,372021
-124347,376021
-124347,380021
-124347,384021
-124347,388021
-124347,392021
-124347,396021
-124347,400021
-124347,404021
-124347,408021
-124347,412021
-124347,416021
-128347,44021
-128347,48021
-128347,52021
-128347,56021
-128347,60021
-128347,64021
-128347,68021
-128347,72021
-128347,76021
-128347,80021
-128347,84021
-128347,88021
-128347,92021
-128347,96021
-128347,100021
-128347,104021
-128347,108021
-128347,112021
-128347,116021
-128347,120021
-128347,124021
-128347,128021
-128347,132021
-128347,136021
-128347,140021
-128347,144021
-128347,148021
-128347,152021
-128347,156021
-128347,160021
-128347,164021
-128347,168021
-128347,172021
-128347,176021
-128347,180021
-128347,184021
-128347,188021
-128347,192021
-128347,196021
-128347,200021
-128347,204021
-128347,208021
-128347,212021
-128347,216021
-128347,220021
-128347,224021
-128347,228021
-128347,232021
-128347,236021
-128347,240021
-128347,244021
-128347,248021
-128347,252021
-128347,256021
-128347,260021
-128347,264021
-128347,268021
-128347,272021
-128347,276021
-128347,280021
-128347,284021
-128347,288021
-128347,292021
-128347,296021
-128347,300021
-128347,304021
-128347,308021
-128347,312021
-128347,316021
-128347,320021
-128347,324021
-128347,328021
-128347,332021
-128347,336021
-128347,340021
-128347,344021
-128347,348021
-128347,352021
-128347,356021
-128347,360021
-128347,364021
-128347,368021
-128347,372021
-128347,376021
-128347,380021
-128347,384021
-128347,388021
-128347,392021
-128347,396021
-128347,400021
-128347,404021
-128347,408021
-128347,412021
-128347,416021
-132347,44021
-132347,48021
-132347,52021
-132347,56021
-132347,60021
-132347,64021
-132347,68021
-132347,72021
-132347,76021
-132347,80021
-132347,84021
-132347,88021
-132347,92021
-132347,96021
-132347,100021
-132347,104021
-132347,108021
-132347,112021
-132347,116021
-132347,120021
-132347,124021
-132347,128021
-132347,132021
-132347,136021
-132347,140021
-132347,144021
-132347,148021
-132347,152021
-132347,156021
-132347,160021
-132347,164021
-132347,168021
-132347,172021
-132347,176021
-132347,180021
-132347,184021
-132347,188021
-132347,192021
-132347,196021
-132347,200021
-132347,204021
-132347,208021
-132347,212021
-132347,216021
-132347,220021
-132347,224021
-132347,228021
-132347,232021
-132347,236021
-132347,240021
-132347,244021
-132347,248021
-132347,252021
-132347,256021
-132347,260021
-132347,264021
-132347,268021
-132347,272021
-132347,276021
-132347,280021
-132347,284021
-132347,288021
-132347,292021
-132347,296021
-132347,300021
-132347,304021
-132347,308021
-132347,312021
-132347,316021
-132347,320021
-132347,324021
-132347,328021
-132347,332021
-132347,336021
-132347,340021
-132347,344021
-132347,348021
-132347,352021
-132347,356021
-132347,360021
-132347,364021
-132347,368021
-132347,372021
-132347,376021
-132347,380021
-132347,384021
-132347,388021
-132347,392021
-132347,396021
-132347,400021
-132347,404021
-132347,408021
-132347,412021
-132347,416021
-132347,420021
-136347,44021
-136347,48021
-136347,52021
-136347,56021
-136347,60021
-136347,64021
-136347,68021
-136347,72021
-136347,76021
-136347,80021
-136347,84021
-136347,88021
-136347,92021
-136347,96021
-136347,100021
-136347,104021
-136347,108021
-136347,112021
-136347,116021
-136347,120021
-136347,124021
-136347,128021
-136347,132021
-136347,136021
-136347,140021
-136347,144021
-136347,148021
-136347,152021
-136347,156021
-136347,160021
-136347,164021
-136347,168021
-136347,172021
-136347,176021
-136347,180021
-136347,184021
-136347,188021
-136347,192021
-136347,196021
-136347,200021
-136347,204021
-136347,208021
-136347,212021
-136347,216021
-136347,220021
-136347,224021
-136347,228021
-136347,232021
-136347,236021
-136347,240021
-136347,244021
-136347,248021
-136347,252021
-136347,256021
-136347,260021
-136347,264021
-136347,268021
-136347,272021
-136347,276021
-136347,280021
-136347,284021
-136347,288021
-136347,292021
-136347,296021
-136347,300021
-136347,304021
-136347,308021
-136347,312021
-136347,316021
-136347,320021
-136347,324021
-136347,328021
-136347,332021
-136347,336021
-136347,340021
-136347,344021
-136347,348021
-136347,352021
-136347,356021
-136347,360021
-136347,364021
-136347,368021
-136347,372021
-136347,376021
-136347,380021
-136347,384021
-136347,388021
-136347,392021
-136347,396021
-136347,400021
-136347,404021
-136347,408021
-136347,412021
-136347,416021
-136347,420021
-136347,424021
-136347,428021
-140347,44021
-140347,48021
-140347,52021
-140347,56021
-140347,60021
-140347,64021
-140347,68021
-140347,72021
-140347,76021
-140347,80021
-140347,84021
-140347,88021
-140347,92021
-140347,96021
-140347,100021
-140347,104021
-140347,108021
-140347,112021
-140347,116021
-140347,120021
-140347,124021
-140347,128021
-140347,132021
-140347,136021
-140347,140021
-140347,144021
-140347,148021
-140347,152021
-140347,156021
-140347,160021
-140347,164021
-140347,168021
-140347,172021
-140347,176021
-140347,180021
-140347,184021
-140347,188021
-140347,192021
-140347,196021
-140347,200021
-140347,204021
-140347,208021
-140347,212021
-140347,216021
-140347,220021
-140347,224021
-140347,228021
-140347,232021
-140347,236021
-140347,240021
-140347,244021
-140347,248021
-140347,252021
-140347,256021
-140347,260021
-140347,264021
-140347,268021
-140347,272021
-140347,276021
-140347,280021
-140347,284021
-140347,288021
-140347,292021
-140347,296021
-140347,300021
-140347,304021
-140347,308021
-140347,312021
-140347,316021
-140347,320021
-140347,324021
-140347,328021
-140347,332021
-140347,336021
-140347,340021
-140347,344021
-140347,348021
-140347,352021
-140347,356021
-140347,360021
-140347,364021
-140347,368021
-140347,372021
-140347,376021
-140347,380021
-140347,384021
-140347,388021
-140347,392021
-140347,396021
-140347,400021
-140347,404021
-140347,408021
-140347,412021
-140347,416021
-140347,420021
-140347,424021
-140347,428021
-140347,432021
-144347,44021
-144347,48021
-144347,52021
-144347,56021
-144347,60021
-144347,64021
-144347,68021
-144347,72021
-144347,76021
-144347,80021
-144347,84021
-144347,88021
-144347,92021
-144347,96021
-144347,100021
-144347,104021
-144347,108021
-144347,112021
-144347,116021
-144347,120021
-144347,124021
-144347,128021
-144347,132021
-144347,136021
-144347,140021
-144347,144021
-144347,148021
-144347,152021
-144347,156021
-144347,160021
-144347,164021
-144347,168021
-144347,172021
-144347,176021
-144347,180021
-144347,184021
-144347,188021
-144347,192021
-144347,196021
-144347,200021
-144347,204021
-144347,208021
-144347,212021
-144347,216021
-144347,220021
-144347,224021
-144347,228021
-144347,232021
-144347,236021
-144347,240021
-144347,244021
-144347,248021
-144347,252021
-144347,256021
-144347,260021
-144347,264021
-144347,268021
-144347,272021
-144347,276021
-144347,280021
-144347,284021
-144347,288021
-144347,292021
-144347,296021
-144347,300021
-144347,304021
-144347,308021
-144347,312021
-144347,316021
-144347,320021
-144347,324021
-144347,328021
-144347,332021
-144347,336021
-144347,340021
-144347,344021
-144347,348021
-144347,352021
-144347,356021
-144347,360021
-144347,364021
-144347,368021
-144347,372021
-144347,376021
-144347,380021
-144347,384021
-144347,388021
-144347,392021
-144347,396021
-144347,400021
-144347,404021
-144347,408021
-144347,412021
-144347,416021
-144347,420021
-144347,424021
-144347,428021
-144347,432021
-144347,436021
-148347,44021
-148347,48021
-148347,52021
-148347,56021
-148347,60021
-148347,64021
-148347,68021
-148347,72021
-148347,76021
-148347,80021
-148347,84021
-148347,88021
-148347,92021
-148347,96021
-148347,100021
-148347,104021
-148347,108021
-148347,112021
-148347,116021
-148347,120021
-148347,124021
-148347,128021
-148347,132021
-148347,136021
-148347,140021
-148347,144021
-148347,148021
-148347,152021
-148347,156021
-148347,160021
-148347,164021
-148347,168021
-148347,172021
-148347,176021
-148347,180021
-148347,184021
-148347,188021
-148347,192021
-148347,196021
-148347,200021
-148347,204021
-148347,208021
-148347,212021
-148347,216021
-148347,220021
-148347,224021
-148347,228021
-148347,232021
-148347,236021
-148347,240021
-148347,244021
-148347,248021
-148347,252021
-148347,256021
-148347,260021
-148347,264021
-148347,268021
-148347,272021
-148347,276021
-148347,280021
-148347,284021
-148347,288021
-148347,292021
-148347,296021
-148347,300021
-148347,304021
-148347,308021
-148347,312021
-148347,316021
-148347,320021
-148347,324021
-148347,328021
-148347,332021
-148347,336021
-148347,340021
-148347,344021
-148347,348021
-148347,352021
-148347,356021
-148347,360021
-148347,364021
-148347,368021
-148347,372021
-148347,376021
-148347,380021
-148347,384021
-148347,388021
-148347,392021
-148347,396021
-148347,400021
-148347,404021
-148347,408021
-148347,412021
-148347,416021
-148347,420021
-148347,424021
-148347,428021
-148347,432021
-148347,436021
-148347,440021
-152347,44021
-152347,48021
-152347,52021
-152347,56021
-152347,60021
-152347,64021
-152347,68021
-152347,72021
-152347,76021
-152347,80021
-152347,84021
-152347,88021
-152347,92021
-152347,96021
-152347,100021
-152347,104021
-152347,108021
-152347,112021
-152347,116021
-152347,120021
-152347,124021
-152347,128021
-152347,132021
-152347,136021
-152347,140021
-152347,144021
-152347,148021
-152347,152021
-152347,156021
-152347,160021
-152347,164021
-152347,168021
-152347,172021
-152347,176021
-152347,180021
-152347,184021
-152347,188021
-152347,192021
-152347,196021
-152347,200021
-152347,204021
-152347,208021
-152347,212021
-152347,216021
-152347,220021
-152347,224021
-152347,228021
-152347,232021
-152347,236021
-152347,240021
-152347,244021
-152347,248021
-152347,252021
-152347,256021
-152347,260021
-152347,264021
-152347,268021
-152347,272021
-152347,276021
-152347,280021
-152347,284021
-152347,288021
-152347,292021
-152347,296021
-152347,300021
-152347,304021
-152347,308021
-152347,312021
-152347,316021
-152347,320021
-152347,324021
-152347,328021
-152347,332021
-152347,336021
-152347,340021
-152347,344021
-152347,348021
-152347,352021
-152347,356021
-152347,360021
-152347,364021
-152347,368021
-152347,372021
-152347,376021
-152347,380021
-152347,384021
-152347,388021
-152347,392021
-152347,396021
-152347,400021
-152347,404021
-152347,408021
-152347,412021
-152347,416021
-152347,420021
-152347,424021
-152347,428021
-152347,432021
-152347,436021
-152347,440021
-152347,444021
-156347,44021
-156347,48021
-156347,52021
-156347,56021
-156347,60021
-156347,64021
-156347,68021
-156347,72021
-156347,76021
-156347,80021
-156347,84021
-156347,88021
-156347,92021
-156347,96021
-156347,100021
-156347,104021
-156347,108021
-156347,112021
-156347,116021
-156347,120021
-156347,124021
-156347,128021
-156347,132021
-156347,136021
-156347,140021
-156347,144021
-156347,148021
-156347,152021
-156347,156021
-156347,160021
-156347,164021
-156347,168021
-156347,172021
-156347,176021
-156347,180021
-156347,184021
-156347,188021
-156347,192021
-156347,196021
-156347,200021
-156347,204021
-156347,208021
-156347,212021
-156347,216021
-156347,220021
-156347,224021
-156347,228021
-156347,232021
-156347,236021
-156347,240021
-156347,244021
-156347,248021
-156347,252021
-156347,256021
-156347,260021
-156347,264021
-156347,268021
-156347,272021
-156347,276021
-156347,280021
-156347,284021
-156347,288021
-156347,292021
-156347,296021
-156347,300021
-156347,304021
-156347,308021
-156347,312021
-156347,316021
-156347,320021
-156347,324021
-156347,328021
-156347,332021
-156347,336021
-156347,340021
-156347,344021
-156347,348021
-156347,352021
-156347,356021
-156347,360021
-156347,364021
-156347,368021
-156347,372021
-156347,376021
-156347,380021
-156347,384021
-156347,388021
-156347,392021
-156347,396021
-156347,400021
-156347,404021
-156347,408021
-156347,412021
-156347,416021
-156347,420021
-156347,424021
-156347,428021
-156347,432021
-156347,436021
-156347,440021
-156347,444021
-156347,448021
-156347,452021
-160347,44021
-160347,48021
-160347,52021
-160347,56021
-160347,60021
-160347,64021
-160347,68021
-160347,72021
-160347,76021
-160347,80021
-160347,84021
-160347,88021
-160347,92021
-160347,96021
-160347,100021
-160347,104021
-160347,108021
-160347,112021
-160347,116021
-160347,120021
-160347,124021
-160347,128021
-160347,132021
-160347,136021
-160347,140021
-160347,144021
-160347,148021
-160347,152021
-160347,156021
-160347,160021
-160347,164021
-160347,168021
-160347,172021
-160347,176021
-160347,180021
-160347,184021
-160347,188021
-160347,192021
-160347,196021
-160347,200021
-160347,204021
-160347,208021
-160347,212021
-160347,216021
-160347,220021
-160347,224021
-160347,228021
-160347,232021
-160347,236021
-160347,240021
-160347,244021
-160347,248021
-160347,252021
-160347,256021
-160347,260021
-160347,264021
-160347,268021
-160347,272021
-160347,276021
-160347,280021
-160347,284021
-160347,288021
-160347,292021
-160347,296021
-160347,300021
-160347,304021
-160347,308021
-160347,312021
-160347,316021
-160347,320021
-160347,324021
-160347,328021
-160347,332021
-160347,336021
-160347,340021
-160347,344021
-160347,348021
-160347,352021
-160347,356021
-160347,360021
-160347,364021
-160347,368021
-160347,372021
-160347,376021
-160347,380021
-160347,384021
-160347,388021
-160347,392021
-160347,396021
-160347,400021
-160347,404021
-160347,408021
-160347,412021
-160347,416021
-160347,420021
-160347,424021
-160347,428021
-160347,432021
-160347,436021
-160347,440021
-160347,444021
-160347,448021
-160347,452021
-160347,456021
-164347,44021
-164347,48021
-164347,52021
-164347,56021
-164347,60021
-164347,64021
-164347,68021
-164347,72021
-164347,76021
-164347,80021
-164347,84021
-164347,88021
-164347,92021
-164347,96021
-164347,100021
-164347,104021
-164347,108021
-164347,112021
-164347,116021
-164347,120021
-164347,124021
-164347,128021
-164347,132021
-164347,136021
-164347,140021
-164347,144021
-164347,148021
-164347,152021
-164347,156021
-164347,160021
-164347,164021
-164347,168021
-164347,172021
-164347,176021
-164347,180021
-164347,184021
-164347,188021
-164347,192021
-164347,196021
-164347,200021
-164347,204021
-164347,208021
-164347,212021
-164347,216021
-164347,220021
-164347,224021
-164347,228021
-164347,232021
-164347,236021
-164347,240021
-164347,244021
-164347,248021
-164347,252021
-164347,256021
-164347,260021
-164347,264021
-164347,268021
-164347,272021
-164347,276021
-164347,280021
-164347,284021
-164347,288021
-164347,292021
-164347,296021
-164347,300021
-164347,304021
-164347,308021
-164347,312021
-164347,316021
-164347,320021
-164347,324021
-164347,328021
-164347,332021
-164347,336021
-164347,340021
-164347,344021
-164347,348021
-164347,352021
-164347,356021
-164347,360021
-164347,364021
-164347,368021
-164347,372021
-164347,376021
-164347,380021
-164347,384021
-164347,388021
-164347,392021
-164347,396021
-164347,400021
-164347,404021
-164347,408021
-164347,412021
-164347,416021
-164347,420021
-164347,424021
-164347,428021
-164347,432021
-164347,436021
-164347,440021
-164347,444021
-164347,448021
-164347,452021
-164347,456021
-168347,44021
-168347,48021
-168347,52021
-168347,56021
-168347,60021
-168347,64021
-168347,68021
-168347,72021
-168347,76021
-168347,80021
-168347,84021
-168347,88021
-168347,92021
-168347,96021
-168347,100021
-168347,104021
-168347,108021
-168347,112021
-168347,116021
-168347,120021
-168347,124021
-168347,128021
-168347,132021
-168347,136021
-168347,140021
-168347,144021
-168347,148021
-168347,152021
-168347,156021
-168347,160021
-168347,164021
-168347,168021
-168347,172021
-168347,176021
-168347,180021
-168347,184021
-168347,188021
-168347,192021
-168347,196021
-168347,200021
-168347,204021
-168347,208021
-168347,212021
-168347,216021
-168347,220021
-168347,224021
-168347,228021
-168347,232021
-168347,236021
-168347,240021
-168347,244021
-168347,248021
-168347,252021
-168347,256021
-168347,260021
-168347,264021
-168347,268021
-168347,272021
-168347,276021
-168347,280021
-168347,284021
-168347,288021
-168347,292021
-168347,296021
-168347,300021
-168347,304021
-168347,308021
-168347,312021
-168347,316021
-168347,320021
-168347,324021
-168347,328021
-168347,332021
-168347,336021
-168347,340021
-168347,344021
-168347,348021
-168347,352021
-168347,356021
-168347,360021
-168347,364021
-168347,368021
-168347,372021
-168347,376021
-168347,380021
-168347,384021
-168347,388021
-168347,392021
-168347,396021
-168347,400021
-168347,404021
-168347,408021
-168347,412021
-168347,416021
-168347,420021
-168347,424021
-168347,428021
-168347,432021
-168347,436021
-168347,440021
-168347,444021
-168347,448021
-168347,452021
-168347,456021
-168347,460021
-172347,44021
-172347,48021
-172347,52021
-172347,56021
-172347,60021
-172347,64021
-172347,68021
-172347,72021
-172347,76021
-172347,80021
-172347,84021
-172347,88021
-172347,92021
-172347,96021
-172347,100021
-172347,104021
-172347,108021
-172347,112021
-172347,116021
-172347,120021
-172347,124021
-172347,128021
-172347,132021
-172347,136021
-172347,140021
-172347,144021
-172347,148021
-172347,152021
-172347,156021
-172347,160021
-172347,164021
-172347,168021
-172347,172021
-172347,176021
-172347,180021
-172347,184021
-172347,188021
-172347,192021
-172347,196021
-172347,200021
-172347,204021
-172347,208021
-172347,212021
-172347,216021
-172347,220021
-172347,224021
-172347,228021
-172347,232021
-172347,236021
-172347,240021
-172347,244021
-172347,248021
-172347,252021
-172347,256021
-172347,260021
-172347,264021
-172347,268021
-172347,272021
-172347,276021
-172347,280021
-172347,284021
-172347,288021
-172347,292021
-172347,296021
-172347,300021
-172347,304021
-172347,308021
-172347,312021
-172347,316021
-172347,320021
-172347,324021
-172347,328021
-172347,332021
-172347,336021
-172347,340021
-172347,344021
-172347,348021
-172347,352021
-172347,356021
-172347,360021
-172347,364021
-172347,368021
-172347,372021
-172347,376021
-172347,380021
-172347,384021
-172347,388021
-172347,392021
-172347,396021
-172347,400021
-172347,404021
-172347,408021
-172347,412021
-172347,416021
-172347,420021
-172347,424021
-172347,428021
-172347,432021
-172347,436021
-172347,440021
-172347,444021
-172347,448021
-172347,452021
-172347,456021
-172347,460021
-172347,464021
-172347,468021
-172347,472021
-172347,476021
-176347,44021
-176347,48021
-176347,52021
-176347,56021
-176347,60021
-176347,64021
-176347,68021
-176347,72021
-176347,76021
-176347,80021
-176347,84021
-176347,88021
-176347,92021
-176347,96021
-176347,100021
-176347,104021
-176347,108021
-176347,112021
-176347,116021
-176347,120021
-176347,124021
-176347,128021
-176347,132021
-176347,136021
-176347,140021
-176347,144021
-176347,148021
-176347,152021
-176347,156021
-176347,160021
-176347,164021
-176347,168021
-176347,172021
-176347,176021
-176347,180021
-176347,184021
-176347,188021
-176347,192021
-176347,196021
-176347,200021
-176347,204021
-176347,208021
-176347,212021
-176347,216021
-176347,220021
-176347,224021
-176347,228021
-176347,232021
-176347,236021
-176347,240021
-176347,244021
-176347,248021
-176347,252021
-176347,256021
-176347,260021
-176347,264021
-176347,268021
-176347,272021
-176347,276021
-176347,280021
-176347,284021
-176347,288021
-176347,292021
-176347,296021
-176347,300021
-176347,304021
-176347,308021
-176347,312021
-176347,316021
-176347,320021
-176347,324021
-176347,328021
-176347,332021
-176347,336021
-176347,340021
-176347,344021
-176347,348021
-176347,352021
-176347,356021
-176347,360021
-176347,364021
-176347,368021
-176347,372021
-176347,376021
-176347,380021
-176347,384021
-176347,388021
-176347,392021
-176347,396021
-176347,400021
-176347,404021
-176347,408021
-176347,412021
-176347,416021
-176347,420021
-176347,424021
-176347,428021
-176347,432021
-176347,436021
-176347,440021
-176347,444021
-176347,448021
-176347,452021
-176347,456021
-176347,460021
-176347,464021
-176347,468021
-176347,472021
-176347,476021
-176347,480021
-176347,484021
-180347,44021
-180347,48021
-180347,52021
-180347,56021
-180347,60021
-180347,64021
-180347,68021
-180347,72021
-180347,76021
-180347,80021
-180347,84021
-180347,88021
-180347,92021
-180347,96021
-180347,100021
-180347,104021
-180347,108021
-180347,112021
-180347,116021
-180347,120021
-180347,124021
-180347,128021
-180347,132021
-180347,136021
-180347,140021
-180347,144021
-180347,148021
-180347,152021
-180347,156021
-180347,160021
-180347,164021
-180347,168021
-180347,172021
-180347,176021
-180347,180021
-180347,184021
-180347,188021
-180347,192021
-180347,196021
-180347,200021
-180347,204021
-180347,208021
-180347,212021
-180347,216021
-180347,220021
-180347,224021
-180347,228021
-180347,232021
-180347,236021
-180347,240021
-180347,244021
-180347,248021
-180347,252021
-180347,256021
-180347,260021
-180347,264021
-180347,268021
-180347,272021
-180347,276021
-180347,280021
-180347,284021
-180347,288021
-180347,292021
-180347,296021
-180347,300021
-180347,304021
-180347,308021
-180347,312021
-180347,316021
-180347,320021
-180347,324021
-180347,328021
-180347,332021
-180347,336021
-180347,340021
-180347,344021
-180347,348021
-180347,352021
-180347,356021
-180347,360021
-180347,364021
-180347,368021
-180347,372021
-180347,376021
-180347,380021
-180347,384021
-180347,388021
-180347,392021
-180347,396021
-180347,400021
-180347,404021
-180347,408021
-180347,412021
-180347,416021
-180347,420021
-180347,424021
-180347,428021
-180347,432021
-180347,436021
-180347,440021
-180347,444021
-180347,448021
-180347,452021
-180347,456021
-180347,460021
-180347,464021
-180347,468021
-180347,472021
-180347,476021
-180347,480021
-180347,484021
-180347,488021
-184347,44021
-184347,48021
-184347,52021
-184347,56021
-184347,60021
-184347,64021
-184347,68021
-184347,72021
-184347,76021
-184347,80021
-184347,84021
-184347,88021
-184347,92021
-184347,96021
-184347,100021
-184347,104021
-184347,108021
-184347,112021
-184347,116021
-184347,120021
-184347,124021
-184347,128021
-184347,132021
-184347,136021
-184347,140021
-184347,144021
-184347,148021
-184347,152021
-184347,156021
-184347,160021
-184347,164021
-184347,168021
-184347,172021
-184347,176021
-184347,180021
-184347,184021
-184347,188021
-184347,192021
-184347,196021
-184347,200021
-184347,204021
-184347,208021
-184347,212021
-184347,216021
-184347,220021
-184347,224021
-184347,228021
-184347,232021
-184347,236021
-184347,240021
-184347,244021
-184347,248021
-184347,252021
-184347,256021
-184347,260021
-184347,264021
-184347,268021
-184347,272021
-184347,276021
-184347,280021
-184347,284021
-184347,288021
-184347,292021
-184347,296021
-184347,300021
-184347,304021
-184347,308021
-184347,312021
-184347,316021
-184347,320021
-184347,324021
-184347,328021
-184347,332021
-184347,336021
-184347,340021
-184347,344021
-184347,348021
-184347,352021
-184347,356021
-184347,360021
-184347,364021
-184347,368021
-184347,372021
-184347,376021
-184347,380021
-184347,384021
-184347,388021
-184347,392021
-184347,396021
-184347,400021
-184347,404021
-184347,408021
-184347,412021
-184347,416021
-184347,420021
-184347,424021
-184347,428021
-184347,432021
-184347,436021
-184347,440021
-184347,444021
-184347,448021
-184347,452021
-184347,456021
-184347,460021
-184347,464021
-184347,468021
-184347,472021
-184347,476021
-184347,480021
-184347,484021
-184347,488021
-188347,44021
-188347,48021
-188347,52021
-188347,56021
-188347,60021
-188347,64021
-188347,68021
-188347,72021
-188347,76021
-188347,80021
-188347,84021
-188347,88021
-188347,92021
-188347,96021
-188347,100021
-188347,104021
-188347,108021
-188347,112021
-188347,116021
-188347,120021
-188347,124021
-188347,128021
-188347,132021
-188347,136021
-188347,140021
-188347,144021
-188347,148021
-188347,152021
-188347,156021
-188347,160021
-188347,164021
-188347,168021
-188347,172021
-188347,176021
-188347,180021
-188347,184021
-188347,188021
-188347,192021
-188347,196021
-188347,200021
-188347,204021
-188347,208021
-188347,212021
-188347,216021
-188347,220021
-188347,224021
-188347,228021
-188347,232021
-188347,236021
-188347,240021
-188347,244021
-188347,248021
-188347,252021
-188347,256021
-188347,260021
-188347,264021
-188347,268021
-188347,272021
-188347,276021
-188347,280021
-188347,284021
-188347,288021
-188347,292021
-188347,296021
-188347,300021
-188347,304021
-188347,308021
-188347,312021
-188347,316021
-188347,320021
-188347,324021
-188347,328021
-188347,332021
-188347,336021
-188347,340021
-188347,344021
-188347,348021
-188347,352021
-188347,356021
-188347,360021
-188347,364021
-188347,368021
-188347,372021
-188347,376021
-188347,380021
-188347,384021
-188347,388021
-188347,392021
-188347,396021
-188347,400021
-188347,404021
-188347,408021
-188347,412021
-188347,416021
-188347,420021
-188347,424021
-188347,428021
-188347,432021
-188347,436021
-188347,440021
-188347,444021
-188347,448021
-188347,452021
-188347,456021
-188347,460021
-188347,464021
-188347,468021
-188347,472021
-188347,476021
-188347,480021
-188347,484021
-188347,488021
-192347,44021
-192347,48021
-192347,52021
-192347,56021
-192347,60021
-192347,64021
-192347,68021
-192347,72021
-192347,76021
-192347,80021
-192347,84021
-192347,88021
-192347,92021
-192347,96021
-192347,100021
-192347,104021
-192347,108021
-192347,112021
-192347,116021
-192347,120021
-192347,124021
-192347,128021
-192347,132021
-192347,136021
-192347,140021
-192347,144021
-192347,148021
-192347,152021
-192347,156021
-192347,160021
-192347,164021
-192347,168021
-192347,172021
-192347,176021
-192347,180021
-192347,184021
-192347,188021
-192347,192021
-192347,196021
-192347,200021
-192347,204021
-192347,208021
-192347,212021
-192347,216021
-192347,220021
-192347,224021
-192347,228021
-192347,232021
-192347,236021
-192347,240021
-192347,244021
-192347,248021
-192347,252021
-192347,256021
-192347,260021
-192347,264021
-192347,268021
-192347,272021
-192347,276021
-192347,280021
-192347,284021
-192347,288021
-192347,292021
-192347,296021
-192347,300021
-192347,304021
-192347,308021
-192347,312021
-192347,316021
-192347,320021
-192347,324021
-192347,328021
-192347,332021
-192347,336021
-192347,340021
-192347,344021
-192347,348021
-192347,352021
-192347,356021
-192347,360021
-192347,364021
-192347,368021
-192347,372021
-192347,376021
-192347,380021
-192347,384021
-192347,388021
-192347,392021
-192347,396021
-192347,400021
-192347,404021
-192347,408021
-192347,412021
-192347,416021
-192347,420021
-192347,424021
-192347,428021
-192347,432021
-192347,436021
-192347,440021
-192347,444021
-192347,448021
-192347,452021
-192347,456021
-192347,460021
-192347,464021
-192347,468021
-192347,472021
-192347,476021
-192347,480021
-192347,484021
-192347,488021
-192347,492021
-192347,500021
-196347,44021
-196347,48021
-196347,52021
-196347,56021
-196347,60021
-196347,64021
-196347,68021
-196347,72021
-196347,76021
-196347,80021
-196347,84021
-196347,88021
-196347,92021
-196347,96021
-196347,100021
-196347,104021
-196347,108021
-196347,112021
-196347,116021
-196347,120021
-196347,124021
-196347,128021
-196347,132021
-196347,136021
-196347,140021
-196347,144021
-196347,148021
-196347,152021
-196347,156021
-196347,160021
-196347,164021
-196347,168021
-196347,172021
-196347,176021
-196347,180021
-196347,184021
-196347,188021
-196347,192021
-196347,196021
-196347,200021
-196347,204021
-196347,208021
-196347,212021
-196347,216021
-196347,220021
-196347,224021
-196347,228021
-196347,232021
-196347,236021
-196347,240021
-196347,244021
-196347,248021
-196347,252021
-196347,256021
-196347,260021
-196347,264021
-196347,268021
-196347,272021
-196347,276021
-196347,280021
-196347,284021
-196347,288021
-196347,292021
-196347,296021
-196347,300021
-196347,304021
-196347,308021
-196347,312021
-196347,316021
-196347,320021
-196347,324021
-196347,328021
-196347,332021
-196347,336021
-196347,340021
-196347,344021
-196347,348021
-196347,352021
-196347,356021
-196347,360021
-196347,364021
-196347,368021
-196347,372021
-196347,376021
-196347,380021
-196347,384021
-196347,388021
-196347,392021
-196347,396021
-196347,400021
-196347,404021
-196347,408021
-196347,412021
-196347,416021
-196347,420021
-196347,424021
-196347,428021
-196347,432021
-196347,436021
-196347,440021
-196347,444021
-196347,448021
-196347,452021
-196347,456021
-196347,460021
-196347,464021
-196347,468021
-196347,472021
-196347,476021
-196347,480021
-196347,484021
-196347,488021
-196347,492021
-196347,496021
-196347,500021
-196347,504021
-196347,508021
-196347,512021
-200347,44021
-200347,48021
-200347,52021
-200347,56021
-200347,60021
-200347,64021
-200347,68021
-200347,72021
-200347,76021
-200347,80021
-200347,84021
-200347,88021
-200347,92021
-200347,96021
-200347,100021
-200347,104021
-200347,108021
-200347,112021
-200347,116021
-200347,120021
-200347,124021
-200347,128021
-200347,132021
-200347,136021
-200347,140021
-200347,144021
-200347,148021
-200347,152021
-200347,156021
-200347,160021
-200347,164021
-200347,168021
-200347,172021
-200347,176021
-200347,180021
-200347,184021
-200347,188021
-200347,192021
-200347,196021
-200347,200021
-200347,204021
-200347,208021
-200347,212021
-200347,216021
-200347,220021
-200347,224021
-200347,228021
-200347,232021
-200347,236021
-200347,240021
-200347,244021
-200347,248021
-200347,252021
-200347,256021
-200347,260021
-200347,264021
-200347,268021
-200347,272021
-200347,276021
-200347,280021
-200347,284021
-200347,288021
-200347,292021
-200347,296021
-200347,300021
-200347,304021
-200347,308021
-200347,312021
-200347,316021
-200347,320021
-200347,324021
-200347,328021
-200347,332021
-200347,336021
-200347,340021
-200347,344021
-200347,348021
-200347,352021
-200347,356021
-200347,360021
-200347,364021
-200347,368021
-200347,372021
-200347,376021
-200347,380021
-200347,384021
-200347,388021
-200347,392021
-200347,396021
-200347,400021
-200347,404021
-200347,408021
-200347,412021
-200347,416021
-200347,420021
-200347,424021
-200347,428021
-200347,432021
-200347,436021
-200347,440021
-200347,444021
-200347,448021
-200347,452021
-200347,456021
-200347,460021
-200347,464021
-200347,468021
-200347,472021
-200347,476021
-200347,480021
-200347,484021
-200347,488021
-200347,492021
-200347,496021
-200347,500021
-200347,504021
-200347,508021
-200347,512021
-200347,516021
-200347,520021
-200347,524021
-200347,528021
-200347,532021
-200347,536021
-200347,540021
-204347,44021
-204347,48021
-204347,52021
-204347,56021
-204347,60021
-204347,64021
-204347,68021
-204347,72021
-204347,76021
-204347,80021
-204347,84021
-204347,88021
-204347,92021
-204347,96021
-204347,100021
-204347,104021
-204347,108021
-204347,112021
-204347,116021
-204347,120021
-204347,124021
-204347,128021
-204347,132021
-204347,136021
-204347,140021
-204347,144021
-204347,148021
-204347,152021
-204347,156021
-204347,160021
-204347,164021
-204347,168021
-204347,172021
-204347,176021
-204347,180021
-204347,184021
-204347,188021
-204347,192021
-204347,196021
-204347,200021
-204347,204021
-204347,208021
-204347,212021
-204347,216021
-204347,220021
-204347,224021
-204347,228021
-204347,232021
-204347,236021
-204347,240021
-204347,244021
-204347,248021
-204347,252021
-204347,256021
-204347,260021
-204347,264021
-204347,268021
-204347,272021
-204347,276021
-204347,280021
-204347,284021
-204347,288021
-204347,292021
-204347,296021
-204347,300021
-204347,304021
-204347,308021
-204347,312021
-204347,316021
-204347,320021
-204347,324021
-204347,328021
-204347,332021
-204347,336021
-204347,340021
-204347,344021
-204347,348021
-204347,352021
-204347,356021
-204347,360021
-204347,364021
-204347,368021
-204347,372021
-204347,376021
-204347,380021
-204347,384021
-204347,388021
-204347,392021
-204347,396021
-204347,400021
-204347,404021
-204347,408021
-204347,412021
-204347,416021
-204347,420021
-204347,424021
-204347,428021
-204347,432021
-204347,436021
-204347,440021
-204347,444021
-204347,448021
-204347,452021
-204347,456021
-204347,460021
-204347,464021
-204347,468021
-204347,472021
-204347,476021
-204347,480021
-204347,484021
-204347,488021
-204347,492021
-204347,496021
-204347,500021
-204347,504021
-204347,508021
-204347,512021
-204347,516021
-204347,520021
-204347,524021
-204347,528021
-204347,532021
-204347,536021
-204347,540021
-204347,544021
-208347,44021
-208347,48021
-208347,52021
-208347,56021
-208347,60021
-208347,64021
-208347,68021
-208347,72021
-208347,76021
-208347,80021
-208347,84021
-208347,88021
-208347,92021
-208347,96021
-208347,100021
-208347,104021
-208347,108021
-208347,112021
-208347,116021
-208347,120021
-208347,124021
-208347,128021
-208347,132021
-208347,136021
-208347,140021
-208347,144021
-208347,148021
-208347,152021
-208347,156021
-208347,160021
-208347,164021
-208347,168021
-208347,172021
-208347,176021
-208347,180021
-208347,184021
-208347,188021
-208347,192021
-208347,196021
-208347,200021
-208347,204021
-208347,208021
-208347,212021
-208347,216021
-208347,220021
-208347,224021
-208347,228021
-208347,232021
-208347,236021
-208347,240021
-208347,244021
-208347,248021
-208347,252021
-208347,256021
-208347,260021
-208347,264021
-208347,268021
-208347,272021
-208347,276021
-208347,280021
-208347,284021
-208347,288021
-208347,292021
-208347,296021
-208347,300021
-208347,304021
-208347,308021
-208347,312021
-208347,316021
-208347,320021
-208347,324021
-208347,328021
-208347,332021
-208347,336021
-208347,340021
-208347,344021
-208347,348021
-208347,352021
-208347,356021
-208347,360021
-208347,364021
-208347,368021
-208347,372021
-208347,376021
-208347,380021
-208347,384021
-208347,388021
-208347,392021
-208347,396021
-208347,400021
-208347,404021
-208347,408021
-208347,412021
-208347,416021
-208347,420021
-208347,424021
-208347,428021
-208347,432021
-208347,436021
-208347,440021
-208347,444021
-208347,448021
-208347,452021
-208347,456021
-208347,460021
-208347,464021
-208347,468021
-208347,472021
-208347,476021
-208347,480021
-208347,484021
-208347,488021
-208347,492021
-208347,496021
-208347,500021
-208347,504021
-208347,508021
-208347,512021
-208347,516021
-208347,520021
-208347,524021
-208347,528021
-208347,532021
-208347,536021
-208347,540021
-208347,544021
-208347,548021
-208347,552021
-208347,556021
-212347,44021
-212347,48021
-212347,52021
-212347,56021
-212347,60021
-212347,64021
-212347,68021
-212347,72021
-212347,76021
-212347,80021
-212347,84021
-212347,88021
-212347,92021
-212347,96021
-212347,100021
-212347,104021
-212347,108021
-212347,112021
-212347,116021
-212347,120021
-212347,124021
-212347,128021
-212347,132021
-212347,136021
-212347,140021
-212347,144021
-212347,148021
-212347,152021
-212347,156021
-212347,160021
-212347,164021
-212347,168021
-212347,172021
-212347,176021
-212347,180021
-212347,184021
-212347,188021
-212347,192021
-212347,196021
-212347,200021
-212347,204021
-212347,208021
-212347,212021
-212347,216021
-212347,220021
-212347,224021
-212347,228021
-212347,232021
-212347,236021
-212347,240021
-212347,244021
-212347,248021
-212347,252021
-212347,256021
-212347,260021
-212347,264021
-212347,268021
-212347,272021
-212347,276021
-212347,280021
-212347,284021
-212347,288021
-212347,292021
-212347,296021
-212347,300021
-212347,304021
-212347,308021
-212347,312021
-212347,316021
-212347,320021
-212347,324021
-212347,328021
-212347,332021
-212347,336021
-212347,340021
-212347,344021
-212347,348021
-212347,352021
-212347,356021
-212347,360021
-212347,364021
-212347,368021
-212347,372021
-212347,376021
-212347,380021
-212347,384021
-212347,388021
-212347,392021
-212347,396021
-212347,400021
-212347,404021
-212347,408021
-212347,412021
-212347,416021
-212347,420021
-212347,424021
-212347,428021
-212347,432021
-212347,436021
-212347,440021
-212347,444021
-212347,448021
-212347,452021
-212347,456021
-212347,460021
-212347,464021
-212347,468021
-212347,472021
-212347,476021
-212347,480021
-212347,484021
-212347,488021
-212347,492021
-212347,496021
-212347,500021
-212347,504021
-212347,508021
-212347,512021
-212347,516021
-212347,520021
-212347,524021
-212347,528021
-212347,532021
-212347,536021
-212347,540021
-212347,544021
-212347,548021
-212347,552021
-212347,556021
-216347,44021
-216347,48021
-216347,52021
-216347,56021
-216347,60021
-216347,64021
-216347,68021
-216347,72021
-216347,76021
-216347,80021
-216347,84021
-216347,88021
-216347,92021
-216347,96021
-216347,100021
-216347,104021
-216347,108021
-216347,112021
-216347,116021
-216347,120021
-216347,124021
-216347,128021
-216347,132021
-216347,136021
-216347,140021
-216347,144021
-216347,148021
-216347,152021
-216347,156021
-216347,160021
-216347,164021
-216347,168021
-216347,172021
-216347,176021
-216347,180021
-216347,184021
-216347,188021
-216347,192021
-216347,196021
-216347,200021
-216347,204021
-216347,208021
-216347,212021
-216347,216021
-216347,220021
-216347,224021
-216347,228021
-216347,232021
-216347,236021
-216347,240021
-216347,244021
-216347,248021
-216347,252021
-216347,256021
-216347,260021
-216347,264021
-216347,268021
-216347,272021
-216347,276021
-216347,280021
-216347,284021
-216347,288021
-216347,292021
-216347,296021
-216347,300021
-216347,304021
-216347,308021
-216347,312021
-216347,316021
-216347,320021
-216347,324021
-216347,328021
-216347,332021
-216347,336021
-216347,340021
-216347,344021
-216347,348021
-216347,352021
-216347,356021
-216347,360021
-216347,364021
-216347,368021
-216347,372021
-216347,376021
-216347,380021
-216347,384021
-216347,388021
-216347,392021
-216347,396021
-216347,400021
-216347,404021
-216347,408021
-216347,412021
-216347,416021
-216347,420021
-216347,424021
-216347,428021
-216347,432021
-216347,436021
-216347,440021
-216347,444021
-216347,448021
-216347,452021
-216347,456021
-216347,460021
-216347,464021
-216347,468021
-216347,472021
-216347,476021
-216347,480021
-216347,484021
-216347,488021
-216347,492021
-216347,496021
-216347,500021
-216347,504021
-216347,508021
-216347,512021
-216347,516021
-216347,520021
-216347,524021
-216347,528021
-216347,532021
-216347,536021
-216347,540021
-216347,544021
-216347,548021
-216347,552021
-216347,556021
-216347,560021
-220347,44021
-220347,48021
-220347,52021
-220347,56021
-220347,60021
-220347,64021
-220347,68021
-220347,72021
-220347,76021
-220347,80021
-220347,84021
-220347,88021
-220347,92021
-220347,96021
-220347,100021
-220347,104021
-220347,108021
-220347,112021
-220347,116021
-220347,120021
-220347,124021
-220347,128021
-220347,132021
-220347,136021
-220347,140021
-220347,144021
-220347,148021
-220347,152021
-220347,156021
-220347,160021
-220347,164021
-220347,168021
-220347,172021
-220347,176021
-220347,180021
-220347,184021
-220347,188021
-220347,192021
-220347,196021
-220347,200021
-220347,204021
-220347,208021
-220347,212021
-220347,216021
-220347,220021
-220347,224021
-220347,228021
-220347,232021
-220347,236021
-220347,240021
-220347,244021
-220347,248021
-220347,252021
-220347,256021
-220347,260021
-220347,264021
-220347,268021
-220347,272021
-220347,276021
-220347,280021
-220347,284021
-220347,288021
-220347,292021
-220347,296021
-220347,300021
-220347,304021
-220347,308021
-220347,312021
-220347,316021
-220347,320021
-220347,324021
-220347,328021
-220347,332021
-220347,336021
-220347,340021
-220347,344021
-220347,348021
-220347,352021
-220347,356021
-220347,360021
-220347,364021
-220347,368021
-220347,372021
-220347,376021
-220347,380021
-220347,384021
-220347,388021
-220347,392021
-220347,396021
-220347,400021
-220347,404021
-220347,408021
-220347,412021
-220347,416021
-220347,420021
-220347,424021
-220347,428021
-220347,432021
-220347,436021
-220347,440021
-220347,444021
-220347,448021
-220347,452021
-220347,456021
-220347,460021
-220347,464021
-220347,468021
-220347,472021
-220347,476021
-220347,480021
-220347,484021
-220347,488021
-220347,492021
-220347,496021
-220347,500021
-220347,504021
-220347,508021
-220347,512021
-220347,516021
-220347,520021
-220347,524021
-220347,528021
-220347,532021
-220347,536021
-220347,540021
-220347,544021
-220347,548021
-220347,552021
-220347,556021
-220347,560021
-224347,44021
-224347,48021
-224347,52021
-224347,56021
-224347,60021
-224347,64021
-224347,68021
-224347,72021
-224347,76021
-224347,80021
-224347,84021
-224347,88021
-224347,92021
-224347,96021
-224347,100021
-224347,104021
-224347,108021
-224347,112021
-224347,116021
-224347,120021
-224347,124021
-224347,128021
-224347,132021
-224347,136021
-224347,140021
-224347,144021
-224347,148021
-224347,152021
-224347,156021
-224347,160021
-224347,164021
-224347,168021
-224347,172021
-224347,176021
-224347,180021
-224347,184021
-224347,188021
-224347,192021
-224347,196021
-224347,200021
-224347,204021
-224347,208021
-224347,212021
-224347,216021
-224347,220021
-224347,224021
-224347,228021
-224347,232021
-224347,236021
-224347,240021
-224347,244021
-224347,248021
-224347,252021
-224347,256021
-224347,260021
-224347,264021
-224347,268021
-224347,272021
-224347,276021
-224347,280021
-224347,284021
-224347,288021
-224347,292021
-224347,296021
-224347,300021
-224347,304021
-224347,308021
-224347,312021
-224347,316021
-224347,320021
-224347,324021
-224347,328021
-224347,332021
-224347,336021
-224347,340021
-224347,344021
-224347,348021
-224347,352021
-224347,356021
-224347,360021
-224347,364021
-224347,368021
-224347,372021
-224347,376021
-224347,380021
-224347,384021
-224347,388021
-224347,392021
-224347,396021
-224347,400021
-224347,404021
-224347,408021
-224347,412021
-224347,416021
-224347,420021
-224347,424021
-224347,428021
-224347,432021
-224347,436021
-224347,440021
-224347,444021
-224347,448021
-224347,452021
-224347,456021
-224347,460021
-224347,464021
-224347,468021
-224347,472021
-224347,476021
-224347,480021
-224347,484021
-224347,488021
-224347,492021
-224347,496021
-224347,500021
-224347,504021
-224347,508021
-224347,512021
-224347,516021
-224347,520021
-224347,524021
-224347,528021
-224347,532021
-224347,536021
-224347,540021
-224347,544021
-224347,548021
-224347,552021
-224347,556021
-224347,560021
-224347,564021
-228347,44021
-228347,48021
-228347,52021
-228347,56021
-228347,60021
-228347,64021
-228347,68021
-228347,72021
-228347,76021
-228347,80021
-228347,84021
-228347,88021
-228347,92021
-228347,96021
-228347,100021
-228347,104021
-228347,108021
-228347,112021
-228347,116021
-228347,120021
-228347,124021
-228347,128021
-228347,132021
-228347,136021
-228347,140021
-228347,144021
-228347,148021
-228347,152021
-228347,156021
-228347,160021
-228347,164021
-228347,168021
-228347,172021
-228347,176021
-228347,180021
-228347,184021
-228347,188021
-228347,192021
-228347,196021
-228347,200021
-228347,204021
-228347,208021
-228347,212021
-228347,216021
-228347,220021
-228347,224021
-228347,228021
-228347,232021
-228347,236021
-228347,240021
-228347,244021
-228347,248021
-228347,252021
-228347,256021
-228347,260021
-228347,264021
-228347,268021
-228347,272021
-228347,276021
-228347,280021
-228347,284021
-228347,288021
-228347,292021
-228347,296021
-228347,300021
-228347,304021
-228347,308021
-228347,312021
-228347,316021
-228347,320021
-228347,324021
-228347,328021
-228347,332021
-228347,336021
-228347,340021
-228347,344021
-228347,348021
-228347,352021
-228347,356021
-228347,360021
-228347,364021
-228347,368021
-228347,372021
-228347,376021
-228347,380021
-228347,384021
-228347,388021
-228347,392021
-228347,396021
-228347,400021
-228347,404021
-228347,408021
-228347,412021
-228347,416021
-228347,420021
-228347,424021
-228347,428021
-228347,432021
-228347,436021
-228347,440021
-228347,444021
-228347,448021
-228347,452021
-228347,456021
-228347,460021
-228347,464021
-228347,468021
-228347,472021
-228347,476021
-228347,480021
-228347,484021
-228347,488021
-228347,492021
-228347,496021
-228347,500021
-228347,504021
-228347,508021
-228347,512021
-228347,516021
-228347,520021
-228347,524021
-228347,528021
-228347,532021
-228347,536021
-228347,540021
-228347,544021
-228347,548021
-228347,552021
-228347,556021
-228347,560021
-228347,564021
-228347,568021
-228347,572021
-228347,576021
-232347,44021
-232347,48021
-232347,52021
-232347,56021
-232347,60021
-232347,64021
-232347,68021
-232347,72021
-232347,76021
-232347,80021
-232347,84021
-232347,88021
-232347,92021
-232347,96021
-232347,100021
-232347,104021
-232347,108021
-232347,112021
-232347,116021
-232347,120021
-232347,124021
-232347,128021
-232347,132021
-232347,136021
-232347,140021
-232347,144021
-232347,148021
-232347,152021
-232347,156021
-232347,160021
-232347,164021
-232347,168021
-232347,172021
-232347,176021
-232347,180021
-232347,184021
-232347,188021
-232347,192021
-232347,196021
-232347,200021
-232347,204021
-232347,208021
-232347,212021
-232347,216021
-232347,220021
-232347,224021
-232347,228021
-232347,232021
-232347,236021
-232347,240021
-232347,244021
-232347,248021
-232347,252021
-232347,256021
-232347,260021
-232347,264021
-232347,268021
-232347,272021
-232347,276021
-232347,280021
-232347,284021
-232347,288021
-232347,292021
-232347,296021
-232347,300021
-232347,304021
-232347,308021
-232347,312021
-232347,316021
-232347,320021
-232347,324021
-232347,328021
-232347,332021
-232347,336021
-232347,340021
-232347,344021
-232347,348021
-232347,352021
-232347,356021
-232347,360021
-232347,364021
-232347,368021
-232347,372021
-232347,376021
-232347,380021
-232347,384021
-232347,388021
-232347,392021
-232347,396021
-232347,400021
-232347,404021
-232347,408021
-232347,412021
-232347,416021
-232347,420021
-232347,424021
-232347,428021
-232347,432021
-232347,436021
-232347,440021
-232347,444021
-232347,448021
-232347,452021
-232347,456021
-232347,460021
-232347,464021
-232347,468021
-232347,472021
-232347,476021
-232347,480021
-232347,484021
-232347,488021
-232347,492021
-232347,496021
-232347,500021
-232347,504021
-232347,508021
-232347,512021
-232347,516021
-232347,520021
-232347,524021
-232347,528021
-232347,532021
-232347,536021
-232347,540021
-232347,544021
-232347,548021
-232347,552021
-232347,556021
-232347,560021
-232347,564021
-232347,568021
-232347,572021
-232347,576021
-232347,580021
-232347,584021
-232347,588021
-236347,44021
-236347,48021
-236347,52021
-236347,56021
-236347,60021
-236347,64021
-236347,68021
-236347,72021
-236347,76021
-236347,80021
-236347,84021
-236347,88021
-236347,92021
-236347,96021
-236347,100021
-236347,104021
-236347,108021
-236347,112021
-236347,116021
-236347,120021
-236347,124021
-236347,128021
-236347,132021
-236347,136021
-236347,140021
-236347,144021
-236347,148021
-236347,152021
-236347,156021
-236347,160021
-236347,164021
-236347,168021
-236347,172021
-236347,176021
-236347,180021
-236347,184021
-236347,188021
-236347,192021
-236347,196021
-236347,200021
-236347,204021
-236347,208021
-236347,212021
-236347,216021
-236347,220021
-236347,224021
-236347,228021
-236347,232021
-236347,236021
-236347,240021
-236347,244021
-236347,248021
-236347,252021
-236347,256021
-236347,260021
-236347,264021
-236347,268021
-236347,272021
-236347,276021
-236347,280021
-236347,284021
-236347,288021
-236347,292021
-236347,296021
-236347,300021
-236347,304021
-236347,308021
-236347,312021
-236347,316021
-236347,320021
-236347,324021
-236347,328021
-236347,332021
-236347,336021
-236347,340021
-236347,344021
-236347,348021
-236347,352021
-236347,356021
-236347,360021
-236347,364021
-236347,368021
-236347,372021
-236347,376021
-236347,380021
-236347,384021
-236347,388021
-236347,392021
-236347,396021
-236347,400021
-236347,404021
-236347,408021
-236347,412021
-236347,416021
-236347,420021
-236347,424021
-236347,428021
-236347,432021
-236347,436021
-236347,440021
-236347,444021
-236347,448021
-236347,452021
-236347,456021
-236347,460021
-236347,464021
-236347,468021
-236347,472021
-236347,476021
-236347,480021
-236347,484021
-236347,488021
-236347,492021
-236347,496021
-236347,500021
-236347,504021
-236347,508021
-236347,512021
-236347,516021
-236347,520021
-236347,524021
-236347,528021
-236347,532021
-236347,536021
-236347,540021
-236347,544021
-236347,548021
-236347,552021
-236347,556021
-236347,560021
-236347,564021
-236347,568021
-236347,572021
-236347,576021
-236347,580021
-236347,584021
-236347,588021
-236347,592021
-240347,44021
-240347,48021
-240347,52021
-240347,56021
-240347,60021
-240347,64021
-240347,68021
-240347,72021
-240347,76021
-240347,80021
-240347,84021
-240347,88021
-240347,92021
-240347,96021
-240347,100021
-240347,104021
-240347,108021
-240347,112021
-240347,116021
-240347,120021
-240347,124021
-240347,128021
-240347,132021
-240347,136021
-240347,140021
-240347,144021
-240347,148021
-240347,152021
-240347,156021
-240347,160021
-240347,164021
-240347,168021
-240347,172021
-240347,176021
-240347,180021
-240347,184021
-240347,188021
-240347,192021
-240347,196021
-240347,200021
-240347,204021
-240347,208021
-240347,212021
-240347,216021
-240347,220021
-240347,224021
-240347,228021
-240347,232021
-240347,236021
-240347,240021
-240347,244021
-240347,248021
-240347,252021
-240347,256021
-240347,260021
-240347,264021
-240347,268021
-240347,272021
-240347,276021
-240347,280021
-240347,284021
-240347,288021
-240347,292021
-240347,296021
-240347,300021
-240347,304021
-240347,308021
-240347,312021
-240347,316021
-240347,320021
-240347,324021
-240347,328021
-240347,332021
-240347,336021
-240347,340021
-240347,344021
-240347,348021
-240347,352021
-240347,356021
-240347,360021
-240347,364021
-240347,368021
-240347,372021
-240347,376021
-240347,380021
-240347,384021
-240347,388021
-240347,392021
-240347,396021
-240347,400021
-240347,404021
-240347,408021
-240347,412021
-240347,416021
-240347,420021
-240347,424021
-240347,428021
-240347,432021
-240347,436021
-240347,440021
-240347,444021
-240347,448021
-240347,452021
-240347,456021
-240347,460021
-240347,464021
-240347,468021
-240347,472021
-240347,476021
-240347,480021
-240347,484021
-240347,488021
-240347,492021
-240347,496021
-240347,500021
-240347,504021
-240347,508021
-240347,512021
-240347,516021
-240347,520021
-240347,524021
-240347,528021
-240347,532021
-240347,536021
-240347,540021
-240347,544021
-240347,548021
-240347,552021
-240347,556021
-240347,560021
-240347,564021
-240347,568021
-240347,572021
-240347,576021
-240347,580021
-240347,584021
-240347,588021
-240347,592021
-240347,596021
-244347,44021
-244347,48021
-244347,52021
-244347,56021
-244347,60021
-244347,64021
-244347,68021
-244347,72021
-244347,76021
-244347,80021
-244347,84021
-244347,88021
-244347,92021
-244347,96021
-244347,100021
-244347,104021
-244347,108021
-244347,112021
-244347,116021
-244347,120021
-244347,124021
-244347,128021
-244347,132021
-244347,136021
-244347,140021
-244347,144021
-244347,148021
-244347,152021
-244347,156021
-244347,160021
-244347,164021
-244347,168021
-244347,172021
-244347,176021
-244347,180021
-244347,184021
-244347,188021
-244347,192021
-244347,196021
-244347,200021
-244347,204021
-244347,208021
-244347,212021
-244347,216021
-244347,220021
-244347,224021
-244347,228021
-244347,232021
-244347,236021
-244347,240021
-244347,244021
-244347,248021
-244347,252021
-244347,256021
-244347,260021
-244347,264021
-244347,268021
-244347,272021
-244347,276021
-244347,280021
-244347,284021
-244347,288021
-244347,292021
-244347,296021
-244347,300021
-244347,304021
-244347,308021
-244347,312021
-244347,316021
-244347,320021
-244347,324021
-244347,328021
-244347,332021
-244347,336021
-244347,340021
-244347,344021
-244347,348021
-244347,352021
-244347,356021
-244347,360021
-244347,364021
-244347,368021
-244347,372021
-244347,376021
-244347,380021
-244347,384021
-244347,388021
-244347,392021
-244347,396021
-244347,400021
-244347,404021
-244347,408021
-244347,412021
-244347,416021
-244347,420021
-244347,424021
-244347,428021
-244347,432021
-244347,436021
-244347,440021
-244347,444021
-244347,448021
-244347,452021
-244347,456021
-244347,460021
-244347,464021
-244347,468021
-244347,472021
-244347,476021
-244347,480021
-244347,484021
-244347,488021
-244347,492021
-244347,496021
-244347,500021
-244347,504021
-244347,508021
-244347,512021
-244347,516021
-244347,520021
-244347,524021
-244347,528021
-244347,532021
-244347,536021
-244347,540021
-244347,544021
-244347,548021
-244347,552021
-244347,556021
-244347,560021
-244347,564021
-244347,568021
-244347,572021
-244347,576021
-244347,580021
-244347,584021
-244347,588021
-244347,592021
-244347,596021
-248347,44021
-248347,48021
-248347,52021
-248347,56021
-248347,60021
-248347,64021
-248347,68021
-248347,72021
-248347,76021
-248347,80021
-248347,84021
-248347,88021
-248347,92021
-248347,96021
-248347,100021
-248347,104021
-248347,108021
-248347,112021
-248347,116021
-248347,120021
-248347,124021
-248347,128021
-248347,132021
-248347,136021
-248347,140021
-248347,144021
-248347,148021
-248347,152021
-248347,156021
-248347,160021
-248347,164021
-248347,168021
-248347,172021
-248347,176021
-248347,180021
-248347,184021
-248347,188021
-248347,192021
-248347,196021
-248347,200021
-248347,204021
-248347,208021
-248347,212021
-248347,216021
-248347,220021
-248347,224021
-248347,228021
-248347,232021
-248347,236021
-248347,240021
-248347,244021
-248347,248021
-248347,252021
-248347,256021
-248347,260021
-248347,264021
-248347,268021
-248347,272021
-248347,276021
-248347,280021
-248347,284021
-248347,288021
-248347,292021
-248347,296021
-248347,300021
-248347,304021
-248347,308021
-248347,312021
-248347,316021
-248347,320021
-248347,324021
-248347,328021
-248347,332021
-248347,336021
-248347,340021
-248347,344021
-248347,348021
-248347,352021
-248347,356021
-248347,360021
-248347,364021
-248347,368021
-248347,372021
-248347,376021
-248347,380021
-248347,384021
-248347,388021
-248347,392021
-248347,396021
-248347,400021
-248347,404021
-248347,408021
-248347,412021
-248347,416021
-248347,420021
-248347,424021
-248347,428021
-248347,432021
-248347,436021
-248347,440021
-248347,444021
-248347,448021
-248347,452021
-248347,456021
-248347,460021
-248347,464021
-248347,468021
-248347,472021
-248347,476021
-248347,480021
-248347,484021
-248347,488021
-248347,492021
-248347,496021
-248347,500021
-248347,504021
-248347,508021
-248347,512021
-248347,516021
-248347,520021
-248347,524021
-248347,528021
-248347,532021
-248347,536021
-248347,540021
-248347,544021
-248347,548021
-248347,552021
-248347,556021
-248347,560021
-248347,564021
-248347,568021
-248347,572021
-248347,576021
-248347,580021
-248347,584021
-248347,588021
-248347,592021
-248347,596021
-252347,44021
-252347,48021
-252347,52021
-252347,56021
-252347,60021
-252347,64021
-252347,68021
-252347,72021
-252347,76021
-252347,80021
-252347,84021
-252347,88021
-252347,92021
-252347,96021
-252347,100021
-252347,104021
-252347,108021
-252347,112021
-252347,116021
-252347,120021
-252347,124021
-252347,128021
-252347,132021
-252347,136021
-252347,140021
-252347,144021
-252347,148021
-252347,152021
-252347,156021
-252347,160021
-252347,164021
-252347,168021
-252347,172021
-252347,176021
-252347,180021
-252347,184021
-252347,188021
-252347,192021
-252347,196021
-252347,200021
-252347,204021
-252347,208021
-252347,212021
-252347,216021
-252347,220021
-252347,224021
-252347,228021
-252347,232021
-252347,236021
-252347,240021
-252347,244021
-252347,248021
-252347,252021
-252347,256021
-252347,260021
-252347,264021
-252347,268021
-252347,272021
-252347,276021
-252347,280021
-252347,284021
-252347,288021
-252347,292021
-252347,296021
-252347,300021
-252347,304021
-252347,308021
-252347,312021
-252347,316021
-252347,320021
-252347,324021
-252347,328021
-252347,332021
-252347,336021
-252347,340021
-252347,344021
-252347,348021
-252347,352021
-252347,356021
-252347,360021
-252347,364021
-252347,368021
-252347,372021
-252347,376021
-252347,380021
-252347,384021
-252347,388021
-252347,392021
-252347,396021
-252347,400021
-252347,404021
-252347,408021
-252347,412021
-252347,416021
-252347,420021
-252347,424021
-252347,428021
-252347,432021
-252347,436021
-252347,440021
-252347,444021
-252347,448021
-252347,452021
-252347,456021
-252347,460021
-252347,464021
-252347,468021
-252347,472021
-252347,476021
-252347,480021
-252347,484021
-252347,488021
-252347,492021
-252347,496021
-252347,500021
-252347,504021
-252347,508021
-252347,512021
-252347,516021
-252347,520021
-252347,524021
-252347,528021
-252347,532021
-252347,536021
-252347,540021
-252347,544021
-252347,548021
-252347,552021
-252347,556021
-252347,560021
-252347,564021
-252347,568021
-252347,572021
-252347,576021
-252347,580021
-252347,584021
-252347,588021
-252347,592021
-252347,596021
-252347,600021
-256347,44021
-256347,48021
-256347,52021
-256347,56021
-256347,60021
-256347,64021
-256347,68021
-256347,72021
-256347,76021
-256347,80021
-256347,84021
-256347,88021
-256347,92021
-256347,96021
-256347,100021
-256347,104021
-256347,108021
-256347,112021
-256347,116021
-256347,120021
-256347,124021
-256347,128021
-256347,132021
-256347,136021
-256347,140021
-256347,144021
-256347,148021
-256347,152021
-256347,156021
-256347,160021
-256347,164021
-256347,168021
-256347,172021
-256347,176021
-256347,180021
-256347,184021
-256347,188021
-256347,192021
-256347,196021
-256347,200021
-256347,204021
-256347,208021
-256347,212021
-256347,216021
-256347,220021
-256347,224021
-256347,228021
-256347,232021
-256347,236021
-256347,240021
-256347,244021
-256347,248021
-256347,252021
-256347,256021
-256347,260021
-256347,264021
-256347,268021
-256347,272021
-256347,276021
-256347,280021
-256347,284021
-256347,288021
-256347,292021
-256347,296021
-256347,300021
-256347,304021
-256347,308021
-256347,312021
-256347,316021
-256347,320021
-256347,324021
-256347,328021
-256347,332021
-256347,336021
-256347,340021
-256347,344021
-256347,348021
-256347,352021
-256347,356021
-256347,360021
-256347,364021
-256347,368021
-256347,372021
-256347,376021
-256347,380021
-256347,384021
-256347,388021
-256347,392021
-256347,396021
-256347,400021
-256347,404021
-256347,408021
-256347,412021
-256347,416021
-256347,420021
-256347,424021
-256347,428021
-256347,432021
-256347,436021
-256347,440021
-256347,444021
-256347,448021
-256347,452021
-256347,456021
-256347,460021
-256347,464021
-256347,468021
-256347,472021
-256347,476021
-256347,480021
-256347,484021
-256347,488021
-256347,492021
-256347,496021
-256347,500021
-256347,504021
-256347,508021
-256347,512021
-256347,516021
-256347,520021
-256347,524021
-256347,528021
-256347,532021
-256347,536021
-256347,540021
-256347,544021
-256347,548021
-256347,552021
-256347,556021
-256347,560021
-256347,564021
-256347,568021
-256347,572021
-256347,576021
-256347,580021
-256347,584021
-256347,588021
-256347,592021
-256347,596021
-256347,600021
-260347,44021
-260347,48021
-260347,52021
-260347,56021
-260347,60021
-260347,64021
-260347,68021
-260347,72021
-260347,76021
-260347,80021
-260347,84021
-260347,88021
-260347,92021
-260347,96021
-260347,100021
-260347,104021
-260347,108021
-260347,112021
-260347,116021
-260347,120021
-260347,124021
-260347,128021
-260347,132021
-260347,136021
-260347,140021
-260347,144021
-260347,148021
-260347,152021
-260347,156021
-260347,160021
-260347,164021
-260347,168021
-260347,172021
-260347,176021
-260347,180021
-260347,184021
-260347,188021
-260347,192021
-260347,196021
-260347,200021
-260347,204021
-260347,208021
-260347,212021
-260347,216021
-260347,220021
-260347,224021
-260347,228021
-260347,232021
-260347,236021
-260347,240021
-260347,244021
-260347,248021
-260347,252021
-260347,256021
-260347,260021
-260347,264021
-260347,268021
-260347,272021
-260347,276021
-260347,280021
-260347,284021
-260347,288021
-260347,292021
-260347,296021
-260347,300021
-260347,304021
-260347,308021
-260347,312021
-260347,316021
-260347,320021
-260347,324021
-260347,328021
-260347,332021
-260347,336021
-260347,340021
-260347,344021
-260347,348021
-260347,352021
-260347,356021
-260347,360021
-260347,364021
-260347,368021
-260347,372021
-260347,376021
-260347,380021
-260347,384021
-260347,388021
-260347,392021
-260347,396021
-260347,400021
-260347,404021
-260347,408021
-260347,412021
-260347,416021
-260347,420021
-260347,424021
-260347,428021
-260347,432021
-260347,436021
-260347,440021
-260347,444021
-260347,448021
-260347,452021
-260347,456021
-260347,460021
-260347,464021
-260347,468021
-260347,472021
-260347,476021
-260347,480021
-260347,484021
-260347,488021
-260347,492021
-260347,496021
-260347,500021
-260347,504021
-260347,508021
-260347,512021
-260347,516021
-260347,520021
-260347,524021
-260347,528021
-260347,532021
-260347,536021
-260347,540021
-260347,544021
-260347,548021
-260347,552021
-260347,556021
-260347,560021
-260347,564021
-260347,568021
-260347,572021
-260347,576021
-260347,580021
-260347,584021
-260347,588021
-260347,592021
-260347,596021
-260347,600021
-264347,44021
-264347,48021
-264347,52021
-264347,56021
-264347,60021
-264347,64021
-264347,68021
-264347,72021
-264347,76021
-264347,80021
-264347,84021
-264347,88021
-264347,92021
-264347,96021
-264347,100021
-264347,104021
-264347,108021
-264347,112021
-264347,116021
-264347,120021
-264347,124021
-264347,128021
-264347,132021
-264347,136021
-264347,140021
-264347,144021
-264347,148021
-264347,152021
-264347,156021
-264347,160021
-264347,164021
-264347,168021
-264347,172021
-264347,176021
-264347,180021
-264347,184021
-264347,188021
-264347,192021
-264347,196021
-264347,200021
-264347,204021
-264347,208021
-264347,212021
-264347,216021
-264347,220021
-264347,224021
-264347,228021
-264347,232021
-264347,236021
-264347,240021
-264347,244021
-264347,248021
-264347,252021
-264347,256021
-264347,260021
-264347,264021
-264347,268021
-264347,272021
-264347,276021
-264347,280021
-264347,284021
-264347,288021
-264347,292021
-264347,296021
-264347,300021
-264347,304021
-264347,308021
-264347,312021
-264347,316021
-264347,320021
-264347,324021
-264347,328021
-264347,332021
-264347,336021
-264347,340021
-264347,344021
-264347,348021
-264347,352021
-264347,356021
-264347,360021
-264347,364021
-264347,368021
-264347,372021
-264347,376021
-264347,380021
-264347,384021
-264347,388021
-264347,392021
-264347,396021
-264347,400021
-264347,404021
-264347,408021
-264347,412021
-264347,416021
-264347,420021
-264347,424021
-264347,428021
-264347,432021
-264347,436021
-264347,440021
-264347,444021
-264347,448021
-264347,452021
-264347,456021
-264347,460021
-264347,464021
-264347,468021
-264347,472021
-264347,476021
-264347,480021
-264347,484021
-264347,488021
-264347,492021
-264347,496021
-264347,500021
-264347,504021
-264347,508021
-264347,512021
-264347,516021
-264347,520021
-264347,524021
-264347,528021
-264347,532021
-264347,536021
-264347,540021
-264347,544021
-264347,548021
-264347,552021
-264347,556021
-264347,560021
-264347,564021
-264347,568021
-264347,572021
-264347,576021
-264347,580021
-264347,584021
-264347,588021
-264347,592021
-264347,596021
-264347,600021
-268347,44021
-268347,48021
-268347,52021
-268347,56021
-268347,60021
-268347,64021
-268347,68021
-268347,72021
-268347,76021
-268347,80021
-268347,84021
-268347,88021
-268347,92021
-268347,96021
-268347,100021
-268347,104021
-268347,108021
-268347,112021
-268347,116021
-268347,120021
-268347,124021
-268347,128021
-268347,132021
-268347,136021
-268347,140021
-268347,144021
-268347,148021
-268347,152021
-268347,156021
-268347,160021
-268347,164021
-268347,168021
-268347,172021
-268347,176021
-268347,180021
-268347,184021
-268347,188021
-268347,192021
-268347,196021
-268347,200021
-268347,204021
-268347,208021
-268347,212021
-268347,216021
-268347,220021
-268347,224021
-268347,228021
-268347,232021
-268347,236021
-268347,240021
-268347,244021
-268347,248021
-268347,252021
-268347,256021
-268347,260021
-268347,264021
-268347,268021
-268347,272021
-268347,276021
-268347,280021
-268347,284021
-268347,288021
-268347,292021
-268347,296021
-268347,300021
-268347,304021
-268347,308021
-268347,312021
-268347,316021
-268347,320021
-268347,324021
-268347,328021
-268347,332021
-268347,336021
-268347,340021
-268347,344021
-268347,348021
-268347,352021
-268347,356021
-268347,360021
-268347,364021
-268347,368021
-268347,372021
-268347,376021
-268347,380021
-268347,384021
-268347,388021
-268347,392021
-268347,396021
-268347,400021
-268347,404021
-268347,408021
-268347,412021
-268347,416021
-268347,420021
-268347,424021
-268347,428021
-268347,432021
-268347,436021
-268347,440021
-268347,444021
-268347,448021
-268347,452021
-268347,456021
-268347,460021
-268347,464021
-268347,468021
-268347,472021
-268347,476021
-268347,480021
-268347,484021
-268347,488021
-268347,492021
-268347,496021
-268347,500021
-268347,504021
-268347,508021
-268347,512021
-268347,516021
-268347,520021
-268347,524021
-268347,528021
-268347,532021
-268347,536021
-268347,540021
-268347,544021
-268347,548021
-268347,552021
-268347,556021
-268347,560021
-268347,564021
-268347,568021
-268347,572021
-268347,576021
-268347,580021
-268347,584021
-268347,588021
-268347,592021
-268347,596021
-268347,600021
-268347,604021
-272347,44021
-272347,48021
-272347,52021
-272347,56021
-272347,60021
-272347,64021
-272347,68021
-272347,72021
-272347,76021
-272347,80021
-272347,84021
-272347,88021
-272347,92021
-272347,96021
-272347,100021
-272347,104021
-272347,108021
-272347,112021
-272347,116021
-272347,120021
-272347,124021
-272347,128021
-272347,132021
-272347,136021
-272347,140021
-272347,144021
-272347,148021
-272347,152021
-272347,156021
-272347,160021
-272347,164021
-272347,168021
-272347,172021
-272347,176021
-272347,180021
-272347,184021
-272347,188021
-272347,192021
-272347,196021
-272347,200021
-272347,204021
-272347,208021
-272347,212021
-272347,216021
-272347,220021
-272347,224021
-272347,228021
-272347,232021
-272347,236021
-272347,240021
-272347,244021
-272347,248021
-272347,252021
-272347,256021
-272347,260021
-272347,264021
-272347,268021
-272347,272021
-272347,276021
-272347,280021
-272347,284021
-272347,288021
-272347,292021
-272347,296021
-272347,300021
-272347,304021
-272347,308021
-272347,312021
-272347,316021
-272347,320021
-272347,324021
-272347,328021
-272347,332021
-272347,336021
-272347,340021
-272347,344021
-272347,348021
-272347,352021
-272347,356021
-272347,360021
-272347,364021
-272347,368021
-272347,372021
-272347,376021
-272347,380021
-272347,384021
-272347,388021
-272347,392021
-272347,396021
-272347,400021
-272347,404021
-272347,408021
-272347,412021
-272347,416021
-272347,420021
-272347,424021
-272347,428021
-272347,432021
-272347,436021
-272347,440021
-272347,444021
-272347,448021
-272347,452021
-272347,456021
-272347,460021
-272347,464021
-272347,468021
-272347,472021
-272347,476021
-272347,480021
-272347,484021
-272347,488021
-272347,492021
-272347,496021
-272347,500021
-272347,504021
-272347,508021
-272347,512021
-272347,516021
-272347,520021
-272347,524021
-272347,528021
-272347,532021
-272347,536021
-272347,540021
-272347,544021
-272347,548021
-272347,552021
-272347,556021
-272347,560021
-272347,564021
-272347,568021
-272347,572021
-272347,576021
-272347,580021
-272347,584021
-272347,588021
-272347,592021
-272347,596021
-272347,600021
-272347,604021
-272347,608021
-276347,44021
-276347,48021
-276347,52021
-276347,56021
-276347,60021
-276347,64021
-276347,68021
-276347,72021
-276347,76021
-276347,80021
-276347,84021
-276347,88021
-276347,92021
-276347,96021
-276347,100021
-276347,104021
-276347,108021
-276347,112021
-276347,116021
-276347,120021
-276347,124021
-276347,128021
-276347,132021
-276347,136021
-276347,140021
-276347,144021
-276347,148021
-276347,152021
-276347,156021
-276347,160021
-276347,164021
-276347,168021
-276347,172021
-276347,176021
-276347,180021
-276347,184021
-276347,188021
-276347,192021
-276347,196021
-276347,200021
-276347,204021
-276347,208021
-276347,212021
-276347,216021
-276347,220021
-276347,224021
-276347,228021
-276347,232021
-276347,236021
-276347,240021
-276347,244021
-276347,248021
-276347,252021
-276347,256021
-276347,260021
-276347,264021
-276347,268021
-276347,272021
-276347,276021
-276347,280021
-276347,284021
-276347,288021
-276347,292021
-276347,296021
-276347,300021
-276347,304021
-276347,308021
-276347,312021
-276347,316021
-276347,320021
-276347,324021
-276347,328021
-276347,332021
-276347,336021
-276347,340021
-276347,344021
-276347,348021
-276347,352021
-276347,356021
-276347,360021
-276347,364021
-276347,368021
-276347,372021
-276347,376021
-276347,380021
-276347,384021
-276347,388021
-276347,392021
-276347,396021
-276347,400021
-276347,404021
-276347,408021
-276347,412021
-276347,416021
-276347,420021
-276347,424021
-276347,428021
-276347,432021
-276347,436021
-276347,440021
-276347,444021
-276347,448021
-276347,452021
-276347,456021
-276347,460021
-276347,464021
-276347,468021
-276347,472021
-276347,476021
-276347,480021
-276347,484021
-276347,488021
-276347,492021
-276347,496021
-276347,500021
-276347,504021
-276347,508021
-276347,512021
-276347,516021
-276347,520021
-276347,524021
-276347,528021
-276347,532021
-276347,536021
-276347,540021
-276347,544021
-276347,548021
-276347,552021
-276347,556021
-276347,560021
-276347,564021
-276347,568021
-276347,572021
-276347,576021
-276347,580021
-276347,584021
-276347,588021
-276347,592021
-276347,596021
-276347,600021
-276347,604021
-276347,608021
-280347,44021
-280347,48021
-280347,52021
-280347,56021
-280347,60021
-280347,64021
-280347,68021
-280347,72021
-280347,76021
-280347,80021
-280347,84021
-280347,88021
-280347,92021
-280347,96021
-280347,100021
-280347,104021
-280347,108021
-280347,112021
-280347,116021
-280347,120021
-280347,124021
-280347,128021
-280347,132021
-280347,136021
-280347,140021
-280347,144021
-280347,148021
-280347,152021
-280347,156021
-280347,160021
-280347,164021
-280347,168021
-280347,172021
-280347,176021
-280347,180021
-280347,184021
-280347,188021
-280347,192021
-280347,196021
-280347,200021
-280347,204021
-280347,208021
-280347,212021
-280347,216021
-280347,220021
-280347,224021
-280347,228021
-280347,232021
-280347,236021
-280347,240021
-280347,244021
-280347,248021
-280347,252021
-280347,256021
-280347,260021
-280347,264021
-280347,268021
-280347,272021
-280347,276021
-280347,280021
-280347,284021
-280347,288021
-280347,292021
-280347,296021
-280347,300021
-280347,304021
-280347,308021
-280347,312021
-280347,316021
-280347,320021
-280347,324021
-280347,328021
-280347,332021
-280347,336021
-280347,340021
-280347,344021
-280347,348021
-280347,352021
-280347,356021
-280347,360021
-280347,364021
-280347,368021
-280347,372021
-280347,376021
-280347,380021
-280347,384021
-280347,388021
-280347,392021
-280347,396021
-280347,400021
-280347,404021
-280347,408021
-280347,412021
-280347,416021
-280347,420021
-280347,424021
-280347,428021
-280347,432021
-280347,436021
-280347,440021
-280347,444021
-280347,448021
-280347,452021
-280347,456021
-280347,460021
-280347,464021
-280347,468021
-280347,472021
-280347,476021
-280347,480021
-280347,484021
-280347,488021
-280347,492021
-280347,496021
-280347,500021
-280347,504021
-280347,508021
-280347,512021
-280347,516021
-280347,520021
-280347,524021
-280347,528021
-280347,532021
-280347,536021
-280347,540021
-280347,544021
-280347,548021
-280347,552021
-280347,556021
-280347,560021
-280347,564021
-280347,568021
-280347,572021
-280347,576021
-280347,580021
-280347,584021
-280347,588021
-280347,592021
-280347,596021
-280347,600021
-280347,604021
-280347,608021
-280347,612021
-284347,44021
-284347,48021
-284347,52021
-284347,56021
-284347,60021
-284347,64021
-284347,68021
-284347,72021
-284347,76021
-284347,80021
-284347,84021
-284347,88021
-284347,92021
-284347,96021
-284347,100021
-284347,104021
-284347,108021
-284347,112021
-284347,116021
-284347,120021
-284347,124021
-284347,128021
-284347,132021
-284347,136021
-284347,140021
-284347,144021
-284347,148021
-284347,152021
-284347,156021
-284347,160021
-284347,164021
-284347,168021
-284347,172021
-284347,176021
-284347,180021
-284347,184021
-284347,188021
-284347,192021
-284347,196021
-284347,200021
-284347,204021
-284347,208021
-284347,212021
-284347,216021
-284347,220021
-284347,224021
-284347,228021
-284347,232021
-284347,236021
-284347,240021
-284347,244021
-284347,248021
-284347,252021
-284347,256021
-284347,260021
-284347,264021
-284347,268021
-284347,272021
-284347,276021
-284347,280021
-284347,284021
-284347,288021
-284347,292021
-284347,296021
-284347,300021
-284347,304021
-284347,308021
-284347,312021
-284347,316021
-284347,320021
-284347,324021
-284347,328021
-284347,332021
-284347,336021
-284347,340021
-284347,344021
-284347,348021
-284347,352021
-284347,356021
-284347,360021
-284347,364021
-284347,368021
-284347,372021
-284347,376021
-284347,380021
-284347,384021
-284347,388021
-284347,392021
-284347,396021
-284347,400021
-284347,404021
-284347,408021
-284347,412021
-284347,416021
-284347,420021
-284347,424021
-284347,428021
-284347,432021
-284347,436021
-284347,440021
-284347,444021
-284347,448021
-284347,452021
-284347,456021
-284347,460021
-284347,464021
-284347,468021
-284347,472021
-284347,476021
-284347,480021
-284347,484021
-284347,488021
-284347,492021
-284347,496021
-284347,500021
-284347,504021
-284347,508021
-284347,512021
-284347,516021
-284347,520021
-284347,524021
-284347,528021
-284347,532021
-284347,536021
-284347,540021
-284347,544021
-284347,548021
-284347,552021
-284347,556021
-284347,560021
-284347,564021
-284347,568021
-284347,572021
-284347,576021
-284347,580021
-284347,584021
-284347,588021
-284347,592021
-284347,596021
-284347,600021
-284347,604021
-284347,608021
-284347,612021
-288347,44021
-288347,48021
-288347,52021
-288347,56021
-288347,60021
-288347,64021
-288347,68021
-288347,72021
-288347,76021
-288347,80021
-288347,84021
-288347,88021
-288347,92021
-288347,96021
-288347,100021
-288347,104021
-288347,108021
-288347,112021
-288347,116021
-288347,120021
-288347,124021
-288347,128021
-288347,132021
-288347,136021
-288347,140021
-288347,144021
-288347,148021
-288347,152021
-288347,156021
-288347,160021
-288347,164021
-288347,168021
-288347,172021
-288347,176021
-288347,180021
-288347,184021
-288347,188021
-288347,192021
-288347,196021
-288347,200021
-288347,204021
-288347,208021
-288347,212021
-288347,216021
-288347,220021
-288347,224021
-288347,228021
-288347,232021
-288347,236021
-288347,240021
-288347,244021
-288347,248021
-288347,252021
-288347,256021
-288347,260021
-288347,264021
-288347,268021
-288347,272021
-288347,276021
-288347,280021
-288347,284021
-288347,288021
-288347,292021
-288347,296021
-288347,300021
-288347,304021
-288347,308021
-288347,312021
-288347,316021
-288347,320021
-288347,324021
-288347,328021
-288347,332021
-288347,336021
-288347,340021
-288347,344021
-288347,348021
-288347,352021
-288347,356021
-288347,360021
-288347,364021
-288347,368021
-288347,372021
-288347,376021
-288347,380021
-288347,384021
-288347,388021
-288347,392021
-288347,396021
-288347,400021
-288347,404021
-288347,408021
-288347,412021
-288347,416021
-288347,420021
-288347,424021
-288347,428021
-288347,432021
-288347,436021
-288347,440021
-288347,444021
-288347,448021
-288347,452021
-288347,456021
-288347,460021
-288347,464021
-288347,468021
-288347,472021
-288347,476021
-288347,480021
-288347,484021
-288347,488021
-288347,492021
-288347,496021
-288347,500021
-288347,504021
-288347,508021
-288347,512021
-288347,516021
-288347,520021
-288347,524021
-288347,528021
-288347,532021
-288347,536021
-288347,540021
-288347,544021
-288347,548021
-288347,552021
-288347,556021
-288347,560021
-288347,564021
-288347,568021
-288347,572021
-288347,576021
-288347,580021
-288347,584021
-288347,588021
-288347,592021
-288347,596021
-288347,600021
-288347,604021
-288347,608021
-288347,612021
-292347,44021
-292347,48021
-292347,52021
-292347,56021
-292347,60021
-292347,64021
-292347,68021
-292347,72021
-292347,76021
-292347,80021
-292347,84021
-292347,88021
-292347,92021
-292347,96021
-292347,100021
-292347,104021
-292347,108021
-292347,112021
-292347,116021
-292347,120021
-292347,124021
-292347,128021
-292347,132021
-292347,136021
-292347,140021
-292347,144021
-292347,148021
-292347,152021
-292347,156021
-292347,160021
-292347,164021
-292347,168021
-292347,172021
-292347,176021
-292347,180021
-292347,184021
-292347,188021
-292347,192021
-292347,196021
-292347,200021
-292347,204021
-292347,208021
-292347,212021
-292347,216021
-292347,220021
-292347,224021
-292347,228021
-292347,232021
-292347,236021
-292347,240021
-292347,244021
-292347,248021
-292347,252021
-292347,256021
-292347,260021
-292347,264021
-292347,268021
-292347,272021
-292347,276021
-292347,280021
-292347,284021
-292347,288021
-292347,292021
-292347,296021
-292347,300021
-292347,304021
-292347,308021
-292347,312021
-292347,316021
-292347,320021
-292347,324021
-292347,328021
-292347,332021
-292347,336021
-292347,340021
-292347,344021
-292347,348021
-292347,352021
-292347,356021
-292347,360021
-292347,364021
-292347,368021
-292347,372021
-292347,376021
-292347,380021
-292347,384021
-292347,388021
-292347,392021
-292347,396021
-292347,400021
-292347,404021
-292347,408021
-292347,412021
-292347,416021
-292347,420021
-292347,424021
-292347,428021
-292347,432021
-292347,436021
-292347,440021
-292347,444021
-292347,448021
-292347,452021
-292347,456021
-292347,460021
-292347,464021
-292347,468021
-292347,472021
-292347,476021
-292347,480021
-292347,484021
-292347,488021
-292347,492021
-292347,496021
-292347,500021
-292347,504021
-292347,508021
-292347,512021
-292347,516021
-292347,520021
-292347,524021
-292347,528021
-292347,532021
-292347,536021
-292347,540021
-292347,544021
-292347,548021
-292347,552021
-292347,556021
-292347,560021
-292347,564021
-292347,568021
-292347,572021
-292347,576021
-292347,580021
-292347,584021
-292347,588021
-292347,592021
-292347,596021
-292347,600021
-292347,604021
-292347,608021
-292347,612021
-296347,44021
-296347,48021
-296347,52021
-296347,56021
-296347,60021
-296347,64021
-296347,68021
-296347,72021
-296347,76021
-296347,80021
-296347,84021
-296347,88021
-296347,92021
-296347,96021
-296347,100021
-296347,104021
-296347,108021
-296347,112021
-296347,116021
-296347,120021
-296347,124021
-296347,128021
-296347,132021
-296347,136021
-296347,140021
-296347,144021
-296347,148021
-296347,152021
-296347,156021
-296347,160021
-296347,164021
-296347,168021
-296347,172021
-296347,176021
-296347,180021
-296347,184021
-296347,188021
-296347,192021
-296347,196021
-296347,200021
-296347,204021
-296347,208021
-296347,212021
-296347,216021
-296347,220021
-296347,224021
-296347,228021
-296347,232021
-296347,236021
-296347,240021
-296347,244021
-296347,248021
-296347,252021
-296347,256021
-296347,260021
-296347,264021
-296347,268021
-296347,272021
-296347,276021
-296347,280021
-296347,284021
-296347,288021
-296347,292021
-296347,296021
-296347,300021
-296347,304021
-296347,308021
-296347,312021
-296347,316021
-296347,320021
-296347,324021
-296347,328021
-296347,332021
-296347,336021
-296347,340021
-296347,344021
-296347,348021
-296347,352021
-296347,356021
-296347,360021
-296347,364021
-296347,368021
-296347,372021
-296347,376021
-296347,380021
-296347,384021
-296347,388021
-296347,392021
-296347,396021
-296347,400021
-296347,404021
-296347,408021
-296347,412021
-296347,416021
-296347,420021
-296347,424021
-296347,428021
-296347,432021
-296347,436021
-296347,440021
-296347,444021
-296347,448021
-296347,452021
-296347,456021
-296347,460021
-296347,464021
-296347,468021
-296347,472021
-296347,476021
-296347,480021
-296347,484021
-296347,488021
-296347,492021
-296347,496021
-296347,500021
-296347,504021
-296347,508021
-296347,512021
-296347,516021
-296347,520021
-296347,524021
-296347,528021
-296347,532021
-296347,536021
-296347,540021
-296347,544021
-296347,548021
-296347,552021
-296347,556021
-296347,560021
-296347,564021
-296347,568021
-296347,572021
-296347,576021
-296347,580021
-296347,584021
-296347,588021
-296347,592021
-296347,596021
-296347,600021
-296347,604021
-296347,608021
-296347,612021
-296347,616021
-296347,620021
-296347,624021
-300347,44021
-300347,48021
-300347,52021
-300347,56021
-300347,60021
-300347,64021
-300347,68021
-300347,72021
-300347,76021
-300347,80021
-300347,84021
-300347,88021
-300347,92021
-300347,96021
-300347,100021
-300347,104021
-300347,108021
-300347,112021
-300347,116021
-300347,120021
-300347,124021
-300347,128021
-300347,132021
-300347,136021
-300347,140021
-300347,144021
-300347,148021
-300347,152021
-300347,156021
-300347,160021
-300347,164021
-300347,168021
-300347,172021
-300347,176021
-300347,180021
-300347,184021
-300347,188021
-300347,192021
-300347,196021
-300347,200021
-300347,204021
-300347,208021
-300347,212021
-300347,216021
-300347,220021
-300347,224021
-300347,228021
-300347,232021
-300347,236021
-300347,240021
-300347,244021
-300347,248021
-300347,252021
-300347,256021
-300347,260021
-300347,264021
-300347,268021
-300347,272021
-300347,276021
-300347,280021
-300347,284021
-300347,288021
-300347,292021
-300347,296021
-300347,300021
-300347,304021
-300347,308021
-300347,312021
-300347,316021
-300347,320021
-300347,324021
-300347,328021
-300347,332021
-300347,336021
-300347,340021
-300347,344021
-300347,348021
-300347,352021
-300347,356021
-300347,360021
-300347,364021
-300347,368021
-300347,372021
-300347,376021
-300347,380021
-300347,384021
-300347,388021
-300347,392021
-300347,396021
-300347,400021
-300347,404021
-300347,408021
-300347,412021
-300347,416021
-300347,420021
-300347,424021
-300347,428021
-300347,432021
-300347,436021
-300347,440021
-300347,444021
-300347,448021
-300347,452021
-300347,456021
-300347,460021
-300347,464021
-300347,468021
-300347,472021
-300347,476021
-300347,480021
-300347,484021
-300347,488021
-300347,492021
-300347,496021
-300347,500021
-300347,504021
-300347,508021
-300347,512021
-300347,516021
-300347,520021
-300347,524021
-300347,528021
-300347,532021
-300347,536021
-300347,540021
-300347,544021
-300347,548021
-300347,552021
-300347,556021
-300347,560021
-300347,564021
-300347,568021
-300347,572021
-300347,576021
-300347,580021
-300347,584021
-300347,588021
-300347,592021
-300347,596021
-300347,600021
-300347,604021
-300347,608021
-300347,612021
-300347,616021
-304347,44021
-304347,48021
-304347,52021
-304347,56021
-304347,60021
-304347,64021
-304347,68021
-304347,72021
-304347,76021
-304347,80021
-304347,84021
-304347,88021
-304347,92021
-304347,96021
-304347,100021
-304347,104021
-304347,108021
-304347,112021
-304347,116021
-304347,120021
-304347,124021
-304347,128021
-304347,132021
-304347,136021
-304347,140021
-304347,144021
-304347,148021
-304347,152021
-304347,156021
-304347,160021
-304347,164021
-304347,168021
-304347,172021
-304347,176021
-304347,180021
-304347,184021
-304347,188021
-304347,192021
-304347,196021
-304347,200021
-304347,204021
-304347,208021
-304347,212021
-304347,216021
-304347,220021
-304347,224021
-304347,228021
-304347,232021
-304347,236021
-304347,240021
-304347,244021
-304347,248021
-304347,252021
-304347,256021
-304347,260021
-304347,264021
-304347,268021
-304347,272021
-304347,276021
-304347,280021
-304347,284021
-304347,288021
-304347,292021
-304347,296021
-304347,300021
-304347,304021
-304347,308021
-304347,312021
-304347,316021
-304347,320021
-304347,324021
-304347,328021
-304347,332021
-304347,336021
-304347,340021
-304347,344021
-304347,348021
-304347,352021
-304347,356021
-304347,360021
-304347,364021
-304347,368021
-304347,372021
-304347,376021
-304347,380021
-304347,384021
-304347,388021
-304347,392021
-304347,396021
-304347,400021
-304347,404021
-304347,408021
-304347,412021
-304347,416021
-304347,420021
-304347,424021
-304347,428021
-304347,432021
-304347,436021
-304347,440021
-304347,444021
-304347,448021
-304347,452021
-304347,456021
-304347,460021
-304347,464021
-304347,468021
-304347,472021
-304347,476021
-304347,480021
-304347,484021
-304347,488021
-304347,492021
-304347,496021
-304347,500021
-304347,504021
-304347,508021
-304347,512021
-304347,516021
-304347,520021
-304347,524021
-304347,528021
-304347,532021
-304347,536021
-304347,540021
-304347,544021
-304347,548021
-304347,552021
-304347,556021
-304347,560021
-304347,564021
-304347,568021
-304347,572021
-304347,576021
-304347,580021
-304347,584021
-304347,588021
-304347,592021
-304347,596021
-304347,600021
-304347,604021
-304347,608021
-304347,612021
-304347,616021
-304347,620021
-308347,44021
-308347,48021
-308347,52021
-308347,56021
-308347,60021
-308347,64021
-308347,68021
-308347,72021
-308347,76021
-308347,80021
-308347,84021
-308347,88021
-308347,92021
-308347,96021
-308347,100021
-308347,104021
-308347,108021
-308347,112021
-308347,116021
-308347,120021
-308347,124021
-308347,128021
-308347,132021
-308347,136021
-308347,140021
-308347,144021
-308347,148021
-308347,152021
-308347,156021
-308347,160021
-308347,164021
-308347,168021
-308347,172021
-308347,176021
-308347,180021
-308347,184021
-308347,188021
-308347,192021
-308347,196021
-308347,200021
-308347,204021
-308347,208021
-308347,212021
-308347,216021
-308347,220021
-308347,224021
-308347,228021
-308347,232021
-308347,236021
-308347,240021
-308347,244021
-308347,248021
-308347,252021
-308347,256021
-308347,260021
-308347,264021
-308347,268021
-308347,272021
-308347,276021
-308347,280021
-308347,284021
-308347,288021
-308347,292021
-308347,296021
-308347,300021
-308347,304021
-308347,308021
-308347,312021
-308347,316021
-308347,320021
-308347,324021
-308347,328021
-308347,332021
-308347,336021
-308347,340021
-308347,344021
-308347,348021
-308347,352021
-308347,356021
-308347,360021
-308347,364021
-308347,368021
-308347,372021
-308347,376021
-308347,380021
-308347,384021
-308347,388021
-308347,392021
-308347,396021
-308347,400021
-308347,404021
-308347,408021
-308347,412021
-308347,416021
-308347,420021
-308347,424021
-308347,428021
-308347,432021
-308347,436021
-308347,440021
-308347,444021
-308347,448021
-308347,452021
-308347,456021
-308347,460021
-308347,464021
-308347,468021
-308347,472021
-308347,476021
-308347,480021
-308347,484021
-308347,488021
-308347,492021
-308347,496021
-308347,500021
-308347,504021
-308347,508021
-308347,512021
-308347,516021
-308347,520021
-308347,524021
-308347,528021
-308347,532021
-308347,536021
-308347,540021
-308347,544021
-308347,548021
-308347,552021
-308347,556021
-308347,560021
-308347,564021
-308347,568021
-308347,572021
-308347,576021
-308347,580021
-308347,584021
-308347,588021
-308347,592021
-308347,596021
-308347,600021
-308347,604021
-308347,608021
-308347,612021
-308347,616021
-308347,620021
-308347,624021
-312347,44021
-312347,48021
-312347,52021
-312347,56021
-312347,60021
-312347,64021
-312347,68021
-312347,72021
-312347,76021
-312347,80021
-312347,84021
-312347,88021
-312347,92021
-312347,96021
-312347,100021
-312347,104021
-312347,108021
-312347,112021
-312347,116021
-312347,120021
-312347,124021
-312347,128021
-312347,132021
-312347,136021
-312347,140021
-312347,144021
-312347,148021
-312347,152021
-312347,156021
-312347,160021
-312347,164021
-312347,168021
-312347,172021
-312347,176021
-312347,180021
-312347,184021
-312347,188021
-312347,192021
-312347,196021
-312347,200021
-312347,204021
-312347,208021
-312347,212021
-312347,216021
-312347,220021
-312347,224021
-312347,228021
-312347,232021
-312347,236021
-312347,240021
-312347,244021
-312347,248021
-312347,252021
-312347,256021
-312347,260021
-312347,264021
-312347,268021
-312347,272021
-312347,276021
-312347,280021
-312347,284021
-312347,288021
-312347,292021
-312347,296021
-312347,300021
-312347,304021
-312347,308021
-312347,312021
-312347,316021
-312347,320021
-312347,324021
-312347,328021
-312347,332021
-312347,336021
-312347,340021
-312347,344021
-312347,348021
-312347,352021
-312347,356021
-312347,360021
-312347,364021
-312347,368021
-312347,372021
-312347,376021
-312347,380021
-312347,384021
-312347,388021
-312347,392021
-312347,396021
-312347,400021
-312347,404021
-312347,408021
-312347,412021
-312347,416021
-312347,420021
-312347,424021
-312347,428021
-312347,432021
-312347,436021
-312347,440021
-312347,444021
-312347,448021
-312347,452021
-312347,456021
-312347,460021
-312347,464021
-312347,468021
-312347,472021
-312347,476021
-312347,480021
-312347,484021
-312347,488021
-312347,492021
-312347,496021
-312347,500021
-312347,504021
-312347,508021
-312347,512021
-312347,516021
-312347,520021
-312347,524021
-312347,528021
-312347,532021
-312347,536021
-312347,540021
-312347,544021
-312347,548021
-312347,552021
-312347,556021
-312347,560021
-312347,564021
-312347,568021
-312347,572021
-312347,576021
-312347,580021
-312347,584021
-312347,588021
-312347,592021
-312347,596021
-312347,600021
-312347,604021
-312347,608021
-312347,612021
-312347,616021
-312347,620021
-312347,624021
-316347,44021
-316347,48021
-316347,52021
-316347,56021
-316347,60021
-316347,64021
-316347,68021
-316347,72021
-316347,76021
-316347,80021
-316347,84021
-316347,88021
-316347,92021
-316347,96021
-316347,100021
-316347,104021
-316347,108021
-316347,112021
-316347,116021
-316347,120021
-316347,124021
-316347,128021
-316347,132021
-316347,136021
-316347,140021
-316347,144021
-316347,148021
-316347,152021
-316347,156021
-316347,160021
-316347,164021
-316347,168021
-316347,172021
-316347,176021
-316347,180021
-316347,184021
-316347,188021
-316347,192021
-316347,196021
-316347,200021
-316347,204021
-316347,208021
-316347,212021
-316347,216021
-316347,220021
-316347,224021
-316347,228021
-316347,232021
-316347,236021
-316347,240021
-316347,244021
-316347,248021
-316347,252021
-316347,256021
-316347,260021
-316347,264021
-316347,268021
-316347,272021
-316347,276021
-316347,280021
-316347,284021
-316347,288021
-316347,292021
-316347,296021
-316347,300021
-316347,304021
-316347,308021
-316347,312021
-316347,316021
-316347,320021
-316347,324021
-316347,328021
-316347,332021
-316347,336021
-316347,340021
-316347,344021
-316347,348021
-316347,352021
-316347,356021
-316347,360021
-316347,364021
-316347,368021
-316347,372021
-316347,376021
-316347,380021
-316347,384021
-316347,388021
-316347,392021
-316347,396021
-316347,400021
-316347,404021
-316347,408021
-316347,412021
-316347,416021
-316347,420021
-316347,424021
-316347,428021
-316347,432021
-316347,436021
-316347,440021
-316347,444021
-316347,448021
-316347,452021
-316347,456021
-316347,460021
-316347,464021
-316347,468021
-316347,472021
-316347,476021
-316347,480021
-316347,484021
-316347,488021
-316347,492021
-316347,496021
-316347,500021
-316347,504021
-316347,508021
-316347,512021
-316347,516021
-316347,520021
-316347,524021
-316347,528021
-316347,532021
-316347,536021
-316347,540021
-316347,544021
-316347,548021
-316347,552021
-316347,556021
-316347,560021
-316347,564021
-316347,568021
-316347,572021
-316347,576021
-316347,580021
-316347,584021
-316347,588021
-316347,592021
-316347,596021
-316347,600021
-316347,604021
-316347,608021
-316347,612021
-316347,616021
-316347,620021
-316347,624021
-320347,44021
-320347,48021
-320347,52021
-320347,56021
-320347,60021
-320347,64021
-320347,68021
-320347,72021
-320347,76021
-320347,80021
-320347,84021
-320347,88021
-320347,92021
-320347,96021
-320347,100021
-320347,104021
-320347,108021
-320347,112021
-320347,116021
-320347,120021
-320347,124021
-320347,128021
-320347,132021
-320347,136021
-320347,140021
-320347,144021
-320347,148021
-320347,152021
-320347,156021
-320347,160021
-320347,164021
-320347,168021
-320347,172021
-320347,176021
-320347,180021
-320347,184021
-320347,188021
-320347,192021
-320347,196021
-320347,200021
-320347,204021
-320347,208021
-320347,212021
-320347,216021
-320347,220021
-320347,224021
-320347,228021
-320347,232021
-320347,236021
-320347,240021
-320347,244021
-320347,248021
-320347,252021
-320347,256021
-320347,260021
-320347,264021
-320347,268021
-320347,272021
-320347,276021
-320347,280021
-320347,284021
-320347,288021
-320347,292021
-320347,296021
-320347,300021
-320347,304021
-320347,308021
-320347,312021
-320347,316021
-320347,320021
-320347,324021
-320347,328021
-320347,332021
-320347,336021
-320347,340021
-320347,344021
-320347,348021
-320347,352021
-320347,356021
-320347,360021
-320347,364021
-320347,368021
-320347,372021
-320347,376021
-320347,380021
-320347,384021
-320347,388021
-320347,392021
-320347,396021
-320347,400021
-320347,404021
-320347,408021
-320347,412021
-320347,416021
-320347,420021
-320347,424021
-320347,428021
-320347,432021
-320347,436021
-320347,440021
-320347,444021
-320347,448021
-320347,452021
-320347,456021
-320347,460021
-320347,464021
-320347,468021
-320347,472021
-320347,476021
-320347,480021
-320347,484021
-320347,488021
-320347,492021
-320347,496021
-320347,500021
-320347,504021
-320347,508021
-320347,512021
-320347,516021
-320347,520021
-320347,524021
-320347,528021
-320347,532021
-320347,536021
-320347,540021
-320347,544021
-320347,548021
-320347,552021
-320347,556021
-320347,560021
-320347,564021
-320347,568021
-320347,572021
-320347,576021
-320347,580021
-320347,584021
-320347,588021
-320347,592021
-320347,596021
-320347,600021
-320347,604021
-320347,608021
-320347,612021
-320347,616021
-320347,620021
-320347,624021
-324347,44021
-324347,48021
-324347,52021
-324347,56021
-324347,60021
-324347,64021
-324347,68021
-324347,72021
-324347,76021
-324347,80021
-324347,84021
-324347,88021
-324347,92021
-324347,96021
-324347,100021
-324347,104021
-324347,108021
-324347,112021
-324347,116021
-324347,120021
-324347,124021
-324347,128021
-324347,132021
-324347,136021
-324347,140021
-324347,144021
-324347,148021
-324347,152021
-324347,156021
-324347,160021
-324347,164021
-324347,168021
-324347,172021
-324347,176021
-324347,180021
-324347,184021
-324347,188021
-324347,192021
-324347,196021
-324347,200021
-324347,204021
-324347,208021
-324347,212021
-324347,216021
-324347,220021
-324347,224021
-324347,228021
-324347,232021
-324347,236021
-324347,240021
-324347,244021
-324347,248021
-324347,252021
-324347,256021
-324347,260021
-324347,264021
-324347,268021
-324347,272021
-324347,276021
-324347,280021
-324347,284021
-324347,288021
-324347,292021
-324347,296021
-324347,300021
-324347,304021
-324347,308021
-324347,312021
-324347,316021
-324347,320021
-324347,324021
-324347,328021
-324347,332021
-324347,336021
-324347,340021
-324347,344021
-324347,348021
-324347,352021
-324347,356021
-324347,360021
-324347,364021
-324347,368021
-324347,372021
-324347,376021
-324347,380021
-324347,384021
-324347,388021
-324347,392021
-324347,396021
-324347,400021
-324347,404021
-324347,408021
-324347,412021
-324347,416021
-324347,420021
-324347,424021
-324347,428021
-324347,432021
-324347,436021
-324347,440021
-324347,444021
-324347,448021
-324347,452021
-324347,456021
-324347,460021
-324347,464021
-324347,468021
-324347,472021
-324347,476021
-324347,480021
-324347,484021
-324347,488021
-324347,492021
-324347,496021
-324347,500021
-324347,504021
-324347,508021
-324347,512021
-324347,516021
-324347,520021
-324347,524021
-324347,528021
-324347,532021
-324347,536021
-324347,540021
-324347,544021
-324347,548021
-324347,552021
-324347,556021
-324347,560021
-324347,564021
-324347,568021
-324347,572021
-324347,576021
-324347,580021
-324347,584021
-324347,588021
-324347,592021
-324347,596021
-324347,600021
-324347,604021
-324347,608021
-324347,612021
-324347,616021
-324347,620021
-324347,624021
-324347,628021
-328347,44021
-328347,48021
-328347,52021
-328347,56021
-328347,60021
-328347,64021
-328347,68021
-328347,72021
-328347,76021
-328347,80021
-328347,84021
-328347,88021
-328347,92021
-328347,96021
-328347,100021
-328347,104021
-328347,108021
-328347,112021
-328347,116021
-328347,120021
-328347,124021
-328347,128021
-328347,132021
-328347,136021
-328347,140021
-328347,144021
-328347,148021
-328347,152021
-328347,156021
-328347,160021
-328347,164021
-328347,168021
-328347,172021
-328347,176021
-328347,180021
-328347,184021
-328347,188021
-328347,192021
-328347,196021
-328347,200021
-328347,204021
-328347,208021
-328347,212021
-328347,216021
-328347,220021
-328347,224021
-328347,228021
-328347,232021
-328347,236021
-328347,240021
-328347,244021
-328347,248021
-328347,252021
-328347,256021
-328347,260021
-328347,264021
-328347,268021
-328347,272021
-328347,276021
-328347,280021
-328347,284021
-328347,288021
-328347,292021
-328347,296021
-328347,300021
-328347,304021
-328347,308021
-328347,312021
-328347,316021
-328347,320021
-328347,324021
-328347,328021
-328347,332021
-328347,336021
-328347,340021
-328347,344021
-328347,348021
-328347,352021
-328347,356021
-328347,360021
-328347,364021
-328347,368021
-328347,372021
-328347,376021
-328347,380021
-328347,384021
-328347,388021
-328347,392021
-328347,396021
-328347,400021
-328347,404021
-328347,408021
-328347,412021
-328347,416021
-328347,420021
-328347,424021
-328347,428021
-328347,432021
-328347,436021
-328347,440021
-328347,444021
-328347,448021
-328347,452021
-328347,456021
-328347,460021
-328347,464021
-328347,468021
-328347,472021
-328347,476021
-328347,480021
-328347,484021
-328347,488021
-328347,492021
-328347,496021
-328347,500021
-328347,504021
-328347,508021
-328347,512021
-328347,516021
-328347,520021
-328347,524021
-328347,528021
-328347,532021
-328347,536021
-328347,540021
-328347,544021
-328347,548021
-328347,552021
-328347,556021
-328347,560021
-328347,564021
-328347,568021
-328347,572021
-328347,576021
-328347,580021
-328347,584021
-328347,588021
-328347,592021
-328347,596021
-328347,600021
-328347,604021
-328347,608021
-328347,612021
-328347,616021
-328347,620021
-328347,624021
-328347,628021
-332347,44021
-332347,48021
-332347,52021
-332347,56021
-332347,60021
-332347,64021
-332347,68021
-332347,72021
-332347,76021
-332347,80021
-332347,84021
-332347,88021
-332347,92021
-332347,96021
-332347,100021
-332347,104021
-332347,108021
-332347,112021
-332347,116021
-332347,120021
-332347,124021
-332347,128021
-332347,132021
-332347,136021
-332347,140021
-332347,144021
-332347,148021
-332347,152021
-332347,156021
-332347,160021
-332347,164021
-332347,168021
-332347,172021
-332347,176021
-332347,180021
-332347,184021
-332347,188021
-332347,192021
-332347,196021
-332347,200021
-332347,204021
-332347,208021
-332347,212021
-332347,216021
-332347,220021
-332347,224021
-332347,228021
-332347,232021
-332347,236021
-332347,240021
-332347,244021
-332347,248021
-332347,252021
-332347,256021
-332347,260021
-332347,264021
-332347,268021
-332347,272021
-332347,276021
-332347,280021
-332347,284021
-332347,288021
-332347,292021
-332347,296021
-332347,300021
-332347,304021
-332347,308021
-332347,312021
-332347,316021
-332347,320021
-332347,324021
-332347,328021
-332347,332021
-332347,336021
-332347,340021
-332347,344021
-332347,348021
-332347,352021
-332347,356021
-332347,360021
-332347,364021
-332347,368021
-332347,372021
-332347,376021
-332347,380021
-332347,384021
-332347,388021
-332347,392021
-332347,396021
-332347,400021
-332347,404021
-332347,408021
-332347,412021
-332347,416021
-332347,420021
-332347,424021
-332347,428021
-332347,432021
-332347,436021
-332347,440021
-332347,444021
-332347,448021
-332347,452021
-332347,456021
-332347,460021
-332347,464021
-332347,468021
-332347,472021
-332347,476021
-332347,480021
-332347,484021
-332347,488021
-332347,492021
-332347,496021
-332347,500021
-332347,504021
-332347,508021
-332347,512021
-332347,516021
-332347,520021
-332347,524021
-332347,528021
-332347,532021
-332347,536021
-332347,540021
-332347,544021
-332347,548021
-332347,552021
-332347,556021
-332347,560021
-332347,564021
-332347,568021
-332347,572021
-332347,576021
-332347,580021
-332347,584021
-332347,588021
-332347,592021
-332347,596021
-332347,600021
-332347,604021
-332347,608021
-332347,612021
-332347,616021
-332347,620021
-332347,624021
-332347,628021
-336347,44021
-336347,48021
-336347,52021
-336347,56021
-336347,60021
-336347,68021
-336347,72021
-336347,76021
-336347,80021
-336347,84021
-336347,88021
-336347,92021
-336347,96021
-336347,100021
-336347,104021
-336347,108021
-336347,112021
-336347,116021
-336347,120021
-336347,124021
-336347,128021
-336347,132021
-336347,136021
-336347,140021
-336347,144021
-336347,148021
-336347,152021
-336347,156021
-336347,160021
-336347,164021
-336347,168021
-336347,172021
-336347,176021
-336347,180021
-336347,184021
-336347,188021
-336347,192021
-336347,196021
-336347,200021
-336347,204021
-336347,208021
-336347,212021
-336347,216021
-336347,220021
-336347,224021
-336347,228021
-336347,232021
-336347,236021
-336347,240021
-336347,244021
-336347,248021
-336347,252021
-336347,256021
-336347,260021
-336347,264021
-336347,268021
-336347,272021
-336347,276021
-336347,280021
-336347,284021
-336347,288021
-336347,292021
-336347,296021
-336347,300021
-336347,304021
-336347,308021
-336347,312021
-336347,316021
-336347,320021
-336347,324021
-336347,328021
-336347,332021
-336347,336021
-336347,340021
-336347,344021
-336347,348021
-336347,352021
-336347,356021
-336347,360021
-336347,364021
-336347,368021
-336347,372021
-336347,376021
-336347,380021
-336347,384021
-336347,388021
-336347,392021
-336347,396021
-336347,400021
-336347,404021
-336347,408021
-336347,412021
-336347,416021
-336347,420021
-336347,424021
-336347,428021
-336347,432021
-336347,436021
-336347,440021
-336347,444021
-336347,448021
-336347,452021
-336347,456021
-336347,460021
-336347,464021
-336347,468021
-336347,472021
-336347,476021
-336347,480021
-336347,484021
-336347,488021
-336347,492021
-336347,496021
-336347,500021
-336347,504021
-336347,508021
-336347,512021
-336347,516021
-336347,520021
-336347,524021
-336347,528021
-336347,532021
-336347,536021
-336347,540021
-336347,544021
-336347,548021
-336347,552021
-336347,556021
-336347,560021
-336347,564021
-336347,568021
-336347,572021
-336347,576021
-336347,580021
-336347,584021
-336347,588021
-336347,592021
-336347,596021
-336347,600021
-336347,604021
-336347,608021
-336347,612021
-336347,616021
-336347,620021
-336347,624021
-336347,628021
-340347,44021
-340347,48021
-340347,52021
-340347,56021
-340347,72021
-340347,76021
-340347,80021
-340347,84021
-340347,88021
-340347,92021
-340347,96021
-340347,100021
-340347,104021
-340347,108021
-340347,112021
-340347,116021
-340347,120021
-340347,124021
-340347,128021
-340347,132021
-340347,136021
-340347,140021
-340347,144021
-340347,148021
-340347,152021
-340347,156021
-340347,160021
-340347,164021
-340347,168021
-340347,172021
-340347,176021
-340347,180021
-340347,184021
-340347,188021
-340347,192021
-340347,196021
-340347,200021
-340347,204021
-340347,208021
-340347,212021
-340347,216021
-340347,220021
-340347,224021
-340347,228021
-340347,232021
-340347,236021
-340347,240021
-340347,244021
-340347,248021
-340347,252021
-340347,256021
-340347,260021
-340347,264021
-340347,268021
-340347,272021
-340347,276021
-340347,280021
-340347,284021
-340347,288021
-340347,292021
-340347,296021
-340347,300021
-340347,304021
-340347,308021
-340347,312021
-340347,316021
-340347,320021
-340347,324021
-340347,328021
-340347,332021
-340347,336021
-340347,340021
-340347,344021
-340347,348021
-340347,352021
-340347,356021
-340347,360021
-340347,364021
-340347,368021
-340347,372021
-340347,376021
-340347,380021
-340347,384021
-340347,388021
-340347,392021
-340347,396021
-340347,400021
-340347,404021
-340347,408021
-340347,412021
-340347,416021
-340347,420021
-340347,424021
-340347,428021
-340347,432021
-340347,436021
-340347,440021
-340347,444021
-340347,448021
-340347,452021
-340347,456021
-340347,460021
-340347,464021
-340347,468021
-340347,472021
-340347,476021
-340347,480021
-340347,484021
-340347,488021
-340347,492021
-340347,496021
-340347,500021
-340347,504021
-340347,508021
-340347,512021
-340347,516021
-340347,520021
-340347,524021
-340347,528021
-340347,532021
-340347,536021
-340347,540021
-340347,544021
-340347,548021
-340347,552021
-340347,556021
-340347,560021
-340347,564021
-340347,568021
-340347,572021
-340347,576021
-340347,580021
-340347,584021
-340347,588021
-340347,592021
-340347,596021
-340347,600021
-340347,604021
-340347,608021
-340347,612021
-340347,616021
-340347,620021
-340347,624021
-344347,44021
-344347,48021
-344347,52021
-344347,56021
-344347,80021
-344347,84021
-344347,88021
-344347,92021
-344347,96021
-344347,100021
-344347,104021
-344347,108021
-344347,112021
-344347,116021
-344347,120021
-344347,124021
-344347,128021
-344347,132021
-344347,136021
-344347,140021
-344347,144021
-344347,148021
-344347,152021
-344347,156021
-344347,160021
-344347,164021
-344347,168021
-344347,172021
-344347,176021
-344347,180021
-344347,184021
-344347,188021
-344347,192021
-344347,196021
-344347,200021
-344347,204021
-344347,208021
-344347,212021
-344347,216021
-344347,220021
-344347,224021
-344347,228021
-344347,232021
-344347,236021
-344347,240021
-344347,244021
-344347,248021
-344347,252021
-344347,256021
-344347,260021
-344347,264021
-344347,268021
-344347,272021
-344347,276021
-344347,280021
-344347,284021
-344347,288021
-344347,292021
-344347,296021
-344347,300021
-344347,304021
-344347,308021
-344347,312021
-344347,316021
-344347,320021
-344347,324021
-344347,328021
-344347,332021
-344347,336021
-344347,340021
-344347,344021
-344347,348021
-344347,352021
-344347,356021
-344347,360021
-344347,364021
-344347,368021
-344347,372021
-344347,376021
-344347,380021
-344347,384021
-344347,388021
-344347,392021
-344347,396021
-344347,400021
-344347,404021
-344347,408021
-344347,412021
-344347,416021
-344347,420021
-344347,424021
-344347,428021
-344347,432021
-344347,436021
-344347,440021
-344347,444021
-344347,448021
-344347,452021
-344347,456021
-344347,460021
-344347,464021
-344347,468021
-344347,472021
-344347,476021
-344347,480021
-344347,484021
-344347,488021
-344347,492021
-344347,496021
-344347,500021
-344347,504021
-344347,508021
-344347,512021
-344347,516021
-344347,520021
-344347,524021
-344347,528021
-344347,532021
-344347,536021
-344347,540021
-344347,544021
-344347,548021
-344347,552021
-344347,556021
-344347,560021
-344347,564021
-344347,568021
-344347,572021
-344347,576021
-344347,580021
-344347,584021
-344347,588021
-344347,592021
-344347,596021
-344347,600021
-344347,604021
-344347,608021
-344347,612021
-344347,616021
-344347,620021
-344347,624021
-348347,44021
-348347,48021
-348347,52021
-348347,76021
-348347,80021
-348347,84021
-348347,88021
-348347,92021
-348347,96021
-348347,100021
-348347,104021
-348347,108021
-348347,112021
-348347,116021
-348347,120021
-348347,124021
-348347,128021
-348347,132021
-348347,136021
-348347,140021
-348347,144021
-348347,148021
-348347,152021
-348347,156021
-348347,160021
-348347,164021
-348347,168021
-348347,172021
-348347,176021
-348347,180021
-348347,184021
-348347,188021
-348347,192021
-348347,196021
-348347,200021
-348347,204021
-348347,208021
-348347,212021
-348347,216021
-348347,220021
-348347,224021
-348347,228021
-348347,232021
-348347,236021
-348347,240021
-348347,244021
-348347,248021
-348347,252021
-348347,256021
-348347,260021
-348347,264021
-348347,268021
-348347,272021
-348347,276021
-348347,280021
-348347,284021
-348347,288021
-348347,292021
-348347,296021
-348347,300021
-348347,304021
-348347,308021
-348347,312021
-348347,316021
-348347,320021
-348347,324021
-348347,328021
-348347,332021
-348347,336021
-348347,340021
-348347,344021
-348347,348021
-348347,352021
-348347,356021
-348347,360021
-348347,364021
-348347,368021
-348347,372021
-348347,376021
-348347,380021
-348347,384021
-348347,388021
-348347,392021
-348347,396021
-348347,400021
-348347,404021
-348347,408021
-348347,412021
-348347,416021
-348347,420021
-348347,424021
-348347,428021
-348347,432021
-348347,436021
-348347,440021
-348347,444021
-348347,448021
-348347,452021
-348347,456021
-348347,460021
-348347,464021
-348347,468021
-348347,472021
-348347,476021
-348347,480021
-348347,484021
-348347,488021
-348347,492021
-348347,496021
-348347,500021
-348347,504021
-348347,508021
-348347,512021
-348347,516021
-348347,520021
-348347,524021
-348347,528021
-348347,532021
-348347,536021
-348347,540021
-348347,544021
-348347,548021
-348347,552021
-348347,556021
-348347,560021
-348347,564021
-348347,568021
-348347,572021
-348347,576021
-348347,580021
-348347,584021
-348347,588021
-348347,592021
-348347,596021
-348347,600021
-348347,604021
-348347,608021
-348347,612021
-348347,616021
-348347,620021
-352347,44021
-352347,76021
-352347,80021
-352347,84021
-352347,88021
-352347,92021
-352347,96021
-352347,100021
-352347,104021
-352347,108021
-352347,112021
-352347,116021
-352347,120021
-352347,124021
-352347,128021
-352347,132021
-352347,136021
-352347,140021
-352347,144021
-352347,148021
-352347,152021
-352347,156021
-352347,160021
-352347,164021
-352347,168021
-352347,172021
-352347,176021
-352347,180021
-352347,184021
-352347,188021
-352347,192021
-352347,196021
-352347,200021
-352347,204021
-352347,208021
-352347,212021
-352347,216021
-352347,220021
-352347,224021
-352347,228021
-352347,232021
-352347,236021
-352347,240021
-352347,244021
-352347,248021
-352347,252021
-352347,256021
-352347,260021
-352347,264021
-352347,268021
-352347,272021
-352347,276021
-352347,280021
-352347,284021
-352347,288021
-352347,292021
-352347,296021
-352347,300021
-352347,304021
-352347,308021
-352347,312021
-352347,316021
-352347,320021
-352347,324021
-352347,328021
-352347,332021
-352347,336021
-352347,340021
-352347,344021
-352347,348021
-352347,352021
-352347,356021
-352347,360021
-352347,364021
-352347,368021
-352347,372021
-352347,376021
-352347,380021
-352347,384021
-352347,388021
-352347,392021
-352347,396021
-352347,400021
-352347,404021
-352347,408021
-352347,412021
-352347,416021
-352347,420021
-352347,424021
-352347,428021
-352347,432021
-352347,436021
-352347,440021
-352347,444021
-352347,448021
-352347,452021
-352347,456021
-352347,460021
-352347,464021
-352347,468021
-352347,472021
-352347,476021
-352347,480021
-352347,484021
-352347,488021
-352347,492021
-352347,496021
-352347,500021
-352347,504021
-352347,508021
-352347,512021
-352347,516021
-352347,520021
-352347,524021
-352347,528021
-352347,532021
-352347,536021
-352347,540021
-352347,544021
-352347,548021
-352347,552021
-352347,556021
-352347,560021
-352347,564021
-352347,568021
-352347,572021
-352347,576021
-352347,580021
-352347,584021
-352347,588021
-352347,592021
-352347,596021
-352347,600021
-352347,604021
-352347,608021
-352347,612021
-352347,616021
-356347,76021
-356347,80021
-356347,84021
-356347,88021
-356347,92021
-356347,96021
-356347,100021
-356347,104021
-356347,108021
-356347,112021
-356347,116021
-356347,120021
-356347,124021
-356347,128021
-356347,132021
-356347,136021
-356347,140021
-356347,144021
-356347,148021
-356347,152021
-356347,156021
-356347,160021
-356347,164021
-356347,168021
-356347,172021
-356347,176021
-356347,180021
-356347,184021
-356347,188021
-356347,192021
-356347,196021
-356347,200021
-356347,204021
-356347,208021
-356347,212021
-356347,216021
-356347,220021
-356347,224021
-356347,228021
-356347,232021
-356347,236021
-356347,240021
-356347,244021
-356347,248021
-356347,252021
-356347,256021
-356347,260021
-356347,264021
-356347,268021
-356347,272021
-356347,276021
-356347,280021
-356347,284021
-356347,288021
-356347,292021
-356347,296021
-356347,300021
-356347,304021
-356347,308021
-356347,312021
-356347,316021
-356347,320021
-356347,324021
-356347,328021
-356347,332021
-356347,336021
-356347,340021
-356347,344021
-356347,348021
-356347,352021
-356347,356021
-356347,360021
-356347,364021
-356347,368021
-356347,372021
-356347,376021
-356347,380021
-356347,384021
-356347,388021
-356347,392021
-356347,396021
-356347,400021
-356347,404021
-356347,408021
-356347,412021
-356347,416021
-356347,420021
-356347,424021
-356347,428021
-356347,432021
-356347,436021
-356347,440021
-356347,444021
-356347,448021
-356347,452021
-356347,456021
-356347,460021
-356347,464021
-356347,468021
-356347,472021
-356347,476021
-356347,480021
-356347,484021
-356347,488021
-356347,492021
-356347,496021
-356347,500021
-356347,504021
-356347,508021
-356347,512021
-356347,516021
-356347,520021
-356347,524021
-356347,528021
-356347,532021
-356347,536021
-356347,540021
-356347,544021
-356347,548021
-356347,552021
-356347,556021
-356347,560021
-356347,564021
-356347,568021
-356347,572021
-356347,576021
-356347,580021
-356347,584021
-356347,588021
-356347,592021
-356347,596021
-356347,600021
-356347,604021
-356347,608021
-356347,612021
-360347,80021
-360347,84021
-360347,88021
-360347,92021
-360347,96021
-360347,100021
-360347,104021
-360347,108021
-360347,112021
-360347,116021
-360347,120021
-360347,124021
-360347,128021
-360347,132021
-360347,136021
-360347,140021
-360347,144021
-360347,148021
-360347,152021
-360347,156021
-360347,160021
-360347,164021
-360347,168021
-360347,172021
-360347,176021
-360347,180021
-360347,184021
-360347,188021
-360347,192021
-360347,196021
-360347,200021
-360347,204021
-360347,208021
-360347,212021
-360347,216021
-360347,220021
-360347,224021
-360347,228021
-360347,232021
-360347,236021
-360347,240021
-360347,244021
-360347,248021
-360347,252021
-360347,256021
-360347,260021
-360347,264021
-360347,268021
-360347,272021
-360347,276021
-360347,280021
-360347,284021
-360347,288021
-360347,292021
-360347,296021
-360347,300021
-360347,304021
-360347,308021
-360347,312021
-360347,316021
-360347,320021
-360347,324021
-360347,328021
-360347,332021
-360347,336021
-360347,340021
-360347,344021
-360347,348021
-360347,352021
-360347,356021
-360347,360021
-360347,364021
-360347,368021
-360347,372021
-360347,376021
-360347,380021
-360347,384021
-360347,388021
-360347,392021
-360347,396021
-360347,400021
-360347,404021
-360347,408021
-360347,412021
-360347,416021
-360347,420021
-360347,424021
-360347,428021
-360347,432021
-360347,436021
-360347,440021
-360347,444021
-360347,448021
-360347,452021
-360347,456021
-360347,460021
-360347,464021
-360347,468021
-360347,472021
-360347,476021
-360347,480021
-360347,484021
-360347,488021
-360347,492021
-360347,496021
-360347,500021
-360347,504021
-360347,508021
-360347,512021
-360347,516021
-360347,520021
-360347,524021
-360347,528021
-360347,532021
-360347,536021
-360347,540021
-360347,544021
-360347,548021
-360347,552021
-360347,556021
-360347,560021
-360347,564021
-360347,568021
-360347,572021
-360347,576021
-360347,580021
-360347,584021
-360347,588021
-360347,592021
-360347,596021
-360347,600021
-360347,604021
-360347,608021
-360347,612021
-364347,80021
-364347,84021
-364347,88021
-364347,92021
-364347,96021
-364347,100021
-364347,104021
-364347,108021
-364347,112021
-364347,116021
-364347,120021
-364347,124021
-364347,128021
-364347,132021
-364347,136021
-364347,140021
-364347,144021
-364347,148021
-364347,152021
-364347,156021
-364347,160021
-364347,164021
-364347,168021
-364347,172021
-364347,176021
-364347,180021
-364347,184021
-364347,188021
-364347,192021
-364347,196021
-364347,200021
-364347,204021
-364347,208021
-364347,212021
-364347,216021
-364347,220021
-364347,224021
-364347,228021
-364347,232021
-364347,236021
-364347,240021
-364347,244021
-364347,248021
-364347,252021
-364347,256021
-364347,260021
-364347,264021
-364347,268021
-364347,272021
-364347,276021
-364347,280021
-364347,284021
-364347,288021
-364347,292021
-364347,296021
-364347,300021
-364347,304021
-364347,308021
-364347,312021
-364347,316021
-364347,320021
-364347,324021
-364347,328021
-364347,332021
-364347,336021
-364347,340021
-364347,344021
-364347,348021
-364347,352021
-364347,356021
-364347,360021
-364347,364021
-364347,368021
-364347,372021
-364347,376021
-364347,380021
-364347,384021
-364347,388021
-364347,392021
-364347,396021
-364347,400021
-364347,404021
-364347,408021
-364347,412021
-364347,416021
-364347,420021
-364347,424021
-364347,428021
-364347,432021
-364347,436021
-364347,440021
-364347,444021
-364347,448021
-364347,452021
-364347,456021
-364347,460021
-364347,464021
-364347,468021
-364347,472021
-364347,476021
-364347,480021
-364347,484021
-364347,488021
-364347,492021
-364347,496021
-364347,500021
-364347,504021
-364347,508021
-364347,512021
-364347,516021
-364347,520021
-364347,524021
-364347,528021
-364347,532021
-364347,536021
-364347,540021
-364347,544021
-364347,548021
-364347,552021
-364347,556021
-364347,560021
-364347,564021
-364347,568021
-364347,572021
-364347,576021
-364347,580021
-364347,584021
-364347,588021
-364347,592021
-364347,596021
-364347,600021
-364347,604021
-364347,608021
-364347,612021
-368347,84021
-368347,88021
-368347,92021
-368347,96021
-368347,100021
-368347,104021
-368347,108021
-368347,112021
-368347,116021
-368347,120021
-368347,124021
-368347,128021
-368347,132021
-368347,136021
-368347,140021
-368347,144021
-368347,148021
-368347,152021
-368347,156021
-368347,160021
-368347,164021
-368347,168021
-368347,172021
-368347,176021
-368347,180021
-368347,184021
-368347,188021
-368347,192021
-368347,196021
-368347,200021
-368347,204021
-368347,208021
-368347,212021
-368347,216021
-368347,220021
-368347,224021
-368347,228021
-368347,232021
-368347,236021
-368347,240021
-368347,244021
-368347,248021
-368347,252021
-368347,256021
-368347,260021
-368347,264021
-368347,268021
-368347,272021
-368347,276021
-368347,280021
-368347,284021
-368347,288021
-368347,292021
-368347,296021
-368347,300021
-368347,304021
-368347,308021
-368347,312021
-368347,316021
-368347,320021
-368347,324021
-368347,328021
-368347,332021
-368347,336021
-368347,340021
-368347,344021
-368347,348021
-368347,352021
-368347,356021
-368347,360021
-368347,364021
-368347,368021
-368347,372021
-368347,376021
-368347,380021
-368347,384021
-368347,388021
-368347,392021
-368347,396021
-368347,400021
-368347,404021
-368347,408021
-368347,412021
-368347,416021
-368347,420021
-368347,424021
-368347,428021
-368347,432021
-368347,436021
-368347,440021
-368347,444021
-368347,448021
-368347,452021
-368347,456021
-368347,460021
-368347,464021
-368347,468021
-368347,472021
-368347,476021
-368347,480021
-368347,484021
-368347,488021
-368347,492021
-368347,496021
-368347,500021
-368347,504021
-368347,508021
-368347,512021
-368347,516021
-368347,520021
-368347,524021
-368347,528021
-368347,532021
-368347,536021
-368347,540021
-368347,544021
-368347,548021
-368347,552021
-368347,556021
-368347,560021
-368347,564021
-368347,568021
-368347,572021
-368347,576021
-368347,580021
-368347,584021
-368347,588021
-368347,592021
-368347,596021
-368347,600021
-368347,604021
-368347,608021
-368347,612021
-372347,88021
-372347,92021
-372347,96021
-372347,100021
-372347,104021
-372347,108021
-372347,112021
-372347,116021
-372347,120021
-372347,124021
-372347,128021
-372347,132021
-372347,136021
-372347,140021
-372347,144021
-372347,148021
-372347,152021
-372347,156021
-372347,160021
-372347,164021
-372347,168021
-372347,172021
-372347,176021
-372347,180021
-372347,184021
-372347,188021
-372347,192021
-372347,196021
-372347,200021
-372347,204021
-372347,208021
-372347,212021
-372347,216021
-372347,220021
-372347,224021
-372347,228021
-372347,232021
-372347,236021
-372347,240021
-372347,244021
-372347,248021
-372347,252021
-372347,256021
-372347,260021
-372347,264021
-372347,268021
-372347,272021
-372347,276021
-372347,280021
-372347,284021
-372347,288021
-372347,292021
-372347,296021
-372347,300021
-372347,304021
-372347,308021
-372347,312021
-372347,316021
-372347,320021
-372347,324021
-372347,328021
-372347,332021
-372347,336021
-372347,340021
-372347,344021
-372347,348021
-372347,352021
-372347,356021
-372347,360021
-372347,364021
-372347,368021
-372347,372021
-372347,376021
-372347,380021
-372347,384021
-372347,388021
-372347,392021
-372347,396021
-372347,400021
-372347,404021
-372347,408021
-372347,412021
-372347,416021
-372347,420021
-372347,424021
-372347,428021
-372347,432021
-372347,436021
-372347,440021
-372347,444021
-372347,448021
-372347,452021
-372347,456021
-372347,460021
-372347,464021
-372347,468021
-372347,472021
-372347,476021
-372347,480021
-372347,484021
-372347,488021
-372347,492021
-372347,496021
-372347,500021
-372347,504021
-372347,508021
-372347,512021
-372347,516021
-372347,520021
-372347,524021
-372347,528021
-372347,532021
-372347,536021
-372347,540021
-372347,544021
-372347,548021
-372347,552021
-372347,556021
-372347,560021
-372347,564021
-372347,568021
-372347,572021
-372347,576021
-372347,580021
-372347,584021
-372347,588021
-372347,592021
-372347,596021
-372347,600021
-372347,604021
-372347,608021
-376347,92021
-376347,96021
-376347,100021
-376347,104021
-376347,108021
-376347,112021
-376347,116021
-376347,120021
-376347,124021
-376347,128021
-376347,132021
-376347,136021
-376347,140021
-376347,152021
-376347,156021
-376347,160021
-376347,164021
-376347,168021
-376347,172021
-376347,176021
-376347,180021
-376347,184021
-376347,188021
-376347,192021
-376347,196021
-376347,200021
-376347,204021
-376347,208021
-376347,212021
-376347,216021
-376347,220021
-376347,224021
-376347,228021
-376347,232021
-376347,236021
-376347,240021
-376347,244021
-376347,248021
-376347,252021
-376347,256021
-376347,260021
-376347,264021
-376347,268021
-376347,272021
-376347,276021
-376347,280021
-376347,284021
-376347,288021
-376347,292021
-376347,296021
-376347,300021
-376347,304021
-376347,308021
-376347,312021
-376347,316021
-376347,320021
-376347,324021
-376347,328021
-376347,332021
-376347,336021
-376347,340021
-376347,344021
-376347,348021
-376347,352021
-376347,356021
-376347,360021
-376347,364021
-376347,368021
-376347,372021
-376347,376021
-376347,380021
-376347,384021
-376347,388021
-376347,392021
-376347,396021
-376347,400021
-376347,404021
-376347,408021
-376347,412021
-376347,416021
-376347,420021
-376347,424021
-376347,428021
-376347,432021
-376347,436021
-376347,440021
-376347,444021
-376347,448021
-376347,452021
-376347,456021
-376347,460021
-376347,464021
-376347,468021
-376347,472021
-376347,476021
-376347,480021
-376347,484021
-376347,488021
-376347,492021
-376347,496021
-376347,500021
-376347,504021
-376347,508021
-376347,512021
-376347,516021
-376347,520021
-376347,524021
-376347,528021
-376347,532021
-376347,536021
-376347,540021
-376347,544021
-376347,548021
-376347,552021
-376347,556021
-376347,560021
-376347,564021
-376347,568021
-376347,572021
-376347,576021
-376347,580021
-376347,584021
-376347,588021
-376347,592021
-376347,596021
-376347,600021
-376347,604021
-380347,100021
-380347,104021
-380347,108021
-380347,112021
-380347,116021
-380347,120021
-380347,124021
-380347,128021
-380347,160021
-380347,164021
-380347,168021
-380347,172021
-380347,176021
-380347,180021
-380347,184021
-380347,188021
-380347,192021
-380347,196021
-380347,200021
-380347,204021
-380347,208021
-380347,212021
-380347,216021
-380347,220021
-380347,224021
-380347,228021
-380347,232021
-380347,236021
-380347,240021
-380347,244021
-380347,248021
-380347,252021
-380347,256021
-380347,260021
-380347,264021
-380347,268021
-380347,272021
-380347,276021
-380347,280021
-380347,284021
-380347,288021
-380347,292021
-380347,296021
-380347,300021
-380347,304021
-380347,308021
-380347,312021
-380347,316021
-380347,320021
-380347,324021
-380347,328021
-380347,332021
-380347,336021
-380347,340021
-380347,344021
-380347,348021
-380347,352021
-380347,356021
-380347,360021
-380347,364021
-380347,368021
-380347,372021
-380347,376021
-380347,380021
-380347,384021
-380347,388021
-380347,392021
-380347,396021
-380347,400021
-380347,404021
-380347,408021
-380347,412021
-380347,416021
-380347,420021
-380347,424021
-380347,428021
-380347,432021
-380347,436021
-380347,440021
-380347,444021
-380347,448021
-380347,452021
-380347,456021
-380347,460021
-380347,464021
-380347,468021
-380347,472021
-380347,476021
-380347,480021
-380347,484021
-380347,488021
-380347,492021
-380347,496021
-380347,500021
-380347,504021
-380347,508021
-380347,512021
-380347,516021
-380347,520021
-380347,524021
-380347,528021
-380347,532021
-380347,536021
-380347,540021
-380347,544021
-380347,548021
-380347,552021
-380347,556021
-380347,560021
-380347,564021
-380347,568021
-380347,572021
-380347,576021
-380347,580021
-380347,584021
-380347,588021
-380347,592021
-380347,596021
-380347,600021
-380347,604021
-384347,108021
-384347,112021
-384347,116021
-384347,120021
-384347,160021
-384347,164021
-384347,168021
-384347,172021
-384347,176021
-384347,180021
-384347,184021
-384347,188021
-384347,192021
-384347,196021
-384347,200021
-384347,204021
-384347,208021
-384347,212021
-384347,216021
-384347,220021
-384347,224021
-384347,228021
-384347,232021
-384347,236021
-384347,240021
-384347,244021
-384347,248021
-384347,252021
-384347,256021
-384347,260021
-384347,264021
-384347,268021
-384347,272021
-384347,276021
-384347,280021
-384347,284021
-384347,288021
-384347,292021
-384347,296021
-384347,300021
-384347,304021
-384347,308021
-384347,312021
-384347,316021
-384347,320021
-384347,324021
-384347,328021
-384347,332021
-384347,336021
-384347,340021
-384347,344021
-384347,348021
-384347,352021
-384347,356021
-384347,360021
-384347,364021
-384347,368021
-384347,372021
-384347,376021
-384347,380021
-384347,384021
-384347,388021
-384347,392021
-384347,396021
-384347,400021
-384347,404021
-384347,408021
-384347,412021
-384347,416021
-384347,420021
-384347,424021
-384347,428021
-384347,432021
-384347,436021
-384347,440021
-384347,444021
-384347,448021
-384347,452021
-384347,456021
-384347,460021
-384347,464021
-384347,468021
-384347,472021
-384347,476021
-384347,480021
-384347,484021
-384347,488021
-384347,492021
-384347,496021
-384347,500021
-384347,504021
-384347,508021
-384347,512021
-384347,516021
-384347,520021
-384347,524021
-384347,528021
-384347,532021
-384347,536021
-384347,540021
-384347,544021
-384347,548021
-384347,552021
-384347,556021
-384347,560021
-384347,564021
-384347,568021
-384347,572021
-384347,576021
-384347,580021
-384347,584021
-384347,588021
-384347,592021
-384347,596021
-388347,160021
-388347,164021
-388347,168021
-388347,172021
-388347,176021
-388347,180021
-388347,184021
-388347,188021
-388347,192021
-388347,196021
-388347,200021
-388347,204021
-388347,208021
-388347,212021
-388347,216021
-388347,220021
-388347,224021
-388347,228021
-388347,232021
-388347,236021
-388347,240021
-388347,244021
-388347,248021
-388347,252021
-388347,256021
-388347,260021
-388347,264021
-388347,268021
-388347,272021
-388347,276021
-388347,280021
-388347,284021
-388347,288021
-388347,292021
-388347,296021
-388347,300021
-388347,304021
-388347,308021
-388347,312021
-388347,316021
-388347,320021
-388347,324021
-388347,328021
-388347,332021
-388347,336021
-388347,340021
-388347,344021
-388347,348021
-388347,352021
-388347,356021
-388347,360021
-388347,364021
-388347,368021
-388347,372021
-388347,376021
-388347,380021
-388347,384021
-388347,388021
-388347,392021
-388347,396021
-388347,400021
-388347,404021
-388347,408021
-388347,412021
-388347,416021
-388347,420021
-388347,424021
-388347,428021
-388347,432021
-388347,436021
-388347,440021
-388347,444021
-388347,448021
-388347,452021
-388347,456021
-388347,460021
-388347,464021
-388347,468021
-388347,472021
-388347,476021
-388347,480021
-388347,484021
-388347,488021
-388347,492021
-388347,496021
-388347,500021
-388347,504021
-388347,508021
-388347,512021
-388347,516021
-388347,520021
-388347,524021
-388347,528021
-388347,532021
-388347,536021
-388347,540021
-388347,544021
-388347,548021
-388347,552021
-388347,556021
-388347,560021
-388347,564021
-388347,568021
-388347,572021
-388347,576021
-388347,580021
-388347,584021
-388347,588021
-388347,592021
-392347,164021
-392347,168021
-392347,172021
-392347,176021
-392347,180021
-392347,184021
-392347,188021
-392347,192021
-392347,196021
-392347,200021
-392347,204021
-392347,208021
-392347,212021
-392347,216021
-392347,220021
-392347,224021
-392347,228021
-392347,232021
-392347,236021
-392347,240021
-392347,244021
-392347,248021
-392347,252021
-392347,256021
-392347,260021
-392347,264021
-392347,268021
-392347,272021
-392347,276021
-392347,280021
-392347,284021
-392347,288021
-392347,292021
-392347,296021
-392347,300021
-392347,304021
-392347,308021
-392347,312021
-392347,316021
-392347,320021
-392347,324021
-392347,328021
-392347,332021
-392347,336021
-392347,340021
-392347,344021
-392347,348021
-392347,352021
-392347,356021
-392347,360021
-392347,364021
-392347,368021
-392347,372021
-392347,376021
-392347,380021
-392347,384021
-392347,388021
-392347,392021
-392347,396021
-392347,400021
-392347,404021
-392347,408021
-392347,412021
-392347,416021
-392347,420021
-392347,424021
-392347,428021
-392347,432021
-392347,436021
-392347,440021
-392347,444021
-392347,448021
-392347,452021
-392347,456021
-392347,460021
-392347,464021
-392347,468021
-392347,472021
-392347,476021
-392347,480021
-392347,484021
-392347,488021
-392347,492021
-392347,496021
-392347,500021
-392347,504021
-392347,508021
-392347,512021
-392347,516021
-392347,520021
-392347,524021
-392347,528021
-392347,532021
-392347,536021
-392347,540021
-392347,544021
-392347,548021
-392347,552021
-392347,556021
-392347,560021
-392347,564021
-392347,568021
-392347,572021
-392347,576021
-392347,580021
-392347,584021
-392347,588021
-396347,164021
-396347,168021
-396347,172021
-396347,176021
-396347,180021
-396347,184021
-396347,188021
-396347,192021
-396347,196021
-396347,200021
-396347,204021
-396347,208021
-396347,212021
-396347,216021
-396347,220021
-396347,224021
-396347,228021
-396347,232021
-396347,236021
-396347,240021
-396347,244021
-396347,248021
-396347,252021
-396347,256021
-396347,260021
-396347,264021
-396347,268021
-396347,272021
-396347,276021
-396347,280021
-396347,284021
-396347,288021
-396347,292021
-396347,296021
-396347,300021
-396347,304021
-396347,308021
-396347,312021
-396347,316021
-396347,320021
-396347,324021
-396347,328021
-396347,332021
-396347,336021
-396347,340021
-396347,344021
-396347,348021
-396347,352021
-396347,356021
-396347,360021
-396347,364021
-396347,368021
-396347,372021
-396347,376021
-396347,380021
-396347,384021
-396347,388021
-396347,392021
-396347,396021
-396347,400021
-396347,404021
-396347,408021
-396347,412021
-396347,416021
-396347,420021
-396347,424021
-396347,428021
-396347,432021
-396347,436021
-396347,440021
-396347,444021
-396347,448021
-396347,452021
-396347,456021
-396347,460021
-396347,464021
-396347,468021
-396347,472021
-396347,476021
-396347,480021
-396347,484021
-396347,488021
-396347,492021
-396347,496021
-396347,500021
-396347,504021
-396347,508021
-396347,512021
-396347,516021
-396347,520021
-396347,524021
-396347,528021
-396347,532021
-396347,536021
-396347,540021
-396347,544021
-396347,548021
-396347,552021
-396347,556021
-396347,560021
-396347,564021
-396347,568021
-396347,572021
-396347,576021
-396347,580021
-400347,164021
-400347,168021
-400347,172021
-400347,176021
-400347,180021
-400347,184021
-400347,188021
-400347,192021
-400347,196021
-400347,200021
-400347,204021
-400347,208021
-400347,212021
-400347,216021
-400347,220021
-400347,224021
-400347,228021
-400347,232021
-400347,236021
-400347,240021
-400347,244021
-400347,248021
-400347,252021
-400347,256021
-400347,260021
-400347,264021
-400347,268021
-400347,272021
-400347,276021
-400347,280021
-400347,284021
-400347,288021
-400347,292021
-400347,296021
-400347,300021
-400347,304021
-400347,308021
-400347,312021
-400347,316021
-400347,320021
-400347,324021
-400347,328021
-400347,332021
-400347,336021
-400347,340021
-400347,344021
-400347,348021
-400347,352021
-400347,356021
-400347,360021
-400347,364021
-400347,368021
-400347,372021
-400347,376021
-400347,380021
-400347,384021
-400347,388021
-400347,392021
-400347,396021
-400347,400021
-400347,404021
-400347,408021
-400347,412021
-400347,416021
-400347,420021
-400347,424021
-400347,428021
-400347,432021
-400347,436021
-400347,440021
-400347,444021
-400347,448021
-400347,452021
-400347,456021
-400347,460021
-400347,464021
-400347,468021
-400347,472021
-400347,476021
-400347,480021
-400347,484021
-400347,488021
-400347,492021
-400347,496021
-400347,500021
-400347,504021
-400347,508021
-400347,512021
-400347,516021
-400347,520021
-400347,524021
-400347,528021
-400347,532021
-400347,536021
-400347,540021
-400347,544021
-400347,548021
-400347,552021
-400347,556021
-400347,560021
-400347,564021
-400347,568021
-400347,572021
-400347,576021
-404347,164021
-404347,168021
-404347,172021
-404347,176021
-404347,180021
-404347,184021
-404347,188021
-404347,192021
-404347,196021
-404347,200021
-404347,204021
-404347,208021
-404347,212021
-404347,216021
-404347,220021
-404347,224021
-404347,228021
-404347,232021
-404347,236021
-404347,240021
-404347,244021
-404347,248021
-404347,252021
-404347,256021
-404347,260021
-404347,264021
-404347,268021
-404347,272021
-404347,276021
-404347,280021
-404347,284021
-404347,288021
-404347,292021
-404347,296021
-404347,300021
-404347,304021
-404347,308021
-404347,312021
-404347,316021
-404347,320021
-404347,324021
-404347,328021
-404347,332021
-404347,336021
-404347,340021
-404347,344021
-404347,348021
-404347,352021
-404347,356021
-404347,360021
-404347,364021
-404347,368021
-404347,372021
-404347,376021
-404347,380021
-404347,384021
-404347,388021
-404347,392021
-404347,396021
-404347,400021
-404347,404021
-404347,408021
-404347,412021
-404347,416021
-404347,420021
-404347,424021
-404347,428021
-404347,432021
-404347,436021
-404347,440021
-404347,444021
-404347,448021
-404347,452021
-404347,456021
-404347,460021
-404347,464021
-404347,468021
-404347,472021
-404347,476021
-404347,480021
-404347,484021
-404347,488021
-404347,492021
-404347,496021
-404347,500021
-404347,504021
-404347,508021
-404347,512021
-404347,516021
-404347,520021
-404347,524021
-404347,528021
-404347,532021
-404347,536021
-404347,540021
-404347,544021
-404347,548021
-404347,552021
-404347,556021
-404347,560021
-404347,564021
-404347,568021
-404347,572021
-408347,168021
-408347,172021
-408347,176021
-408347,180021
-408347,184021
-408347,188021
-408347,192021
-408347,196021
-408347,200021
-408347,204021
-408347,208021
-408347,212021
-408347,216021
-408347,220021
-408347,224021
-408347,228021
-408347,232021
-408347,236021
-408347,240021
-408347,244021
-408347,248021
-408347,252021
-408347,256021
-408347,260021
-408347,264021
-408347,268021
-408347,272021
-408347,276021
-408347,280021
-408347,284021
-408347,288021
-408347,292021
-408347,296021
-408347,300021
-408347,304021
-408347,308021
-408347,312021
-408347,316021
-408347,320021
-408347,324021
-408347,328021
-408347,332021
-408347,336021
-408347,340021
-408347,344021
-408347,348021
-408347,352021
-408347,356021
-408347,360021
-408347,364021
-408347,368021
-408347,372021
-408347,376021
-408347,380021
-408347,384021
-408347,388021
-408347,392021
-408347,396021
-408347,400021
-408347,404021
-408347,408021
-408347,412021
-408347,416021
-408347,420021
-408347,424021
-408347,428021
-408347,432021
-408347,436021
-408347,440021
-408347,444021
-408347,448021
-408347,452021
-408347,456021
-408347,460021
-408347,464021
-408347,468021
-408347,472021
-408347,476021
-408347,480021
-408347,484021
-408347,488021
-408347,492021
-408347,496021
-408347,500021
-408347,504021
-408347,508021
-408347,512021
-408347,516021
-408347,520021
-408347,524021
-408347,528021
-408347,532021
-408347,536021
-408347,540021
-408347,544021
-408347,548021
-408347,552021
-408347,556021
-408347,560021
-408347,564021
-412347,172021
-412347,176021
-412347,180021
-412347,184021
-412347,188021
-412347,192021
-412347,196021
-412347,200021
-412347,220021
-412347,224021
-412347,228021
-412347,232021
-412347,236021
-412347,240021
-412347,244021
-412347,248021
-412347,252021
-412347,256021
-412347,260021
-412347,264021
-412347,268021
-412347,272021
-412347,276021
-412347,280021
-412347,284021
-412347,288021
-412347,292021
-412347,296021
-412347,300021
-412347,304021
-412347,308021
-412347,312021
-412347,316021
-412347,320021
-412347,324021
-412347,328021
-412347,332021
-412347,336021
-412347,340021
-412347,344021
-412347,348021
-412347,352021
-412347,356021
-412347,360021
-412347,364021
-412347,368021
-412347,372021
-412347,376021
-412347,380021
-412347,384021
-412347,388021
-412347,392021
-412347,396021
-412347,400021
-412347,404021
-412347,408021
-412347,412021
-412347,416021
-412347,420021
-412347,424021
-412347,428021
-412347,432021
-412347,436021
-412347,440021
-412347,444021
-412347,448021
-412347,452021
-412347,456021
-412347,460021
-412347,464021
-412347,468021
-412347,472021
-412347,476021
-412347,480021
-412347,484021
-412347,488021
-412347,492021
-412347,496021
-412347,500021
-412347,504021
-412347,508021
-412347,512021
-412347,516021
-412347,520021
-412347,524021
-412347,528021
-412347,532021
-412347,536021
-412347,540021
-412347,544021
-412347,548021
-412347,552021
-416347,176021
-416347,180021
-416347,184021
-416347,188021
-416347,192021
-416347,196021
-416347,200021
-416347,228021
-416347,232021
-416347,236021
-416347,240021
-416347,244021
-416347,248021
-416347,252021
-416347,256021
-416347,260021
-416347,264021
-416347,268021
-416347,272021
-416347,276021
-416347,280021
-416347,284021
-416347,288021
-416347,292021
-416347,296021
-416347,300021
-416347,304021
-416347,308021
-416347,312021
-416347,316021
-416347,320021
-416347,324021
-416347,328021
-416347,332021
-416347,336021
-416347,340021
-416347,344021
-416347,348021
-416347,352021
-416347,356021
-416347,360021
-416347,364021
-416347,368021
-416347,372021
-416347,376021
-416347,380021
-416347,384021
-416347,388021
-416347,392021
-416347,396021
-416347,400021
-416347,404021
-416347,408021
-416347,412021
-416347,416021
-416347,420021
-416347,424021
-416347,428021
-416347,432021
-416347,436021
-416347,440021
-416347,444021
-416347,448021
-416347,452021
-416347,456021
-416347,460021
-416347,464021
-416347,468021
-416347,472021
-416347,476021
-416347,480021
-416347,484021
-416347,488021
-416347,492021
-416347,496021
-416347,500021
-416347,504021
-416347,508021
-416347,512021
-416347,516021
-416347,520021
-416347,524021
-416347,528021
-416347,532021
-416347,536021
-416347,540021
-416347,544021
-416347,548021
-420347,184021
-420347,188021
-420347,192021
-420347,196021
-420347,240021
-420347,244021
-420347,248021
-420347,252021
-420347,256021
-420347,260021
-420347,264021
-420347,268021
-420347,272021
-420347,276021
-420347,280021
-420347,284021
-420347,288021
-420347,292021
-420347,296021
-420347,300021
-420347,304021
-420347,308021
-420347,312021
-420347,316021
-420347,320021
-420347,324021
-420347,328021
-420347,332021
-420347,336021
-420347,340021
-420347,344021
-420347,348021
-420347,352021
-420347,356021
-420347,360021
-420347,364021
-420347,368021
-420347,372021
-420347,376021
-420347,380021
-420347,384021
-420347,388021
-420347,392021
-420347,396021
-420347,400021
-420347,404021
-420347,408021
-420347,412021
-420347,416021
-420347,420021
-420347,424021
-420347,428021
-420347,432021
-420347,436021
-420347,440021
-420347,444021
-420347,448021
-420347,452021
-420347,456021
-420347,460021
-420347,464021
-420347,468021
-420347,472021
-420347,476021
-420347,480021
-420347,484021
-420347,488021
-420347,492021
-420347,496021
-420347,500021
-420347,504021
-420347,508021
-420347,512021
-420347,516021
-420347,520021
-420347,524021
-420347,528021
-420347,532021
-420347,536021
-420347,540021
-420347,544021
-420347,548021
-424347,184021
-424347,188021
-424347,192021
-424347,240021
-424347,244021
-424347,248021
-424347,252021
-424347,256021
-424347,260021
-424347,264021
-424347,268021
-424347,272021
-424347,276021
-424347,280021
-424347,284021
-424347,288021
-424347,292021
-424347,296021
-424347,300021
-424347,304021
-424347,308021
-424347,312021
-424347,316021
-424347,320021
-424347,324021
-424347,328021
-424347,332021
-424347,336021
-424347,340021
-424347,344021
-424347,348021
-424347,352021
-424347,356021
-424347,360021
-424347,364021
-424347,368021
-424347,372021
-424347,376021
-424347,380021
-424347,384021
-424347,388021
-424347,392021
-424347,396021
-424347,400021
-424347,404021
-424347,408021
-424347,412021
-424347,416021
-424347,420021
-424347,424021
-424347,428021
-424347,432021
-424347,436021
-424347,440021
-424347,444021
-424347,448021
-424347,452021
-424347,456021
-424347,460021
-424347,464021
-424347,468021
-424347,472021
-424347,476021
-424347,480021
-424347,484021
-424347,488021
-424347,492021
-424347,496021
-424347,500021
-424347,504021
-424347,508021
-424347,512021
-424347,516021
-424347,520021
-424347,524021
-424347,528021
-424347,532021
-424347,536021
-424347,540021
-428347,240021
-428347,244021
-428347,248021
-428347,252021
-428347,256021
-428347,260021
-428347,264021
-428347,268021
-428347,272021
-428347,276021
-428347,280021
-428347,284021
-428347,288021
-428347,292021
-428347,296021
-428347,300021
-428347,304021
-428347,308021
-428347,312021
-428347,316021
-428347,320021
-428347,324021
-428347,328021
-428347,332021
-428347,336021
-428347,340021
-428347,344021
-428347,348021
-428347,352021
-428347,356021
-428347,360021
-428347,364021
-428347,368021
-428347,372021
-428347,376021
-428347,380021
-428347,384021
-428347,388021
-428347,392021
-428347,396021
-428347,400021
-428347,404021
-428347,408021
-428347,412021
-428347,416021
-428347,420021
-428347,424021
-428347,428021
-428347,432021
-428347,448021
-428347,452021
-428347,456021
-428347,460021
-428347,464021
-428347,468021
-428347,472021
-428347,476021
-428347,480021
-428347,484021
-428347,488021
-428347,492021
-428347,496021
-428347,500021
-428347,504021
-428347,508021
-428347,512021
-428347,516021
-428347,520021
-428347,524021
-432347,248021
-432347,252021
-432347,256021
-432347,260021
-432347,264021
-432347,268021
-432347,272021
-432347,276021
-432347,280021
-432347,284021
-432347,288021
-432347,292021
-432347,296021
-432347,300021
-432347,304021
-432347,308021
-432347,312021
-432347,316021
-432347,320021
-432347,324021
-432347,328021
-432347,332021
-432347,336021
-432347,340021
-432347,344021
-432347,348021
-432347,352021
-432347,356021
-432347,360021
-432347,364021
-432347,368021
-432347,372021
-432347,376021
-432347,380021
-432347,384021
-432347,388021
-432347,392021
-432347,396021
-432347,400021
-432347,404021
-432347,408021
-432347,412021
-432347,424021
-432347,428021
-432347,452021
-432347,456021
-432347,460021
-432347,464021
-432347,468021
-432347,472021
-432347,476021
-432347,480021
-432347,484021
-432347,488021
-432347,492021
-432347,496021
-432347,500021
-432347,504021
-432347,508021
-432347,512021
-432347,516021
-436347,268021
-436347,272021
-436347,276021
-436347,280021
-436347,284021
-436347,288021
-436347,304021
-436347,308021
-436347,312021
-436347,316021
-436347,320021
-436347,324021
-436347,328021
-436347,332021
-436347,336021
-436347,340021
-436347,344021
-436347,348021
-436347,352021
-436347,356021
-436347,360021
-436347,364021
-436347,368021
-436347,372021
-436347,376021
-436347,380021
-436347,384021
-436347,388021
-436347,392021
-436347,396021
-436347,400021
-436347,404021
-436347,460021
-436347,476021
-436347,480021
-436347,484021
-436347,488021
-436347,492021
-436347,496021
-436347,500021
-436347,504021
-436347,508021
-436347,512021
-440347,276021
-440347,280021
-440347,284021
-440347,288021
-440347,304021
-440347,308021
-440347,312021
-440347,316021
-440347,320021
-440347,324021
-440347,328021
-440347,332021
-440347,336021
-440347,340021
-440347,344021
-440347,348021
-440347,352021
-440347,356021
-440347,360021
-440347,364021
-440347,368021
-440347,372021
-440347,376021
-440347,380021
-440347,384021
-440347,388021
-440347,392021
-440347,496021
-440347,500021
-440347,504021
-440347,508021
-444347,280021
-444347,284021
-444347,308021
-444347,312021
-444347,316021
-444347,320021
-444347,324021
-444347,328021
-444347,332021
-444347,336021
-444347,340021
-444347,344021
-444347,348021
-444347,352021
-444347,356021
-444347,360021
-444347,364021
-444347,368021
-444347,372021
-444347,376021
-444347,380021
-444347,384021
-448347,324021
-448347,328021
-448347,332021
-448347,336021
-448347,340021
-448347,344021
-448347,348021
-448347,352021
-448347,356021
-448347,360021
-448347,364021
-448347,368021
-452347,348021
-452347,352021
-452347,356021
-452347,360021
211652,236021
211652,244021
211652,252021
211652,260021
211652,268021
211652,276021
211652,284021
211652,292021
211652,300021
211652,308021
211652,316021
211652,324021
211652,332021
211652,340021
203652,212021
203652,220021
203652,228021
203652,236021
203652,244021
203652,252021
203652,260021
203652,268021
203652,276021
203652,284021
203652,292021
203652,300021
203652,308021
195652,204021
195652,212021
195652,220021
195652,228021
195652,236021
195652,244021
195652,252021
195652,260021
195652,268021
195652,276021
195652,284021
195652,292021
195652,300021
195652,308021
187652,180021
187652,188021
187652,196021
187652,204021
187652,212021
187652,220021
187652,228021
187652,236021
187652,244021
187652,252021
187652,260021
187652,268021
187652,276021
187652,284021
187652,292021
187652,300021
187652,308021
187652,316021
187652,324021
179652,164021
179652,172021
179652,180021
179652,188021
179652,196021
179652,204021
179652,212021
179652,220021
179652,228021
179652,236021
179652,244021
179652,252021
179652,260021
179652,276021
179652,284021
171652,76021
171652,124021
171652,132021
171652,140021
171652,148021
171652,156021
171652,164021
171652,172021
171652,180021
171652,188021
171652,196021
171652,204021
171652,212021
171652,220021
171652,228021
171652,236021
171652,244021
171652,252021
171652,260021
163652,76021
163652,116021
163652,124021
163652,132021
163652,140021
163652,148021
163652,156021
163652,164021
163652,172021
163652,180021
163652,188021
163652,196021
163652,204021
163652,212021
163652,220021
163652,228021
163652,236021
163652,244021
163652,252021
163652,260021
163652,268021
155652,84021
155652,108021
155652,116021
155652,124021
155652,132021
155652,148021
155652,156021
155652,164021
155652,172021
155652,180021
155652,188021
155652,196021
155652,204021
155652,212021
155652,220021
155652,228021
155652,236021
155652,244021
155652,252021
155652,260021
155652,268021
147652,84021
147652,92021
147652,100021
147652,108021
147652,116021
147652,124021
147652,132021
147652,140021
147652,148021
147652,156021
147652,164021
147652,172021
147652,180021
147652,188021
147652,196021
147652,204021
147652,212021
147652,220021
147652,228021
147652,236021
147652,244021
147652,252021
147652,260021
147652,268021
147652,276021
147652,284021
147652,292021
139652,84021
139652,92021
139652,100021
139652,108021
139652,116021
139652,124021
139652,132021
139652,140021
139652,148021
139652,156021
139652,164021
139652,172021
139652,180021
139652,188021
139652,196021
139652,204021
139652,212021
139652,220021
139652,228021
139652,236021
139652,244021
139652,252021
139652,260021
139652,268021
139652,276021
139652,284021
139652,292021
139652,300021
131652,68021
131652,76021
131652,84021
131652,92021
131652,100021
131652,108021
131652,116021
131652,124021
131652,132021
131652,140021
131652,148021
131652,156021
131652,164021
131652,172021
131652,180021
131652,188021
131652,196021
131652,204021
131652,212021
131652,220021
131652,228021
131652,236021
131652,244021
131652,252021
131652,260021
131652,268021
131652,276021
131652,284021
131652,292021
131652,300021
131652,308021
123652,52021
123652,60021
123652,68021
123652,76021
123652,84021
123652,92021
123652,100021
123652,108021
123652,116021
123652,124021
123652,132021
123652,140021
123652,148021
123652,156021
123652,164021
123652,172021
123652,180021
123652,188021
123652,196021
123652,204021
123652,212021
123652,220021
123652,228021
123652,236021
123652,244021
123652,252021
123652,260021
123652,268021
123652,276021
123652,284021
123652,292021
123652,300021
123652,316021
123652,324021
115652,44021
115652,52021
115652,60021
115652,76021
115652,84021
115652,92021
115652,100021
115652,108021
115652,116021
115652,124021
115652,132021
115652,140021
115652,148021
115652,156021
115652,164021
115652,172021
115652,180021
115652,188021
115652,196021
115652,204021
115652,212021
115652,220021
115652,228021
115652,236021
115652,244021
115652,252021
115652,260021
115652,268021
115652,276021
115652,284021
115652,292021
115652,324021
107652,44021
107652,52021
107652,60021
107652,68021
107652,76021
107652,84021
107652,92021
107652,100021
107652,108021
107652,116021
107652,124021
107652,132021
107652,140021
107652,148021
107652,156021
107652,164021
107652,172021
107652,180021
107652,188021
107652,196021
107652,204021
107652,212021
107652,220021
107652,228021
107652,236021
107652,244021
107652,252021
107652,260021
107652,268021
107652,276021
99652,44021
99652,52021
99652,60021
99652,68021
99652,76021
99652,84021
99652,92021
99652,100021
99652,108021
99652,116021
99652,124021
99652,132021
99652,140021
99652,148021
99652,156021
99652,164021
99652,172021
99652,180021
99652,188021
99652,196021
99652,204021
99652,212021
99652,220021
99652,228021
99652,236021
99652,244021
99652,252021
99652,260021
99652,268021
99652,276021
91652,44021
91652,52021
91652,60021
91652,68021
91652,76021
91652,84021
91652,92021
91652,100021
91652,108021
91652,116021
91652,124021
91652,132021
91652,140021
91652,148021
91652,156021
91652,164021
91652,172021
91652,180021
91652,188021
91652,196021
91652,204021
91652,212021
91652,220021
91652,228021
91652,236021
91652,244021
91652,252021
91652,260021
91652,268021
91652,276021
83652,52021
83652,60021
83652,68021
83652,76021
83652,84021
83652,92021
83652,100021
83652,108021
83652,116021
83652,124021
83652,132021
83652,140021
83652,148021
83652,156021
83652,164021
83652,172021
83652,180021
83652,188021
83652,196021
83652,204021
83652,212021
83652,220021
83652,228021
83652,236021
83652,244021
83652,252021
83652,260021
83652,268021
83652,276021
75652,44021
75652,52021
75652,60021
75652,68021
75652,76021
75652,84021
75652,92021
75652,100021
75652,108021
75652,116021
75652,124021
75652,132021
75652,140021
75652,148021
75652,156021
75652,164021
75652,172021
75652,180021
75652,188021
75652,196021
75652,204021
75652,212021
75652,220021
75652,228021
75652,236021
75652,244021
75652,252021
75652,260021
75652,268021
67652,44021
67652,52021
67652,60021
67652,68021
67652,76021
67652,84021
67652,92021
67652,100021
67652,108021
67652,116021
67652,124021
67652,132021
67652,140021
67652,148021
67652,156021
67652,164021
67652,172021
67652,180021
67652,188021
67652,196021
67652,204021
67652,212021
67652,220021
67652,228021
67652,236021
67652,244021
67652,252021
59652,68021
59652,76021
59652,84021
59652,92021
59652,100021
59652,108021
59652,116021
59652,124021
59652,132021
59652,140021
59652,148021
59652,156021
59652,164021
59652,172021
59652,180021
59652,188021
59652,196021
59652,204021
59652,212021
59652,220021
59652,228021
59652,236021
59652,244021
59652,252021
51652,68021
51652,76021
51652,84021
51652,92021
51652,100021
51652,108021
51652,116021
51652,124021
51652,132021
51652,140021
51652,148021
51652,156021
51652,164021
51652,172021
51652,180021
51652,188021
51652,196021
51652,204021
51652,212021
51652,220021
51652,228021
51652,236021
51652,244021
51652,252021
43652,68021
43652,76021
43652,84021
43652,92021
43652,100021
43652,108021
43652,116021
43652,124021
43652,132021
43652,140021
43652,148021
43652,156021
43652,164021
43652,172021
43652,180021
43652,188021
43652,196021
43652,204021
43652,212021
43652,220021
43652,228021
43652,236021
43652,244021
43652,252021
35652,60021
35652,68021
35652,76021
35652,84021
35652,92021
35652,100021
35652,108021
35652,116021
35652,132021
35652,140021
35652,188021
35652,196021
35652,220021
35652,228021
35652,236021
35652,244021
35652,252021
27652,60021
27652,68021
27652,76021
27652,92021
27652,100021
27652,108021
27652,180021
27652,188021
27652,196021
27652,204021
27652,212021
27652,228021
27652,236021
19652,84021
19652,92021
19652,172021
19652,180021
19652,188021
19652,196021
11652,172021
11652,180021
11652,220021
3652,172021
3652,180021
3652,188021
3652,196021
3652,204021
3652,212021
3652,220021
-4347,92021
-4347,100021
-4347,108021
-4347,116021
-4347,164021
-4347,172021
-4347,180021
-4347,188021
-4347,196021
-4347,204021
-4347,212021
-4347,220021
-4347,228021
-12347,92021
-12347,100021
-12347,108021
-12347,116021
-12347,124021
-12347,132021
-12347,140021
-12347,148021
-12347,156021
-12347,164021
-12347,172021
-12347,180021
-12347,188021
-12347,196021
-12347,204021
-12347,212021
-12347,220021
-12347,228021
-12347,236021
-20347,84021
-20347,92021
-20347,100021
-20347,108021
-20347,116021
-20347,124021
-20347,132021
-20347,140021
-20347,148021
-20347,156021
-20347,164021
-20347,172021
-20347,180021
-20347,188021
-20347,196021
-20347,204021
-20347,212021
-20347,220021
-20347,228021
-20347,236021
-28347,76021
-28347,84021
-28347,92021
-28347,100021
-28347,108021
-28347,116021
-28347,124021
-28347,132021
-28347,140021
-28347,148021
-28347,156021
-28347,164021
-28347,172021
-28347,180021
-28347,188021
-28347,196021
-28347,204021
-28347,212021
-28347,220021
-28347,228021
-28347,236021
-28347,244021
-36347,44021
-36347,52021
-36347,60021
-36347,68021
-36347,76021
-36347,84021
-36347,92021
-36347,100021
-36347,108021
-36347,116021
-36347,124021
-36347,132021
-36347,140021
-36347,148021
-36347,156021
-36347,164021
-36347,172021
-36347,180021
-36347,188021
-36347,196021
-36347,204021
-36347,212021
-36347,220021
-36347,228021
-36347,236021
-36347,244021
-36347,252021
-36347,284021
-44347,44021
-44347,52021
-44347,60021
-44347,68021
-44347,76021
-44347,84021
-44347,92021
-44347,100021
-44347,108021
-44347,116021
-44347,124021
-44347,132021
-44347,140021
-44347,148021
-44347,156021
-44347,164021
-44347,172021
-44347,180021
-44347,188021
-44347,196021
-44347,204021
-44347,212021
-44347,220021
-44347,228021
-44347,236021
-44347,244021
-44347,252021
-44347,260021
-44347,268021
-44347,276021
-44347,284021
-52347,44021
-52347,52021
-52347,60021
-52347,68021
-52347,76021
-52347,84021
-52347,92021
-52347,100021
-52347,108021
-52347,116021
-52347,124021
-52347,132021
-52347,140021
-52347,148021
-52347,156021
-52347,164021
-52347,172021
-52347,180021
-52347,188021
-52347,196021
-52347,204021
-52347,212021
-52347,220021
-52347,228021
-52347,236021
-52347,244021
-52347,252021
-52347,260021
-52347,268021
-52347,276021
-52347,284021
-52347,292021
-52347,300021
-60347,44021
-60347,52021
-60347,60021
-60347,68021
-60347,76021
-60347,84021
-60347,92021
-60347,100021
-60347,108021
-60347,116021
-60347,124021
-60347,132021
-60347,140021
-60347,148021
-60347,156021
-60347,164021
-60347,172021
-60347,180021
-60347,188021
-60347,196021
-60347,204021
-60347,212021
-60347,220021
-60347,228021
-60347,236021
-60347,244021
-60347,252021
-60347,260021
-60347,268021
-60347,276021
-60347,284021
-60347,292021
-60347,300021
-60347,308021
-68347,44021
-68347,52021
-68347,60021
-68347,68021
-68347,76021
-68347,84021
-68347,92021
-68347,100021
-68347,108021
-68347,116021
-68347,124021
-68347,132021
-68347,140021
-68347,148021
-68347,156021
-68347,164021
-68347,172021
-68347,180021
-68347,188021
-68347,196021
-68347,204021
-68347,212021
-68347,220021
-68347,228021
-68347,236021
-68347,244021
-68347,252021
-68347,260021
-68347,268021
-68347,276021
-68347,284021
-68347,292021
-68347,300021
-68347,308021
-68347,316021
-76347,44021
-76347,52021
-76347,60021
-76347,68021
-76347,76021
-76347,84021
-76347,92021
-76347,100021
-76347,108021
-76347,116021
-76347,124021
-76347,132021
-76347,140021
-76347,148021
-76347,156021
-76347,164021
-76347,172021
-76347,180021
-76347,188021
-76347,196021
-76347,204021
-76347,212021
-76347,220021
-76347,228021
-76347,236021
-76347,244021
-76347,252021
-76347,260021
-76347,268021
-76347,276021
-76347,284021
-76347,292021
-76347,300021
-76347,308021
-76347,316021
-76347,324021
-76347,332021
-76347,340021
-76347,348021
-84347,44021
-84347,52021
-84347,60021
-84347,68021
-84347,76021
-84347,84021
-84347,92021
-84347,100021
-84347,108021
-84347,116021
-84347,124021
-84347,132021
-84347,140021
-84347,148021
-84347,156021
-84347,164021
-84347,172021
-84347,180021
-84347,188021
-84347,196021
-84347,204021
-84347,212021
-84347,220021
-84347,228021
-84347,236021
-84347,244021
-84347,252021
-84347,260021
-84347,268021
-84347,276021
-84347,284021
-84347,292021
-84347,300021
-84347,308021
-84347,316021
-84347,324021
-84347,332021
-84347,340021
-84347,348021
-84347,356021
-84347,364021
-92347,44021
-92347,52021
-92347,60021
-92347,68021
-92347,76021
-92347,84021
-92347,92021
-92347,100021
-92347,108021
-92347,116021
-92347,124021
-92347,132021
-92347,140021
-92347,148021
-92347,156021
-92347,164021
-92347,172021
-92347,180021
-92347,188021
-92347,196021
-92347,204021
-92347,212021
-92347,220021
-92347,228021
-92347,236021
-92347,244021
-92347,252021
-92347,260021
-92347,268021
-92347,276021
-92347,284021
-92347,292021
-92347,300021
-92347,308021
-92347,316021
-92347,324021
-92347,332021
-92347,340021
-92347,348021
-92347,356021
-92347,364021
-92347,372021
-92347,380021
-100347,44021
-100347,52021
-100347,60021
-100347,68021
-100347,76021
-100347,84021
-100347,92021
-100347,100021
-100347,108021
-100347,116021
-100347,124021
-100347,132021
-100347,140021
-100347,148021
-100347,156021
-100347,164021
-100347,172021
-100347,180021
-100347,188021
-100347,196021
-100347,204021
-100347,212021
-100347,220021
-100347,228021
-100347,236021
-100347,244021
-100347,252021
-100347,260021
-100347,268021
-100347,276021
-100347,284021
-100347,292021
-100347,300021
-100347,308021
-100347,316021
-100347,324021
-100347,332021
-100347,340021
-100347,348021
-100347,356021
-100347,364021
-100347,372021
-100347,380021
-100347,388021
-108347,44021
-108347,52021
-108347,60021
-108347,68021
-108347,76021
-108347,84021
-108347,92021
-108347,100021
-108347,108021
-108347,116021
-108347,124021
-108347,132021
-108347,140021
-108347,148021
-108347,156021
-108347,164021
-108347,172021
-108347,180021
-108347,188021
-108347,196021
-108347,204021
-108347,212021
-108347,220021
-108347,228021
-108347,236021
-108347,244021
-108347,252021
-108347,260021
-108347,268021
-108347,276021
-108347,284021
-108347,292021
-108347,300021
-108347,308021
-108347,316021
-108347,324021
-108347,332021
-108347,340021
-108347,348021
-108347,356021
-108347,364021
-108347,372021
-108347,380021
-108347,388021
-108347,396021
-116347,44021
-116347,52021
-116347,60021
-116347,68021
-116347,76021
-116347,84021
-116347,92021
-116347,100021
-116347,108021
-116347,116021
-116347,124021
-116347,132021
-116347,140021
-116347,148021
-116347,156021
-116347,164021
-116347,172021
-116347,180021
-116347,188021
-116347,196021
-116347,204021
-116347,212021
-116347,220021
-116347,228021
-116347,236021
-116347,244021
-116347,252021
-116347,260021
-116347,268021
-116347,276021
-116347,284021
-116347,292021
-116347,300021
-116347,308021
-116347,316021
-116347,324021
-116347,332021
-116347,340021
-116347,348021
-116347,356021
-116347,364021
-116347,372021
-116347,380021
-116347,388021
-116347,396021
-116347,404021
-124347,44021
-124347,52021
-124347,60021
-124347,68021
-124347,76021
-124347,84021
-124347,92021
-124347,100021
-124347,108021
-124347,116021
-124347,124021
-124347,132021
-124347,140021
-124347,148021
-124347,156021
-124347,164021
-124347,172021
-124347,180021
-124347,188021
-124347,196021
-124347,204021
-124347,212021
-124347,220021
-124347,228021
-124347,236021
-124347,244021
-124347,252021
-124347,260021
-124347,268021
-124347,276021
-124347,284021
-124347,292021
-124347,300021
-124347,308021
-124347,316021
-124347,324021
-124347,332021
-124347,340021
-124347,348021
-124347,356021
-124347,364021
-124347,372021
-124347,380021
-124347,388021
-124347,396021
-124347,404021
-124347,412021
-132347,44021
-132347,52021
-132347,60021
-132347,68021
-132347,76021
-132347,84021
-132347,92021
-132347,100021
-132347,108021
-132347,116021
-132347,124021
-132347,132021
-132347,140021
-132347,148021
-132347,156021
-132347,164021
-132347,172021
-132347,180021
-132347,188021
-132347,196021
-132347,204021
-132347,212021
-132347,220021
-132347,228021
-132347,236021
-132347,244021
-132347,252021
-132347,260021
-132347,268021
-132347,276021
-132347,284021
-132347,292021
-132347,300021
-132347,308021
-132347,316021
-132347,324021
-132347,332021
-132347,340021
-132347,348021
-132347,356021
-132347,364021
-132347,372021
-132347,380021
-132347,388021
-132347,396021
-132347,404021
-132347,412021
-132347,420021
-140347,44021
-140347,52021
-140347,60021
-140347,68021
-140347,76021
-140347,84021
-140347,92021
-140347,100021
-140347,108021
-140347,116021
-140347,124021
-140347,132021
-140347,140021
-140347,148021
-140347,156021
-140347,164021
-140347,172021
-140347,180021
-140347,188021
-140347,196021
-140347,204021
-140347,212021
-140347,220021
-140347,228021
-140347,236021
-140347,244021
-140347,252021
-140347,260021
-140347,268021
-140347,276021
-140347,284021
-140347,292021
-140347,300021
-140347,308021
-140347,316021
-140347,324021
-140347,332021
-140347,340021
-140347,348021
-140347,356021
-140347,364021
-140347,372021
-140347,380021
-140347,388021
-140347,396021
-140347,404021
-140347,412021
-140347,420021
-140347,428021
-148347,44021
-148347,52021
-148347,60021
-148347,68021
-148347,76021
-148347,84021
-148347,92021
-148347,100021
-148347,108021
-148347,116021
-148347,124021
-148347,132021
-148347,140021
-148347,148021
-148347,156021
-148347,164021
-148347,172021
-148347,180021
-148347,188021
-148347,196021
-148347,204021
-148347,212021
-148347,220021
-148347,228021
-148347,236021
-148347,244021
-148347,252021
-148347,260021
-148347,268021
-148347,276021
-148347,284021
-148347,292021
-148347,300021
-148347,308021
-148347,316021
-148347,324021
-148347,332021
-148347,340021
-148347,348021
-148347,356021
-148347,364021
-148347,372021
-148347,380021
-148347,388021
-148347,396021
-148347,404021
-148347,412021
-148347,420021
-148347,428021
-148347,436021
-156347,44021
-156347,52021
-156347,60021
-156347,68021
-156347,76021
-156347,84021
-156347,92021
-156347,100021
-156347,108021
-156347,116021
-156347,124021
-156347,132021
-156347,140021
-156347,148021
-156347,156021
-156347,164021
-156347,172021
-156347,180021
-156347,188021
-156347,196021
-156347,204021
-156347,212021
-156347,220021
-156347,228021
-156347,236021
-156347,244021
-156347,252021
-156347,260021
-156347,268021
-156347,276021
-156347,284021
-156347,292021
-156347,300021
-156347,308021
-156347,316021
-156347,324021
-156347,332021
-156347,340021
-156347,348021
-156347,356021
-156347,364021
-156347,372021
-156347,380021
-156347,388021
-156347,396021
-156347,404021
-156347,412021
-156347,420021
-156347,428021
-156347,436021
-156347,444021
-156347,452021
-164347,44021
-164347,52021
-164347,60021
-164347,68021
-164347,76021
-164347,84021
-164347,92021
-164347,100021
-164347,108021
-164347,116021
-164347,124021
-164347,132021
-164347,140021
-164347,148021
-164347,156021
-164347,164021
-164347,172021
-164347,180021
-164347,188021
-164347,196021
-164347,204021
-164347,212021
-164347,220021
-164347,228021
-164347,236021
-164347,244021
-164347,252021
-164347,260021
-164347,268021
-164347,276021
-164347,284021
-164347,292021
-164347,300021
-164347,308021
-164347,316021
-164347,324021
-164347,332021
-164347,340021
-164347,348021
-164347,356021
-164347,364021
-164347,372021
-164347,380021
-164347,388021
-164347,396021
-164347,404021
-164347,412021
-164347,420021
-164347,428021
-164347,436021
-164347,444021
-164347,452021
-172347,44021
-172347,52021
-172347,60021
-172347,68021
-172347,76021
-172347,84021
-172347,92021
-172347,100021
-172347,108021
-172347,116021
-172347,124021
-172347,132021
-172347,140021
-172347,148021
-172347,156021
-172347,164021
-172347,172021
-172347,180021
-172347,188021
-172347,196021
-172347,204021
-172347,212021
-172347,220021
-172347,228021
-172347,236021
-172347,244021
-172347,252021
-172347,260021
-172347,268021
-172347,276021
-172347,284021
-172347,292021
-172347,300021
-172347,308021
-172347,316021
-172347,324021
-172347,332021
-172347,340021
-172347,348021
-172347,356021
-172347,364021
-172347,372021
-172347,380021
-172347,388021
-172347,396021
-172347,404021
-172347,412021
-172347,420021
-172347,428021
-172347,436021
-172347,444021
-172347,452021
-172347,460021
-172347,468021
-172347,476021
-180347,44021
-180347,52021
-180347,60021
-180347,68021
-180347,76021
-180347,84021
-180347,92021
-180347,100021
-180347,108021
-180347,116021
-180347,124021
-180347,132021
-180347,140021
-180347,148021
-180347,156021
-180347,164021
-180347,172021
-180347,180021
-180347,188021
-180347,196021
-180347,204021
-180347,212021
-180347,220021
-180347,228021
-180347,236021
-180347,244021
-180347,252021
-180347,260021
-180347,268021
-180347,276021
-180347,284021
-180347,292021
-180347,300021
-180347,308021
-180347,316021
-180347,324021
-180347,332021
-180347,340021
-180347,348021
-180347,356021
-180347,364021
-180347,372021
-180347,380021
-180347,388021
-180347,396021
-180347,404021
-180347,412021
-180347,420021
-180347,428021
-180347,436021
-180347,444021
-180347,452021
-180347,460021
-180347,468021
-180347,476021
-180347,484021
-188347,44021
-188347,52021
-188347,60021
-188347,68021
-188347,76021
-188347,84021
-188347,92021
-188347,100021
-188347,108021
-188347,116021
-188347,124021
-188347,132021
-188347,140021
-188347,148021
-188347,156021
-188347,164021
-188347,172021
-188347,180021
-188347,188021
-188347,196021
-188347,204021
-188347,212021
-188347,220021
-188347,228021
-188347,236021
-188347,244021
-188347,252021
-188347,260021
-188347,268021
-188347,276021
-188347,284021
-188347,292021
-188347,300021
-188347,308021
-188347,316021
-188347,324021
-188347,332021
-188347,340021
-188347,348021
-188347,356021
-188347,364021
-188347,372021
-188347,380021
-188347,388021
-188347,396021
-188347,404021
-188347,412021
-188347,420021
-188347,428021
-188347,436021
-188347,444021
-188347,452021
-188347,460021
-188347,468021
-188347,476021
-188347,484021
-196347,44021
-196347,52021
-196347,60021
-196347,68021
-196347,76021
-196347,84021
-196347,92021
-196347,100021
-196347,108021
-196347,116021
-196347,124021
-196347,132021
-196347,140021
-196347,148021
-196347,156021
-196347,164021
-196347,172021
-196347,180021
-196347,188021
-196347,196021
-196347,204021
-196347,212021
-196347,220021
-196347,228021
-196347,236021
-196347,244021
-196347,252021
-196347,260021
-196347,268021
-196347,276021
-196347,284021
-196347,292021
-196347,300021
-196347,308021
-196347,316021
-196347,324021
-196347,332021
-196347,340021
-196347,348021
-196347,356021
-196347,364021
-196347,372021
-196347,380021
-196347,388021
-196347,396021
-196347,404021
-196347,412021
-196347,420021
-196347,428021
-196347,436021
-196347,444021
-196347,452021
-196347,460021
-196347,468021
-196347,476021
-196347,484021
-196347,492021
-196347,500021
-196347,508021
-204347,44021
-204347,52021
-204347,60021
-204347,68021
-204347,76021
-204347,84021
-204347,92021
-204347,100021
-204347,108021
-204347,116021
-204347,124021
-204347,132021
-204347,140021
-204347,148021
-204347,156021
-204347,164021
-204347,172021
-204347,180021
-204347,188021
-204347,196021
-204347,204021
-204347,212021
-204347,220021
-204347,228021
-204347,236021
-204347,244021
-204347,252021
-204347,260021
-204347,268021
-204347,276021
-204347,284021
-204347,292021
-204347,300021
-204347,308021
-204347,316021
-204347,324021
-204347,332021
-204347,340021
-204347,348021
-204347,356021
-204347,364021
-204347,372021
-204347,380021
-204347,388021
-204347,396021
-204347,404021
-204347,412021
-204347,420021
-204347,428021
-204347,436021
-204347,444021
-204347,452021
-204347,460021
-204347,468021
-204347,476021
-204347,484021
-204347,492021
-204347,500021
-204347,508021
-204347,516021
-204347,524021
-204347,532021
-204347,540021
-212347,44021
-212347,52021
-212347,60021
-212347,68021
-212347,76021
-212347,84021
-212347,92021
-212347,100021
-212347,108021
-212347,116021
-212347,124021
-212347,132021
-212347,140021
-212347,148021
-212347,156021
-212347,164021
-212347,172021
-212347,180021
-212347,188021
-212347,196021
-212347,204021
-212347,212021
-212347,220021
-212347,228021
-212347,236021
-212347,244021
-212347,252021
-212347,260021
-212347,268021
-212347,276021
-212347,284021
-212347,292021
-212347,300021
-212347,308021
-212347,316021
-212347,324021
-212347,332021
-212347,340021
-212347,348021
-212347,356021
-212347,364021
-212347,372021
-212347,380021
-212347,388021
-212347,396021
-212347,404021
-212347,412021
-212347,420021
-212347,428021
-212347,436021
-212347,444021
-212347,452021
-212347,460021
-212347,468021
-212347,476021
-212347,484021
-212347,492021
-212347,500021
-212347,508021
-212347,516021
-212347,524021
-212347,532021
-212347,540021
-212347,548021
-212347,556021
-220347,44021
-220347,52021
-220347,60021
-220347,68021
-220347,76021
-220347,84021
-220347,92021
-220347,100021
-220347,108021
-220347,116021
-220347,124021
-220347,132021
-220347,140021
-220347,148021
-220347,156021
-220347,164021
-220347,172021
-220347,180021
-220347,188021
-220347,196021
-220347,204021
-220347,212021
-220347,220021
-220347,228021
-220347,236021
-220347,244021
-220347,252021
-220347,260021
-220347,268021
-220347,276021
-220347,284021
-220347,292021
-220347,300021
-220347,308021
-220347,316021
-220347,324021
-220347,332021
-220347,340021
-220347,348021
-220347,356021
-220347,364021
-220347,372021
-220347,380021
-220347,388021
-220347,396021
-220347,404021
-220347,412021
-220347,420021
-220347,428021
-220347,436021
-220347,444021
-220347,452021
-220347,460021
-220347,468021
-220347,476021
-220347,484021
-220347,492021
-220347,500021
-220347,508021
-220347,516021
-220347,524021
-220347,532021
-220347,540021
-220347,548021
-220347,556021
-228347,44021
-228347,52021
-228347,60021
-228347,68021
-228347,76021
-228347,84021
-228347,92021
-228347,100021
-228347,108021
-228347,116021
-228347,124021
-228347,132021
-228347,140021
-228347,148021
-228347,156021
-228347,164021
-228347,172021
-228347,180021
-228347,188021
-228347,196021
-228347,204021
-228347,212021
-228347,220021
-228347,228021
-228347,236021
-228347,244021
-228347,252021
-228347,260021
-228347,268021
-228347,276021
-228347,284021
-228347,292021
-228347,300021
-228347,308021
-228347,316021
-228347,324021
-228347,332021
-228347,340021
-228347,348021
-228347,356021
-228347,364021
-228347,372021
-228347,380021
-228347,388021
-228347,396021
-228347,404021
-228347,412021
-228347,420021
-228347,428021
-228347,436021
-228347,444021
-228347,452021
-228347,460021
-228347,468021
-228347,476021
-228347,484021
-228347,492021
-228347,500021
-228347,508021
-228347,516021
-228347,524021
-228347,532021
-228347,540021
-228347,548021
-228347,556021
-228347,564021
-228347,572021
-236347,44021
-236347,52021
-236347,60021
-236347,68021
-236347,76021
-236347,84021
-236347,92021
-236347,100021
-236347,108021
-236347,116021
-236347,124021
-236347,132021
-236347,140021
-236347,148021
-236347,156021
-236347,164021
-236347,172021
-236347,180021
-236347,188021
-236347,196021
-236347,204021
-236347,212021
-236347,220021
-236347,228021
-236347,236021
-236347,244021
-236347,252021
-236347,260021
-236347,268021
-236347,276021
-236347,284021
-236347,292021
-236347,300021
-236347,308021
-236347,316021
-236347,324021
-236347,332021
-236347,340021
-236347,348021
-236347,356021
-236347,364021
-236347,372021
-236347,380021
-236347,388021
-236347,396021
-236347,404021
-236347,412021
-236347,420021
-236347,428021
-236347,436021
-236347,444021
-236347,452021
-236347,460021
-236347,468021
-236347,476021
-236347,484021
-236347,492021
-236347,500021
-236347,508021
-236347,516021
-236347,524021
-236347,532021
-236347,540021
-236347,548021
-236347,556021
-236347,564021
-236347,572021
-236347,580021
-236347,588021
-244347,44021
-244347,52021
-244347,60021
-244347,68021
-244347,76021
-244347,84021
-244347,92021
-244347,100021
-244347,108021
-244347,116021
-244347,124021
-244347,132021
-244347,140021
-244347,148021
-244347,156021
-244347,164021
-244347,172021
-244347,180021
-244347,188021
-244347,196021
-244347,204021
-244347,212021
-244347,220021
-244347,228021
-244347,236021
-244347,244021
-244347,252021
-244347,260021
-244347,268021
-244347,276021
-244347,284021
-244347,292021
-244347,300021
-244347,308021
-244347,316021
-244347,324021
-244347,332021
-244347,340021
-244347,348021
-244347,356021
-244347,364021
-244347,372021
-244347,380021
-244347,388021
-244347,396021
-244347,404021
-244347,412021
-244347,420021
-244347,428021
-244347,436021
-244347,444021
-244347,452021
-244347,460021
-244347,468021
-244347,476021
-244347,484021
-244347,492021
-244347,500021
-244347,508021
-244347,516021
-244347,524021
-244347,532021
-244347,540021
-244347,548021
-244347,556021
-244347,564021
-244347,572021
-244347,580021
-244347,588021
-244347,596021
-252347,44021
-252347,52021
-252347,60021
-252347,68021
-252347,76021
-252347,84021
-252347,92021
-252347,100021
-252347,108021
-252347,116021
-252347,124021
-252347,132021
-252347,140021
-252347,148021
-252347,156021
-252347,164021
-252347,172021
-252347,180021
-252347,188021
-252347,196021
-252347,204021
-252347,212021
-252347,220021
-252347,228021
-252347,236021
-252347,244021
-252347,252021
-252347,260021
-252347,268021
-252347,276021
-252347,284021
-252347,292021
-252347,300021
-252347,308021
-252347,316021
-252347,324021
-252347,332021
-252347,340021
-252347,348021
-252347,356021
-252347,364021
-252347,372021
-252347,380021
-252347,388021
-252347,396021
-252347,404021
-252347,412021
-252347,420021
-252347,428021
-252347,436021
-252347,444021
-252347,452021
-252347,460021
-252347,468021
-252347,476021
-252347,484021
-252347,492021
-252347,500021
-252347,508021
-252347,516021
-252347,524021
-252347,532021
-252347,540021
-252347,548021
-252347,556021
-252347,564021
-252347,572021
-252347,580021
-252347,588021
-252347,596021
-260347,44021
-260347,52021
-260347,60021
-260347,68021
-260347,76021
-260347,84021
-260347,92021
-260347,100021
-260347,108021
-260347,116021
-260347,124021
-260347,132021
-260347,140021
-260347,148021
-260347,156021
-260347,164021
-260347,172021
-260347,180021
-260347,188021
-260347,196021
-260347,204021
-260347,212021
-260347,220021
-260347,228021
-260347,236021
-260347,244021
-260347,252021
-260347,260021
-260347,268021
-260347,276021
-260347,284021
-260347,292021
-260347,300021
-260347,308021
-260347,316021
-260347,324021
-260347,332021
-260347,340021
-260347,348021
-260347,356021
-260347,364021
-260347,372021
-260347,380021
-260347,388021
-260347,396021
-260347,404021
-260347,412021
-260347,420021
-260347,428021
-260347,436021
-260347,444021
-260347,452021
-260347,460021
-260347,468021
-260347,476021
-260347,484021
-260347,492021
-260347,500021
-260347,508021
-260347,516021
-260347,524021
-260347,532021
-260347,540021
-260347,548021
-260347,556021
-260347,564021
-260347,572021
-260347,580021
-260347,588021
-260347,596021
-268347,44021
-268347,52021
-268347,60021
-268347,68021
-268347,76021
-268347,84021
-268347,92021
-268347,100021
-268347,108021
-268347,116021
-268347,124021
-268347,132021
-268347,140021
-268347,148021
-268347,156021
-268347,164021
-268347,172021
-268347,180021
-268347,188021
-268347,196021
-268347,204021
-268347,212021
-268347,220021
-268347,228021
-268347,236021
-268347,244021
-268347,252021
-268347,260021
-268347,268021
-268347,276021
-268347,284021
-268347,292021
-268347,300021
-268347,308021
-268347,316021
-268347,324021
-268347,332021
-268347,340021
-268347,348021
-268347,356021
-268347,364021
-268347,372021
-268347,380021
-268347,388021
-268347,396021
-268347,404021
-268347,412021
-268347,420021
-268347,428021
-268347,436021
-268347,444021
-268347,452021
-268347,460021
-268347,468021
-268347,476021
-268347,484021
-268347,492021
-268347,500021
-268347,508021
-268347,516021
-268347,524021
-268347,532021
-268347,540021
-268347,548021
-268347,556021
-268347,564021
-268347,572021
-268347,580021
-268347,588021
-268347,596021
-268347,604021
-276347,44021
-276347,52021
-276347,60021
-276347,68021
-276347,76021
-276347,84021
-276347,92021
-276347,100021
-276347,108021
-276347,116021
-276347,124021
-276347,132021
-276347,140021
-276347,148021
-276347,156021
-276347,164021
-276347,172021
-276347,180021
-276347,188021
-276347,196021
-276347,204021
-276347,212021
-276347,220021
-276347,228021
-276347,236021
-276347,244021
-276347,252021
-276347,260021
-276347,268021
-276347,276021
-276347,284021
-276347,292021
-276347,300021
-276347,308021
-276347,316021
-276347,324021
-276347,332021
-276347,340021
-276347,348021
-276347,356021
-276347,364021
-276347,372021
-276347,380021
-276347,388021
-276347,396021
-276347,404021
-276347,412021
-276347,420021
-276347,428021
-276347,436021
-276347,444021
-276347,452021
-276347,460021
-276347,468021
-276347,476021
-276347,484021
-276347,492021
-276347,500021
-276347,508021
-276347,516021
-276347,524021
-276347,532021
-276347,540021
-276347,548021
-276347,556021
-276347,564021
-276347,572021
-276347,580021
-276347,588021
-276347,596021
-276347,604021
-284347,44021
-284347,52021
-284347,60021
-284347,68021
-284347,76021
-284347,84021
-284347,92021
-284347,100021
-284347,108021
-284347,116021
-284347,124021
-284347,132021
-284347,140021
-284347,148021
-284347,156021
-284347,164021
-284347,172021
-284347,180021
-284347,188021
-284347,196021
-284347,204021
-284347,212021
-284347,220021
-284347,228021
-284347,236021
-284347,244021
-284347,252021
-284347,260021
-284347,268021
-284347,276021
-284347,284021
-284347,292021
-284347,300021
-284347,308021
-284347,316021
-284347,324021
-284347,332021
-284347,340021
-284347,348021
-284347,356021
-284347,364021
-284347,372021
-284347,380021
-284347,388021
-284347,396021
-284347,404021
-284347,412021
-284347,420021
-284347,428021
-284347,436021
-284347,444021
-284347,452021
-284347,460021
-284347,468021
-284347,476021
-284347,484021
-284347,492021
-284347,500021
-284347,508021
-284347,516021
-284347,524021
-284347,532021
-284347,540021
-284347,548021
-284347,556021
-284347,564021
-284347,572021
-284347,580021
-284347,588021
-284347,596021
-284347,604021
-284347,612021
-292347,44021
-292347,52021
-292347,60021
-292347,68021
-292347,76021
-292347,84021
-292347,92021
-292347,100021
-292347,108021
-292347,116021
-292347,124021
-292347,132021
-292347,140021
-292347,148021
-292347,156021
-292347,164021
-292347,172021
-292347,180021
-292347,188021
-292347,196021
-292347,204021
-292347,212021
-292347,220021
-292347,228021
-292347,236021
-292347,244021
-292347,252021
-292347,260021
-292347,268021
-292347,276021
-292347,284021
-292347,292021
-292347,300021
-292347,308021
-292347,316021
-292347,324021
-292347,332021
-292347,340021
-292347,348021
-292347,356021
-292347,364021
-292347,372021
-292347,380021
-292347,388021
-292347,396021
-292347,404021
-292347,412021
-292347,420021
-292347,428021
-292347,436021
-292347,444021
-292347,452021
-292347,460021
-292347,468021
-292347,476021
-292347,484021
-292347,492021
-292347,500021
-292347,508021
-292347,516021
-292347,524021
-292347,532021
-292347,540021
-292347,548021
-292347,556021
-292347,564021
-292347,572021
-292347,580021
-292347,588021
-292347,596021
-292347,604021
-292347,612021
-300347,44021
-300347,52021
-300347,60021
-300347,68021
-300347,76021
-300347,84021
-300347,92021
-300347,100021
-300347,108021
-300347,116021
-300347,124021
-300347,132021
-300347,140021
-300347,148021
-300347,156021
-300347,164021
-300347,172021
-300347,180021
-300347,188021
-300347,196021
-300347,204021
-300347,212021
-300347,220021
-300347,228021
-300347,236021
-300347,244021
-300347,252021
-300347,260021
-300347,268021
-300347,276021
-300347,284021
-300347,292021
-300347,300021
-300347,308021
-300347,316021
-300347,324021
-300347,332021
-300347,340021
-300347,348021
-300347,356021
-300347,364021
-300347,372021
-300347,380021
-300347,388021
-300347,396021
-300347,404021
-300347,412021
-300347,420021
-300347,428021
-300347,436021
-300347,444021
-300347,452021
-300347,460021
-300347,468021
-300347,476021
-300347,484021
-300347,492021
-300347,500021
-300347,508021
-300347,516021
-300347,524021
-300347,532021
-300347,540021
-300347,548021
-300347,556021
-300347,564021
-300347,572021
-300347,580021
-300347,588021
-300347,596021
-300347,604021
-300347,612021
-308347,44021
-308347,52021
-308347,60021
-308347,68021
-308347,76021
-308347,84021
-308347,92021
-308347,100021
-308347,108021
-308347,116021
-308347,124021
-308347,132021
-308347,140021
-308347,148021
-308347,156021
-308347,164021
-308347,172021
-308347,180021
-308347,188021
-308347,196021
-308347,204021
-308347,212021
-308347,220021
-308347,228021
-308347,236021
-308347,244021
-308347,252021
-308347,260021
-308347,268021
-308347,276021
-308347,284021
-308347,292021
-308347,300021
-308347,308021
-308347,316021
-308347,324021
-308347,332021
-308347,340021
-308347,348021
-308347,356021
-308347,364021
-308347,372021
-308347,380021
-308347,388021
-308347,396021
-308347,404021
-308347,412021
-308347,420021
-308347,428021
-308347,436021
-308347,444021
-308347,452021
-308347,460021
-308347,468021
-308347,476021
-308347,484021
-308347,492021
-308347,500021
-308347,508021
-308347,516021
-308347,524021
-308347,532021
-308347,540021
-308347,548021
-308347,556021
-308347,564021
-308347,572021
-308347,580021
-308347,588021
-308347,596021
-308347,604021
-308347,612021
-308347,620021
-316347,44021
-316347,52021
-316347,60021
-316347,68021
-316347,76021
-316347,84021
-316347,92021
-316347,100021
-316347,108021
-316347,116021
-316347,124021
-316347,132021
-316347,140021
-316347,148021
-316347,156021
-316347,164021
-316347,172021
-316347,180021
-316347,188021
-316347,196021
-316347,204021
-316347,212021
-316347,220021
-316347,228021
-316347,236021
-316347,244021
-316347,252021
-316347,260021
-316347,268021
-316347,276021
-316347,284021
-316347,292021
-316347,300021
-316347,308021
-316347,316021
-316347,324021
-316347,332021
-316347,340021
-316347,348021
-316347,356021
-316347,364021
-316347,372021
-316347,380021
-316347,388021
-316347,396021
-316347,404021
-316347,412021
-316347,420021
-316347,428021
-316347,436021
-316347,444021
-316347,452021
-316347,460021
-316347,468021
-316347,476021
-316347,484021
-316347,492021
-316347,500021
-316347,508021
-316347,516021
-316347,524021
-316347,532021
-316347,540021
-316347,548021
-316347,556021
-316347,564021
-316347,572021
-316347,580021
-316347,588021
-316347,596021
-316347,604021
-316347,612021
-316347,620021
-324347,44021
-324347,52021
-324347,60021
-324347,68021
-324347,76021
-324347,84021
-324347,92021
-324347,100021
-324347,108021
-324347,116021
-324347,124021
-324347,132021
-324347,140021
-324347,148021
-324347,156021
-324347,164021
-324347,172021
-324347,180021
-324347,188021
-324347,196021
-324347,204021
-324347,212021
-324347,220021
-324347,228021
-324347,236021
-324347,244021
-324347,252021
-324347,260021
-324347,268021
-324347,276021
-324347,284021
-324347,292021
-324347,300021
-324347,308021
-324347,316021
-324347,324021
-324347,332021
-324347,340021
-324347,348021
-324347,356021
-324347,364021
-324347,372021
-324347,380021
-324347,388021
-324347,396021
-324347,404021
-324347,412021
-324347,420021
-324347,428021
-324347,436021
-324347,444021
-324347,452021
-324347,460021
-324347,468021
-324347,476021
-324347,484021
-324347,492021
-324347,500021
-324347,508021
-324347,516021
-324347,524021
-324347,532021
-324347,540021
-324347,548021
-324347,556021
-324347,564021
-324347,572021
-324347,580021
-324347,588021
-324347,596021
-324347,604021
-324347,612021
-324347,620021
-324347,628021
-332347,44021
-332347,52021
-332347,60021
-332347,68021
-332347,76021
-332347,84021
-332347,92021
-332347,100021
-332347,108021
-332347,116021
-332347,124021
-332347,132021
-332347,140021
-332347,148021
-332347,156021
-332347,164021
-332347,172021
-332347,180021
-332347,188021
-332347,196021
-332347,204021
-332347,212021
-332347,220021
-332347,228021
-332347,236021
-332347,244021
-332347,252021
-332347,260021
-332347,268021
-332347,276021
-332347,284021
-332347,292021
-332347,300021
-332347,308021
-332347,316021
-332347,324021
-332347,332021
-332347,340021
-332347,348021
-332347,356021
-332347,364021
-332347,372021
-332347,380021
-332347,388021
-332347,396021
-332347,404021
-332347,412021
-332347,420021
-332347,428021
-332347,436021
-332347,444021
-332347,452021
-332347,460021
-332347,468021
-332347,476021
-332347,484021
-332347,492021
-332347,500021
-332347,508021
-332347,516021
-332347,524021
-332347,532021
-332347,540021
-332347,548021
-332347,556021
-332347,564021
-332347,572021
-332347,580021
-332347,588021
-332347,596021
-332347,604021
-332347,612021
-332347,620021
-332347,628021
-340347,44021
-340347,52021
-340347,76021
-340347,84021
-340347,92021
-340347,100021
-340347,108021
-340347,116021
-340347,124021
-340347,132021
-340347,140021
-340347,148021
-340347,156021
-340347,164021
-340347,172021
-340347,180021
-340347,188021
-340347,196021
-340347,204021
-340347,212021
-340347,220021
-340347,228021
-340347,236021
-340347,244021
-340347,252021
-340347,260021
-340347,268021
-340347,276021
-340347,284021
-340347,292021
-340347,300021
-340347,308021
-340347,316021
-340347,324021
-340347,332021
-340347,340021
-340347,348021
-340347,356021
-340347,364021
-340347,372021
-340347,380021
-340347,388021
-340347,396021
-340347,404021
-340347,412021
-340347,420021
-340347,428021
-340347,436021
-340347,444021
-340347,452021
-340347,460021
-340347,468021
-340347,476021
-340347,484021
-340347,492021
-340347,500021
-340347,508021
-340347,516021
-340347,524021
-340347,532021
-340347,540021
-340347,548021
-340347,556021
-340347,564021
-340347,572021
-340347,580021
-340347,588021
-340347,596021
-340347,604021
-340347,612021
-340347,620021
-348347,44021
-348347,52021
-348347,76021
-348347,84021
-348347,92021
-348347,100021
-348347,108021
-348347,116021
-348347,124021
-348347,132021
-348347,140021
-348347,148021
-348347,156021
-348347,164021
-348347,172021
-348347,180021
-348347,188021
-348347,196021
-348347,204021
-348347,212021
-348347,220021
-348347,228021
-348347,236021
-348347,244021
-348347,252021
-348347,260021
-348347,268021
-348347,276021
-348347,284021
-348347,292021
-348347,300021
-348347,308021
-348347,316021
-348347,324021
-348347,332021
-348347,340021
-348347,348021
-348347,356021
-348347,364021
-348347,372021
-348347,380021
-348347,388021
-348347,396021
-348347,404021
-348347,412021
-348347,420021
-348347,428021
-348347,436021
-348347,444021
-348347,452021
-348347,460021
-348347,468021
-348347,476021
-348347,484021
-348347,492021
-348347,500021
-348347,508021
-348347,516021
-348347,524021
-348347,532021
-348347,540021
-348347,548021
-348347,556021
-348347,564021
-348347,572021
-348347,580021
-348347,588021
-348347,596021
-348347,604021
-348347,612021
-348347,620021
-356347,76021
-356347,84021
-356347,92021
-356347,100021
-356347,108021
-356347,116021
-356347,124021
-356347,132021
-356347,140021
-356347,148021
-356347,156021
-356347,164021
-356347,172021
-356347,180021
-356347,188021
-356347,196021
-356347,204021
-356347,212021
-356347,220021
-356347,228021
-356347,236021
-356347,244021
-356347,252021
-356347,260021
-356347,268021
-356347,276021
-356347,284021
-356347,292021
-356347,300021
-356347,308021
-356347,316021
-356347,324021
-356347,332021
-356347,340021
-356347,348021
-356347,356021
-356347,364021
-356347,372021
-356347,380021
-356347,388021
-356347,396021
-356347,404021
-356347,412021
-356347,420021
-356347,428021
-356347,436021
-356347,444021
-356347,452021
-356347,460021
-356347,468021
-356347,476021
-356347,484021
-356347,492021
-356347,500021
-356347,508021
-356347,516021
-356347,524021
-356347,532021
-356347,540021
-356347,548021
-356347,556021
-356347,564021
-356347,572021
-356347,580021
-356347,588021
-356347,596021
-356347,604021
-356347,612021
-364347,84021
-364347,92021
-364347,100021
-364347,108021
-364347,116021
-364347,124021
-364347,132021
-364347,140021
-364347,148021
-364347,156021
-364347,164021
-364347,172021
-364347,180021
-364347,188021
-364347,196021
-364347,204021
-364347,212021
-364347,220021
-364347,228021
-364347,236021
-364347,244021
-364347,252021
-364347,260021
-364347,268021
-364347,276021
-364347,284021
-364347,292021
-364347,300021
-364347,308021
-364347,316021
-364347,324021
-364347,332021
-364347,340021
-364347,348021
-364347,356021
-364347,364021
-364347,372021
-364347,380021
-364347,388021
-364347,396021
-364347,404021
-364347,412021
-364347,420021
-364347,428021
-364347,436021
-364347,444021
-364347,452021
-364347,460021
-364347,468021
-364347,476021
-364347,484021
-364347,492021
-364347,500021
-364347,508021
-364347,516021
-364347,524021
-364347,532021
-364347,540021
-364347,548021
-364347,556021
-364347,564021
-364347,572021
-364347,580021
-364347,588021
-364347,596021
-364347,604021
-364347,612021
-372347,92021
-372347,100021
-372347,108021
-372347,116021
-372347,124021
-372347,132021
-372347,140021
-372347,148021
-372347,156021
-372347,164021
-372347,172021
-372347,180021
-372347,188021
-372347,196021
-372347,204021
-372347,212021
-372347,220021
-372347,228021
-372347,236021
-372347,244021
-372347,252021
-372347,260021
-372347,268021
-372347,276021
-372347,284021
-372347,292021
-372347,300021
-372347,308021
-372347,316021
-372347,324021
-372347,332021
-372347,340021
-372347,348021
-372347,356021
-372347,364021
-372347,372021
-372347,380021
-372347,388021
-372347,396021
-372347,404021
-372347,412021
-372347,420021
-372347,428021
-372347,436021
-372347,444021
-372347,452021
-372347,460021
-372347,468021
-372347,476021
-372347,484021
-372347,492021
-372347,500021
-372347,508021
-372347,516021
-372347,524021
-372347,532021
-372347,540021
-372347,548021
-372347,556021
-372347,564021
-372347,572021
-372347,580021
-372347,588021
-372347,596021
-372347,604021
-380347,100021
-380347,108021
-380347,116021
-380347,124021
-380347,164021
-380347,172021
-380347,180021
-380347,188021
-380347,196021
-380347,204021
-380347,212021
-380347,220021
-380347,228021
-380347,236021
-380347,244021
-380347,252021
-380347,260021
-380347,268021
-380347,276021
-380347,284021
-380347,292021
-380347,300021
-380347,308021
-380347,316021
-380347,324021
-380347,332021
-380347,340021
-380347,348021
-380347,356021
-380347,364021
-380347,372021
-380347,380021
-380347,388021
-380347,396021
-380347,404021
-380347,412021
-380347,420021
-380347,428021
-380347,436021
-380347,444021
-380347,452021
-380347,460021
-380347,468021
-380347,476021
-380347,484021
-380347,492021
-380347,500021
-380347,508021
-380347,516021
-380347,524021
-380347,532021
-380347,540021
-380347,548021
-380347,556021
-380347,564021
-380347,572021
-380347,580021
-380347,588021
-380347,596021
-380347,604021
-388347,164021
-388347,172021
-388347,180021
-388347,188021
-388347,196021
-388347,204021
-388347,212021
-388347,220021
-388347,228021
-388347,236021
-388347,244021
-388347,252021
-388347,260021
-388347,268021
-388347,276021
-388347,284021
-388347,292021
-388347,300021
-388347,308021
-388347,316021
-388347,324021
-388347,332021
-388347,340021
-388347,348021
-388347,356021
-388347,364021
-388347,372021
-388347,380021
-388347,388021
-388347,396021
-388347,404021
-388347,412021
-388347,420021
-388347,428021
-388347,436021
-388347,444021
-388347,452021
-388347,460021
-388347,468021
-388347,476021
-388347,484021
-388347,492021
-388347,500021
-388347,508021
-388347,516021
-388347,524021
-388347,532021
-388347,540021
-388347,548021
-388347,556021
-388347,564021
-388347,572021
-388347,580021
-388347,588021
-396347,164021
-396347,172021
-396347,180021
-396347,188021
-396347,196021
-396347,204021
-396347,212021
-396347,220021
-396347,228021
-396347,236021
-396347,244021
-396347,252021
-396347,260021
-396347,268021
-396347,276021
-396347,284021
-396347,292021
-396347,300021
-396347,308021
-396347,316021
-396347,324021
-396347,332021
-396347,340021
-396347,348021
-396347,356021
-396347,364021
-396347,372021
-396347,380021
-396347,388021
-396347,396021
-396347,404021
-396347,412021
-396347,420021
-396347,428021
-396347,436021
-396347,444021
-396347,452021
-396347,460021
-396347,468021
-396347,476021
-396347,484021
-396347,492021
-396347,500021
-396347,508021
-396347,516021
-396347,524021
-396347,532021
-396347,540021
-396347,548021
-396347,556021
-396347,564021
-396347,572021
-396347,580021
-404347,164021
-404347,172021
-404347,180021
-404347,188021
-404347,196021
-404347,204021
-404347,212021
-404347,220021
-404347,228021
-404347,236021
-404347,244021
-404347,252021
-404347,260021
-404347,268021
-404347,276021
-404347,284021
-404347,292021
-404347,300021
-404347,308021
-404347,316021
-404347,324021
-404347,332021
-404347,340021
-404347,348021
-404347,356021
-404347,364021
-404347,372021
-404347,380021
-404347,388021
-404347,396021
-404347,404021
-404347,412021
-404347,420021
-404347,428021
-404347,436021
-404347,444021
-404347,452021
-404347,460021
-404347,468021
-404347,476021
-404347,484021
-404347,492021
-404347,500021
-404347,508021
-404347,516021
-404347,524021
-404347,532021
-404347,540021
-404347,548021
-404347,556021
-404347,564021
-404347,572021
-412347,172021
-412347,180021
-412347,188021
-412347,196021
-412347,220021
-412347,228021
-412347,236021
-412347,244021
-412347,252021
-412347,260021
-412347,268021
-412347,276021
-412347,284021
-412347,292021
-412347,300021
-412347,308021
-412347,316021
-412347,324021
-412347,332021
-412347,340021
-412347,348021
-412347,356021
-412347,364021
-412347,372021
-412347,380021
-412347,388021
-412347,396021
-412347,404021
-412347,412021
-412347,420021
-412347,428021
-412347,436021
-412347,444021
-412347,452021
-412347,460021
-412347,468021
-412347,476021
-412347,484021
-412347,492021
-412347,500021
-412347,508021
-412347,516021
-412347,524021
-412347,532021
-412347,540021
-412347,548021
-420347,188021
-420347,196021
-420347,244021
-420347,252021
-420347,260021
-420347,268021
-420347,276021
-420347,284021
-420347,292021
-420347,300021
-420347,308021
-420347,316021
-420347,324021
-420347,332021
-420347,340021
-420347,348021
-420347,356021
-420347,364021
-420347,372021
-420347,380021
-420347,388021
-420347,396021
-420347,404021
-420347,412021
-420347,420021
-420347,428021
-420347,436021
-420347,444021
-420347,452021
-420347,460021
-420347,468021
-420347,476021
-420347,484021
-420347,492021
-420347,500021
-420347,508021
-420347,516021
-420347,524021
-420347,532021
-420347,540021
-420347,548021
-428347,244021
-428347,252021
-428347,260021
-428347,268021
-428347,276021
-428347,284021
-428347,292021
-428347,300021
-428347,308021
-428347,316021
-428347,324021
-428347,332021
-428347,340021
-428347,348021
-428347,356021
-428347,364021
-428347,372021
-428347,380021
-428347,388021
-428347,396021
-428347,404021
-428347,412021
-428347,420021
-428347,428021
-428347,452021
-428347,460021
-428347,468021
-428347,476021
-428347,484021
-428347,492021
-428347,500021
-428347,508021
-428347,516021
-428347,524021
-436347,268021
-436347,276021
-436347,284021
-436347,308021
-436347,316021
-436347,324021
-436347,332021
-436347,340021
-436347,348021
-436347,356021
-436347,364021
-436347,372021
-436347,380021
-436347,388021
-436347,396021
-436347,404021
-436347,460021
-436347,476021
-436347,484021
-436347,492021
-436347,500021
-436347,508021
-444347,284021
-444347,308021
-444347,316021
-444347,324021
-444347,332021
-444347,340021
-444347,348021
-444347,356021
-444347,364021
-444347,372021
-444347,380021
-452347,348021
-452347,356021
